instance;seed;algorithm;best fitness;elapsed time in secs
"../instances/LOP/paper/N-stabu70";3632359;"PLEDA";358925.000;2514.844
"../instances/LOP/paper/N-t70w11xx";17921673;"PLEDA";222068919.000;779.873
"../instances/LOP/paper/N-t75k11xx";18128078;"PLEDA";108533.000;516.307
"../instances/LOP/paper/N-t75n11xx_250";1828731;"PLEDA";4306376.000;159455.862
"../instances/LOP/paper/N-stabu70";117113;"PLEDA";356589.000;1509.456
"../instances/LOP/paper/N-tiw56r72";531568;"PLEDA";267474.000;1251.846
"../instances/LOP/paper/N-t70w11xx";23326270;"PLEDA";220020607.000;746.622
"../instances/LOP/paper/N-t75d11xx";9997;"PLEDA";575613.000;846.705
"../instances/LOP/paper/N-be75eec";19023494;"PLEDA";233984.000;1470.740
"../instances/LOP/paper/N-be75eec";5511875;"PLEDA";233346.000;882.672
"../instances/LOP/paper/N-be75eec_150";13721458;"PLEDA";3357455.000;22945.365
"../instances/LOP/paper/N-tiw56r67";160141;"PLEDA";218758.000;1072.719
"../instances/LOP/paper/N-be75eec_250";8428251;"PLEDA";8475190.000;117896.711
"../instances/LOP/paper/N-stabu74";641522;"PLEDA";535858.000;1514.057
"../instances/LOP/paper/N-t75n11xx_250";2024454;"PLEDA";4311295.000;193470.462
"../instances/LOP/paper/N-t59b11xx_150";66767;"PLEDA";3089265.000;39272.324
"../instances/LOP/paper/N-t70f11xx";2057346;"PLEDA";357403.000;611.982
"../instances/LOP/paper/N-t59n11xx";9415085;"PLEDA";20763.000;517.647
"../instances/LOP/paper/N-tiw56n67";18521968;"PLEDA";222700.000;1075.659
"../instances/LOP/paper/N-t59n11xx";22911660;"PLEDA";20797.000;803.760
"../instances/LOP/paper/N-stabu1_150";14216538;"PLEDA";2769816.000;22393.685
"../instances/LOP/paper/N-tiw56r72";16131281;"PLEDA";267292.000;1261.616
"../instances/LOP/paper/N-tiw56r66";24024524;"PLEDA";206923.000;1075.145
"../instances/LOP/paper/N-tiw56n58";7517328;"PLEDA";124724.000;1789.337
"../instances/LOP/paper/N-t75k11xx";7316420;"PLEDA";108555.000;519.796
"../instances/LOP/paper/N-be75np";312855;"PLEDA";713262.000;1591.029
"../instances/LOP/paper/N-tiw56n58";23711961;"PLEDA";125075.000;1257.054
"../instances/LOP/paper/N-be75eec_150";2920353;"PLEDA";3349180.000;46829.444
"../instances/LOP/paper/N-tiw56n62";23818281;"PLEDA";175356.000;1254.648
"../instances/LOP/paper/N-t75d11xx";7220435;"PLEDA";569218.000;605.644
"../instances/LOP/paper/N-t65l11xx_250";17723757;"PLEDA";638500.000;204452.109
"../instances/LOP/paper/N-t75d11xx";15313182;"PLEDA";575741.000;607.573
"../instances/LOP/paper/N-t75k11xx";18125551;"PLEDA";108673.000;520.284
"../instances/LOP/paper/N-t75d11xx";4522148;"PLEDA";576558.000;1087.198
"../instances/LOP/paper/N-stabu70";25212745;"PLEDA";356571.000;1514.622
"../instances/LOP/paper/N-be75eec";113999;"PLEDA";233983.000;1462.786
"../instances/LOP/paper/N-t70f11xx";2051003;"PLEDA";358039.000;957.825
"../instances/LOP/paper/N-t70f11xx";25912352;"PLEDA";358283.000;603.566
"../instances/LOP/paper/N-tiw56n58";1291964;"PLEDA";124458.000;1068.340
"../instances/LOP/paper/N-stabu70";22522188;"PLEDA";357485.000;1518.782
"../instances/LOP/paper/N-be75eec";16319369;"PLEDA";233992.000;751.684
"../instances/LOP/paper/N-t70f11xx";1783685;"PLEDA";358653.000;515.103
"../instances/LOP/paper/N-be75oi";58805;"PLEDA";110413.000;1327.907
"../instances/LOP/paper/N-t59n11xx";20216519;"PLEDA";20714.000;690.714
"../instances/LOP/paper/N-tiw56n62";2217770;"PLEDA";176056.000;1066.811
"../instances/LOP/paper/N-t65b11xx";17628656;"PLEDA";352458.000;605.731
"../instances/LOP/paper/N-usa79";2162338;"PLEDA";1788198.000;3510.746
"../instances/LOP/paper/N-tiw56n62";491853;"PLEDA";175153.000;1066.877
"../instances/LOP/paper/N-be75np";19311056;"PLEDA";714666.000;1257.981
"../instances/LOP/paper/N-tiw56r66";2414897;"PLEDA";204228.000;2330.378
"../instances/LOP/paper/N-stabu1_150";883743;"PLEDA";2755638.000;26159.740
"../instances/LOP/paper/N-tiw56n58";2642296;"PLEDA";124884.000;2298.903
"../instances/LOP/paper/N-be75eec_150";296323;"PLEDA";3343445.000;26179.818
"../instances/LOP/paper/N-be75eec_150";8310449;"PLEDA";3338039.000;21960.057
"../instances/LOP/paper/N-t65b11xx";14921929;"PLEDA";355223.000;767.110
"../instances/LOP/paper/N-t65b11xx";12223930;"PLEDA";352543.000;954.768
"../instances/LOP/paper/N-stabu74";22624355;"PLEDA";537542.000;2563.592
"../instances/LOP/paper/N-t59n11xx";40882;"PLEDA";20759.000;963.262
"../instances/LOP/paper/N-tiw56r67";13327358;"PLEDA";218910.000;1849.918
"../instances/LOP/paper/N-tiw56r72";10729849;"PLEDA";266514.000;1606.927
"../instances/LOP/paper/N-t59b11xx_150";22819777;"PLEDA";3079035.000;22933.589
"../instances/LOP/paper/N-be75eec";10919276;"PLEDA";234909.000;888.842
"../instances/LOP/paper/N-be75tot";1682556;"PLEDA";976525.000;881.313
"../instances/LOP/paper/N-tiw56n62";23811279;"PLEDA";175902.000;1259.233
"../instances/LOP/paper/N-t70f11xx";168819;"PLEDA";357321.000;1072.072
"../instances/LOP/paper/N-tiw56r72";10727454;"PLEDA";265804.000;1976.816
"../instances/LOP/paper/N-usa79";276277;"PLEDA";1788137.000;3503.263
"../instances/LOP/paper/N-be75eec_150";5619904;"PLEDA";3340705.000;26394.175
"../instances/LOP/paper/N-tiw56n62";21121538;"PLEDA";174570.000;2140.947
"../instances/LOP/paper/N-be75eec_150";1644446;"PLEDA";3336443.000;45957.015
"../instances/LOP/paper/N-be75tot";1146153;"PLEDA";978165.000;877.474
"../instances/LOP/paper/N-t75k11xx";1911011;"PLEDA";108539.000;1090.497
"../instances/LOP/paper/N-t75k11xx";1275457;"PLEDA";108511.000;515.985
"../instances/LOP/paper/N-be75np";22023883;"PLEDA";713466.000;885.139
"../instances/LOP/paper/N-tiw56n67";1852729;"PLEDA";224598.000;1070.856
"../instances/LOP/paper/N-tiw56r66";15912714;"PLEDA";207038.000;1070.667
"../instances/LOP/paper/N-t70f11xx";1624302;"PLEDA";357506.000;1081.678
"../instances/LOP/paper/N-tiw56r72";16124925;"PLEDA";268968.000;1070.640
"../instances/LOP/paper/N-t59b11xx_150";14720010;"PLEDA";3105005.000;27131.186
"../instances/LOP/paper/N-t75k11xx";7321910;"PLEDA";108469.000;516.699
"../instances/LOP/paper/N-be75np";429818;"PLEDA";711507.000;1251.207
"../instances/LOP/paper/N-t75k11xx";2624967;"PLEDA";108539.000;958.700
"../instances/LOP/paper/N-tiw56r72";80656;"PLEDA";267083.000;1071.948
"../instances/LOP/paper/N-tiw56r67";26818357;"PLEDA";218151.000;1585.411
"../instances/LOP/paper/N-tiw56n67";2128845;"PLEDA";223408.000;1262.859
"../instances/LOP/paper/N-be75eec";1363021;"PLEDA";234022.000;753.789
"../instances/LOP/paper/N-t59b11xx_150";9330364;"PLEDA";3095285.000;26992.524
"../instances/LOP/paper/N-be75eec";2822550;"PLEDA";234057.000;1417.035
"../instances/LOP/paper/N-stabu1_150";3431554;"PLEDA";2774593.000;22607.420
"../instances/LOP/paper/N-usa79";24319499;"PLEDA";1797006.000;3080.443
"../instances/LOP/paper/N-be75eec_150";11023111;"PLEDA";3340785.000;21999.938
"../instances/LOP/paper/N-t65b11xx";20322751;"PLEDA";354430.000;609.938
"../instances/LOP/paper/N-stabu70";11714993;"PLEDA";358773.000;2007.687
"../instances/LOP/paper/N-tiw56n67";13116671;"PLEDA";224906.000;1066.286
"../instances/LOP/paper/N-tiw56r66";5120803;"PLEDA";206990.000;2301.599
"../instances/LOP/paper/N-be75tot";1955278;"PLEDA";978279.000;882.216
"../instances/LOP/paper/N-be75oi";591831;"PLEDA";110833.000;886.345
"../instances/LOP/paper/N-be75oi";1676205;"PLEDA";110671.000;883.516
"../instances/LOP/paper/N-tiw56n58";23727247;"PLEDA";125080.000;1546.053
"../instances/LOP/paper/N-tiw56n62";26527481;"PLEDA";175297.000;1264.436
"../instances/LOP/paper/N-be75oi";591127;"PLEDA";109509.000;881.314
"../instances/LOP/paper/N-t75d11xx";1824165;"PLEDA";576843.000;1087.869
"../instances/LOP/paper/N-stabu74";25321650;"PLEDA";535038.000;2118.454
"../instances/LOP/paper/N-tiw56n58";1564342;"PLEDA";124301.000;1264.394
"../instances/LOP/paper/N-t65l11xx_250";231491;"PLEDA";637084.000;219266.213
"../instances/LOP/paper/N-stabu1_150";25023844;"PLEDA";2767272.000;49416.811
"../instances/LOP/paper/N-be75oi";16725647;"PLEDA";110691.000;753.293
"../instances/LOP/paper/N-be75eec_250";24629623;"PLEDA";8495936.000;156016.598
"../instances/LOP/paper/N-tiw56r67";18716764;"PLEDA";221559.000;1075.563
"../instances/LOP/paper/N-t65l11xx_250";12326675;"PLEDA";637391.000;157630.896
"../instances/LOP/paper/N-stabu74";19932330;"PLEDA";534720.000;1519.496
"../instances/LOP/paper/N-tiw56n67";2663898;"PLEDA";222686.000;2326.237
"../instances/LOP/paper/N-tiw56r66";2404042;"PLEDA";206959.000;1796.874
"../instances/LOP/paper/N-be75tot";874822;"PLEDA";976516.000;879.939
"../instances/LOP/paper/N-t59b11xx_150";9315355;"PLEDA";3092780.000;22653.523
"../instances/LOP/paper/N-tiw56r67";10628712;"PLEDA";218720.000;1601.468
"../instances/LOP/paper/N-be75eec";5513003;"PLEDA";233401.000;886.844
"../instances/LOP/paper/N-be75oi";3227973;"PLEDA";110415.000;1589.333
"../instances/LOP/paper/N-usa79";1357201;"PLEDA";1793301.000;3077.714
"../instances/LOP/paper/N-t75k11xx";23524304;"PLEDA";108558.000;772.424
"../instances/LOP/paper/N-stabu3_250";821932;"PLEDA";11383601.000;169255.627
"../instances/LOP/paper/N-stabu75";17310994;"PLEDA";547664.000;2028.241
"../instances/LOP/paper/N-usa79";27016985;"PLEDA";1790580.000;3104.323
"../instances/LOP/paper/N-stabu70";17128106;"PLEDA";358663.000;1514.880
"../instances/LOP/paper/N-stabu3_250";14311843;"PLEDA";11389859.000;161178.996
"../instances/LOP/paper/N-tiw56n58";210366;"PLEDA";124940.000;1250.495
"../instances/LOP/paper/N-t75d11xx";459181;"PLEDA";577415.000;684.260
"../instances/LOP/paper/N-t59b11xx_150";129430;"PLEDA";3099795.000;42706.914
"../instances/LOP/paper/N-stabu1_150";6120984;"PLEDA";2775078.000;26063.477
"../instances/LOP/paper/N-tiw56r72";188335;"PLEDA";267341.000;1077.124
"../instances/LOP/paper/N-usa79";24310269;"PLEDA";1787646.000;5196.026
"../instances/LOP/paper/N-t65b11xx";23020391;"PLEDA";354749.000;605.277
"../instances/LOP/paper/N-tiw56r66";10513923;"PLEDA";206952.000;1603.424
"../instances/LOP/paper/N-t65b11xx";17630023;"PLEDA";353643.000;959.567
"../instances/LOP/paper/N-t75n11xx_250";1556392;"PLEDA";4324274.000;166176.543
"../instances/LOP/paper/N-be75eec_250";304056;"PLEDA";8470586.000;166489.265
"../instances/LOP/paper/N-usa79";2720384;"PLEDA";1787383.000;6073.017
"../instances/LOP/paper/N-tiw56r72";2698;"PLEDA";268562.000;1254.771
"../instances/LOP/paper/N-stabu70";1446363;"PLEDA";358557.000;1300.497
"../instances/LOP/paper/N-t59n11xx";672581;"PLEDA";20764.000;608.679
"../instances/LOP/paper/N-be75oi";24831310;"PLEDA";110433.000;883.474
"../instances/LOP/paper/N-t75k11xx";12731618;"PLEDA";108536.000;757.504
"../instances/LOP/paper/N-t59b11xx_150";2552201;"PLEDA";3083775.000;22848.726
"../instances/LOP/paper/N-stabu75";11925530;"PLEDA";547735.000;1512.625
"../instances/LOP/paper/N-t70w11xx";1716824;"PLEDA";222195008.000;1079.893
"../instances/LOP/paper/N-t65b11xx";6824312;"PLEDA";354478.000;606.806
"../instances/LOP/paper/N-stabu74";2262414;"PLEDA";534125.000;1306.595
"../instances/LOP/paper/N-tiw56r67";7926069;"PLEDA";219259.000;2061.461
"../instances/LOP/paper/N-be75np";13924829;"PLEDA";713799.000;1444.822
"../instances/LOP/paper/N-t65b11xx";25730675;"PLEDA";354576.000;772.209
"../instances/LOP/paper/N-stabu74";6410485;"PLEDA";533875.000;1976.315
"../instances/LOP/paper/N-t59b11xx_150";6616280;"PLEDA";3089110.000;26727.368
"../instances/LOP/paper/N-t70w11xx";2331874;"PLEDA";222334166.000;603.289
"../instances/LOP/paper/N-t70f11xx";12415489;"PLEDA";357811.000;606.881
"../instances/LOP/paper/N-t65l11xx_250";6913086;"PLEDA";635051.000;166410.764
"../instances/LOP/paper/N-tiw56r67";1066050;"PLEDA";219979.000;1952.072
"../instances/LOP/paper/N-t65l11xx_250";4210207;"PLEDA";638446.000;211751.214
"../instances/LOP/paper/N-tiw56n62";13024666;"PLEDA";175158.000;1066.020
"../instances/LOP/paper/N-t75d11xx";15331355;"PLEDA";575440.000;604.674
"../instances/LOP/paper/N-stabu70";19831744;"PLEDA";356032.000;2211.019
"../instances/LOP/paper/N-usa79";546262;"PLEDA";1791334.000;3481.434
"../instances/LOP/paper/N-tiw56n62";15730691;"PLEDA";174803.000;1708.933
"../instances/LOP/paper/N-tiw56r66";784429;"PLEDA";207031.000;1071.844
"../instances/LOP/paper/N-be75oi";324737;"PLEDA";109566.000;752.217
"../instances/LOP/paper/N-t75d11xx";20711036;"PLEDA";576752.000;753.424
"../instances/LOP/paper/N-usa79";10831092;"PLEDA";1778485.000;3452.847
"../instances/LOP/paper/N-t65b11xx";1432181;"PLEDA";353838.000;1083.263
"../instances/LOP/paper/N-be75tot";6011884;"PLEDA";976780.000;884.356
"../instances/LOP/paper/N-tiw56n67";502132;"PLEDA";224686.000;2351.773
"../instances/LOP/paper/N-tiw56n67";1582555;"PLEDA";222769.000;1842.380
"../instances/LOP/paper/N-t70f11xx";7016735;"PLEDA";358489.000;774.931
"../instances/LOP/paper/N-tiw56r67";2415530;"PLEDA";219291.000;1069.146
"../instances/LOP/paper/N-t59n11xx";1311000;"PLEDA";20809.000;833.266
"../instances/LOP/paper/N-t75d11xx";18020661;"PLEDA";575652.000;778.025
"../instances/LOP/paper/N-t75n11xx_250";26329855;"PLEDA";4332350.000;200980.762
"../instances/LOP/paper/N-t70f11xx";2326140;"PLEDA";358918.000;741.862
"../instances/LOP/paper/N-t65b11xx";2303392;"PLEDA";354230.000;1086.973
"../instances/LOP/paper/N-tiw56n62";18412550;"PLEDA";175029.000;1071.010
"../instances/LOP/paper/N-tiw56n62";4912211;"PLEDA";175821.000;2356.736
"../instances/LOP/paper/N-be75eec";217533;"PLEDA";234725.000;888.658
"../instances/LOP/paper/N-t59b11xx_150";12029697;"PLEDA";3098270.000;27091.903
"../instances/LOP/paper/N-stabu75";2275159;"PLEDA";544870.000;2217.464
"../instances/LOP/paper/N-be75eec_150";8325985;"PLEDA";3361820.000;26220.061
"../instances/LOP/paper/N-be75eec_250";21932699;"PLEDA";8476152.000;157315.713
"../instances/LOP/paper/N-be75oi";864564;"PLEDA";110352.000;880.576
"../instances/LOP/paper/N-t70w11xx";2063088;"PLEDA";223901493.000;603.326
"../instances/LOP/paper/N-stabu74";1457116;"PLEDA";534715.000;1507.083
"../instances/LOP/paper/N-t70f11xx";2326446;"PLEDA";357851.000;520.355
"../instances/LOP/paper/N-be75eec";127818;"PLEDA";233154.000;883.927
"../instances/LOP/paper/N-stabu70";9016501;"PLEDA";358607.000;2559.519
"../instances/LOP/paper/N-tiw56r72";24212620;"PLEDA";268540.000;1073.886
"../instances/LOP/paper/N-tiw56n62";7628226;"PLEDA";175415.000;1772.782
"../instances/LOP/paper/N-t59n11xx";20220782;"PLEDA";20797.000;610.754
"../instances/LOP/paper/N-be75tot";16825828;"PLEDA";976647.000;750.305
"../instances/LOP/paper/N-be75eec";826621;"PLEDA";233318.000;881.132
"../instances/LOP/paper/N-tiw56r66";26713574;"PLEDA";207277.000;2159.815
"../instances/LOP/paper/N-be75tot";1144352;"PLEDA";976650.000;1033.416
"../instances/LOP/paper/N-stabu3_250";3522487;"PLEDA";11344808.000;168962.581
"../instances/LOP/paper/N-be75np";24711482;"PLEDA";712224.000;892.696
"../instances/LOP/paper/N-usa79";816269;"PLEDA";1789204.000;3070.812
"../instances/LOP/paper/N-t59n11xx";12131971;"PLEDA";20759.000;518.060
"../instances/LOP/paper/N-be75tot";3328006;"PLEDA";975764.000;749.635
"../instances/LOP/paper/N-tiw56r72";26931616;"PLEDA";267675.000;1264.088
"../instances/LOP/paper/N-tiw56r66";21310753;"PLEDA";207540.000;1266.426
"../instances/LOP/paper/N-tiw56r72";2422230;"PLEDA";266059.000;2117.012
"../instances/LOP/paper/N-tiw56n67";506013;"PLEDA";224049.000;1070.097
"../instances/LOP/paper/N-tiw56r67";2519173;"PLEDA";218218.000;2329.286
"../instances/LOP/paper/N-tiw56r67";5215838;"PLEDA";218770.000;2302.100
"../instances/LOP/paper/N-t59b11xx_150";20126791;"PLEDA";3081080.000;26439.823
"../instances/LOP/paper/N-stabu1_150";716962;"PLEDA";2764318.000;48886.812
"../instances/LOP/paper/N-t65b11xx";25729865;"PLEDA";353838.000;519.182
"../instances/LOP/paper/N-be75tot";1413896;"PLEDA";978481.000;750.310
"../instances/LOP/paper/N-tiw56r72";1884896;"PLEDA";266399.000;1075.514
"../instances/LOP/paper/N-tiw56r67";2683893;"PLEDA";218709.000;1265.631
"../instances/LOP/paper/N-tiw56n58";18317526;"PLEDA";124949.000;1080.125
"../instances/LOP/paper/N-stabu75";25423255;"PLEDA";548315.000;1508.864
"../instances/LOP/paper/N-be75oi";194432;"PLEDA";110677.000;879.591
"../instances/LOP/paper/N-t75k11xx";1922689;"PLEDA";108526.000;946.045
"../instances/LOP/paper/N-be75tot";2223563;"PLEDA";977703.000;881.023
"../instances/LOP/paper/N-stabu70";927606;"PLEDA";355252.000;2640.114
"../instances/LOP/paper/N-stabu70";3632359;"PLEDA";358925.000;2514.844
"../instances/LOP/paper/N-t59n11xx";14828278;"PLEDA";20797.000;611.285
"../instances/LOP/paper/N-be75eec";1908009;"PLEDA";233331.000;754.303
"../instances/LOP/paper/N-t70w11xx";7126685;"PLEDA";223818906.000;606.136
"../instances/LOP/paper/N-tiw56r72";26914361;"PLEDA";267554.000;1680.531
"../instances/LOP/paper/N-stabu1_150";16919423;"PLEDA";2778514.000;26554.357
"../instances/LOP/paper/N-t59b11xx_150";22831584;"PLEDA";3098580.000;40273.705
"../instances/LOP/paper/N-be75tot";222663;"PLEDA";976425.000;1190.804
"../instances/LOP/paper/N-tiw56n62";7628011;"PLEDA";175100.000;1070.994
"../instances/LOP/paper/N-stabu70";9024741;"PLEDA";357221.000;1511.917
"../instances/LOP/paper/N-t75d11xx";20721856;"PLEDA";577105.000;603.817
"../instances/LOP/paper/N-be75oi";22127993;"PLEDA";110523.000;883.511
"../instances/LOP/paper/N-t65b11xx";6826029;"PLEDA";353184.000;757.629
"../instances/LOP/paper/N-be75tot";872356;"PLEDA";976667.000;1242.563
"../instances/LOP/paper/N-t70w11xx";7129628;"PLEDA";223672771.000;689.270
"../instances/LOP/paper/N-stabu70";17115269;"PLEDA";356499.000;2128.520
"../instances/LOP/paper/N-be75oi";24823589;"PLEDA";109733.000;880.490
"../instances/LOP/paper/N-tiw56n67";7721230;"PLEDA";224513.000;2119.643
"../instances/LOP/paper/N-stabu75";9221704;"PLEDA";544072.000;1514.678
"../instances/LOP/paper/N-t59n11xx";406300;"PLEDA";20748.000;689.940
"../instances/LOP/paper/N-stabu70";632689;"PLEDA";357664.000;1963.645
"../instances/LOP/paper/N-t70f11xx";15112442;"PLEDA";357079.000;610.230
"../instances/LOP/paper/N-t59n11xx";12121813;"PLEDA";20754.000;607.293
"../instances/LOP/paper/N-tiw56n67";2318897;"PLEDA";223776.000;2328.572
"../instances/LOP/paper/N-be75tot";1955700;"PLEDA";977792.000;1578.020
"../instances/LOP/paper/N-t65b11xx";1491065;"PLEDA";355679.000;605.634
"../instances/LOP/paper/N-t70f11xx";15115322;"PLEDA";357269.000;770.037
"../instances/LOP/paper/N-t59b11xx_150";20132754;"PLEDA";3089830.000;23113.077
"../instances/LOP/paper/N-usa79";5430340;"PLEDA";1783243.000;3484.296
"../instances/LOP/paper/N-stabu3_250";2519453;"PLEDA";11348944.000;194103.669
"../instances/LOP/paper/N-tiw56r67";2149393;"PLEDA";218770.000;1255.645
"../instances/LOP/paper/N-tiw56n62";1038751;"PLEDA";174387.000;1072.789
"../instances/LOP/paper/N-stabu75";14624502;"PLEDA";543810.000;1520.833
"../instances/LOP/paper/N-stabu74";17228629;"PLEDA";535541.000;2350.357
"../instances/LOP/paper/N-t59n11xx";17513674;"PLEDA";20759.000;775.436
"../instances/LOP/paper/N-t75d11xx";1819621;"PLEDA";575012.000;948.759
"../instances/LOP/paper/N-t75k11xx";20821217;"PLEDA";108549.000;880.328
"../instances/LOP/paper/N-be75np";852380;"PLEDA";713161.000;882.173
"../instances/LOP/paper/N-t70w11xx";9817108;"PLEDA";223702777.000;602.503
"../instances/LOP/paper/N-be75np";11225338;"PLEDA";710529.000;752.862
"../instances/LOP/paper/N-t59b11xx_150";14723909;"PLEDA";3082235.000;38828.133
"../instances/LOP/paper/N-t70w11xx";15218434;"PLEDA";219879575.000;610.632
"../instances/LOP/paper/N-t70w11xx";15228929;"PLEDA";223229764.000;608.023
"../instances/LOP/paper/N-be75tot";6012678;"PLEDA";977922.000;884.764
"../instances/LOP/paper/N-t75d11xx";12615101;"PLEDA";577435.000;606.787
"../instances/LOP/paper/N-tiw56r67";24125874;"PLEDA";218759.000;2142.535
"../instances/LOP/paper/N-be75np";1938727;"PLEDA";712983.000;1580.362
"../instances/LOP/paper/N-tiw56r66";15929;"PLEDA";204567.000;2145.367
"../instances/LOP/paper/N-tiw56n67";232015;"PLEDA";224816.000;1068.155
"../instances/LOP/paper/N-t75n11xx_250";744811;"PLEDA";4301998.000;157114.653
"../instances/LOP/paper/N-stabu74";3723308;"PLEDA";533644.000;1816.327
"../instances/LOP/paper/N-t59n11xx";22914164;"PLEDA";20758.000;1090.106
"../instances/LOP/paper/N-tiw56n67";2123862;"PLEDA";224551.000;1262.046
"../instances/LOP/paper/N-tiw56r67";7929119;"PLEDA";219229.000;1069.563
"../instances/LOP/paper/N-t70f11xx";25923062;"PLEDA";358277.000;520.329
"../instances/LOP/paper/N-stabu1_150";25011010;"PLEDA";2774338.000;35842.051
"../instances/LOP/paper/N-stabu74";1022290;"PLEDA";536332.000;2357.249
"../instances/LOP/paper/N-tiw56r66";26720547;"PLEDA";207437.000;2295.268
"../instances/LOP/paper/N-be75np";3131193;"PLEDA";712897.000;884.551
"../instances/LOP/paper/N-t75k11xx";46375;"PLEDA";108522.000;759.418
"../instances/LOP/paper/N-be75eec_250";11125883;"PLEDA";8504216.000;177252.305
"../instances/LOP/paper/N-be75np";5812188;"PLEDA";712490.000;884.600
"../instances/LOP/paper/N-stabu75";114896;"PLEDA";548374.000;2185.018
"../instances/LOP/paper/N-be75np";586518;"PLEDA";713343.000;880.125
"../instances/LOP/paper/N-t75d11xx";2615204;"PLEDA";577932.000;606.051
"../instances/LOP/paper/N-t70f11xx";17830996;"PLEDA";358637.000;950.997
"../instances/LOP/paper/N-stabu74";1032112;"PLEDA";533284.000;2641.579
"../instances/LOP/paper/N-t75d11xx";12613356;"PLEDA";571738.000;606.826
"../instances/LOP/paper/N-tiw56r66";186267;"PLEDA";204409.000;2155.229
"../instances/LOP/paper/N-stabu74";14530678;"PLEDA";534365.000;1519.917
"../instances/LOP/paper/N-stabu3_250";2241825;"PLEDA";11399643.000;132112.832
"../instances/LOP/paper/N-stabu75";11912147;"PLEDA";548243.000;2124.976
"../instances/LOP/paper/N-stabu70";25211978;"PLEDA";358495.000;1524.605
"../instances/LOP/paper/N-t59b11xx_150";17418072;"PLEDA";3088700.000;34891.815
"../instances/LOP/paper/N-stabu3_250";627692;"PLEDA";11360051.000;130916.292
"../instances/LOP/paper/N-stabu70";1985878;"PLEDA";358781.000;2576.042
"../instances/LOP/paper/N-tiw56r66";786588;"PLEDA";204741.000;1559.047
"../instances/LOP/paper/N-t70w11xx";4423940;"PLEDA";223938945.000;737.931
"../instances/LOP/paper/N-stabu74";9114268;"PLEDA";536503.000;2350.916
"../instances/LOP/paper/N-tiw56r66";1323993;"PLEDA";204603.000;1067.242
"../instances/LOP/paper/N-tiw56n67";2394854;"PLEDA";224699.000;1261.744
"../instances/LOP/paper/N-be75tot";24924701;"PLEDA";976055.000;755.247
"../instances/LOP/paper/N-stabu75";14615408;"PLEDA";548683.000;1511.082
"../instances/LOP/paper/N-usa79";1085217;"PLEDA";1793093.000;4742.245
"../instances/LOP/paper/N-stabu75";1735568;"PLEDA";547705.000;1516.585
"../instances/LOP/paper/N-t75k11xx";15419425;"PLEDA";108551.000;959.595
"../instances/LOP/paper/N-stabu75";6518643;"PLEDA";543834.000;1512.169
"../instances/LOP/paper/N-be75oi";19425725;"PLEDA";110514.000;1448.494
"../instances/LOP/paper/N-stabu75";111217;"PLEDA";542550.000;2528.523
"../instances/LOP/paper/N-tiw56n67";15821322;"PLEDA";224900.000;1610.292
"../instances/LOP/paper/N-t75d11xx";18023780;"PLEDA";576553.000;515.321
"../instances/LOP/paper/N-t70w11xx";26019;"PLEDA";222069465.000;609.808
"../instances/LOP/paper/N-stabu1_150";11510661;"PLEDA";2766323.000;26524.757
"../instances/LOP/paper/N-t75k11xx";1003133;"PLEDA";108539.000;763.114
"../instances/LOP/paper/N-t65l11xx_250";25816101;"PLEDA";638808.000;158928.737
"../instances/LOP/paper/N-tiw56n62";21119033;"PLEDA";175347.000;1262.994
"../instances/LOP/paper/N-be75oi";523331;"PLEDA";110623.000;1601.802
"../instances/LOP/paper/N-tiw56r72";536571;"PLEDA";267492.000;1065.335
"../instances/LOP/paper/N-tiw56n62";18422972;"PLEDA";175056.000;1075.473
"../instances/LOP/paper/N-tiw56n58";2108349;"PLEDA";125003.000;2146.081
"../instances/LOP/paper/N-be75np";853653;"PLEDA";712140.000;1439.868
"../instances/LOP/paper/N-be75eec_150";19115986;"PLEDA";3343664.000;25399.896
"../instances/LOP/paper/N-tiw56n58";15610254;"PLEDA";124373.000;1855.412
"../instances/LOP/paper/N-t59n11xx";25623112;"PLEDA";20745.000;610.337
"../instances/LOP/paper/N-tiw56r72";2632423;"PLEDA";265520.000;2329.749
"../instances/LOP/paper/N-t75k11xx";4611891;"PLEDA";108548.000;1089.244
"../instances/LOP/paper/N-t75d11xx";26121807;"PLEDA";576196.000;879.945
"../instances/LOP/paper/N-stabu75";929034;"PLEDA";546125.000;2200.495
"../instances/LOP/paper/N-be75tot";14131300;"PLEDA";976273.000;1429.252
"../instances/LOP/paper/N-be75eec_150";5611008;"PLEDA";3344092.000;26133.713
"../instances/LOP/paper/N-be75eec_250";19226660;"PLEDA";8489189.000;201689.178
"../instances/LOP/paper/N-tiw56n58";2122572;"PLEDA";124939.000;2158.678
"../instances/LOP/paper/N-t75n11xx_250";23615228;"PLEDA";4309770.000;217370.474
"../instances/LOP/paper/N-be75eec";288159;"PLEDA";234869.000;880.169
"../instances/LOP/paper/N-stabu70";3614285;"PLEDA";358789.000;1296.975
"../instances/LOP/paper/N-stabu1_150";196655;"PLEDA";2770227.000;24019.413
"../instances/LOP/paper/N-tiw56n58";12914147;"PLEDA";124795.000;1850.915
"../instances/LOP/paper/N-tiw56n62";13032209;"PLEDA";175200.000;1070.542
"../instances/LOP/paper/N-be75eec_150";21819932;"PLEDA";3340610.000;25956.409
"../instances/LOP/paper/N-t75d11xx";7230853;"PLEDA";567259.000;518.039
"../instances/LOP/paper/N-be75eec";8218806;"PLEDA";233822.000;751.114
"../instances/LOP/paper/N-stabu70";1442051;"PLEDA";357166.000;1306.100
"../instances/LOP/paper/N-stabu1_150";3424690;"PLEDA";2767757.000;40636.595
"../instances/LOP/paper/N-t59b11xx_150";392452;"PLEDA";3089565.000;53524.587
"../instances/LOP/paper/N-be75oi";1401248;"PLEDA";109585.000;751.255
"../instances/LOP/paper/N-usa79";18932679;"PLEDA";1788473.000;3097.971
"../instances/LOP/paper/N-stabu75";22711944;"PLEDA";544534.000;2535.268
"../instances/LOP/paper/N-usa79";818736;"PLEDA";1794661.000;6082.645
"../instances/LOP/paper/N-usa79";1622147;"PLEDA";1777260.000;5270.461
"../instances/LOP/paper/N-be75np";247889;"PLEDA";713380.000;884.492
"../instances/LOP/paper/N-usa79";27027324;"PLEDA";1796626.000;4583.345
"../instances/LOP/paper/N-tiw56n67";26613179;"PLEDA";224447.000;2148.877
"../instances/LOP/paper/N-be75eec";21720776;"PLEDA";234734.000;885.760
"../instances/LOP/paper/N-t70f11xx";974909;"PLEDA";358468.000;826.929
"../instances/LOP/paper/N-be75oi";868986;"PLEDA";109652.000;1429.942
"../instances/LOP/paper/N-usa79";21631226;"PLEDA";1792940.000;3507.299
"../instances/LOP/paper/N-be75eec";13617734;"PLEDA";233962.000;888.157
"../instances/LOP/paper/N-tiw56n67";10416730;"PLEDA";224005.000;1261.091
"../instances/LOP/paper/N-tiw56r67";13319630;"PLEDA";219274.000;1066.648
"../instances/LOP/paper/N-t75k11xx";1008986;"PLEDA";108530.000;607.779
"../instances/LOP/paper/N-tiw56r67";21412775;"PLEDA";218952.000;1253.628
"../instances/LOP/paper/N-t59b11xx_150";1232083;"PLEDA";3086790.000;43852.953
"../instances/LOP/paper/N-t75n11xx_250";10118622;"PLEDA";4309133.000;179146.093
"../instances/LOP/paper/N-tiw56r72";21512702;"PLEDA";268787.000;1264.281
"../instances/LOP/paper/N-stabu1_150";11511954;"PLEDA";2771557.000;21659.734
"../instances/LOP/paper/N-t70w11xx";4413435;"PLEDA";222069469.000;1082.237
"../instances/LOP/paper/N-be75np";1663845;"PLEDA";712964.000;884.373
"../instances/LOP/paper/N-t59n11xx";14819961;"PLEDA";20746.000;690.724
"../instances/LOP/paper/N-tiw56n62";15713089;"PLEDA";175779.000;1608.557
"../instances/LOP/paper/N-t59n11xx";17530955;"PLEDA";20754.000;611.068
"../instances/LOP/paper/N-tiw56r67";16015058;"PLEDA";218725.000;2129.261
"../instances/LOP/paper/N-t75d11xx";2344516;"PLEDA";577468.000;520.815
"../instances/LOP/paper/N-tiw56r66";1325287;"PLEDA";205185.000;2173.720
"../instances/LOP/paper/N-be75eec";163239;"PLEDA";232917.000;754.221
"../instances/LOP/paper/N-stabu1_150";14213783;"PLEDA";2777824.000;23718.539
"../instances/LOP/paper/N-tiw56r66";213150;"PLEDA";207246.000;1072.864
"../instances/LOP/paper/N-be75eec_250";1384782;"PLEDA";8513957.000;120553.342
"../instances/LOP/paper/N-tiw56n58";487199;"PLEDA";124227.000;1066.322
"../instances/LOP/paper/N-tiw56n67";13120414;"PLEDA";224328.000;1077.362
"../instances/LOP/paper/N-t65l11xx_250";968597;"PLEDA";638829.000;155809.498
"../instances/LOP/paper/N-be75eec_150";26427;"PLEDA";3352701.000;43918.992
"../instances/LOP/paper/N-tiw56r66";10524641;"PLEDA";206967.000;1253.758
"../instances/LOP/paper/N-be75eec";10922100;"PLEDA";232851.000;1168.665
"../instances/LOP/paper/N-usa79";18921422;"PLEDA";1784189.000;3102.438
"../instances/LOP/paper/N-be75eec_250";57719;"PLEDA";8514042.000;131216.906
"../instances/LOP/paper/N-t70w11xx";2603875;"PLEDA";222337542.000;520.720
"../instances/LOP/paper/N-be75eec_150";19124405;"PLEDA";3342269.000;43562.596
"../instances/LOP/paper/N-tiw56n58";10225127;"PLEDA";124730.000;1075.486
"../instances/LOP/paper/N-t75d11xx";9932114;"PLEDA";567128.000;738.975
"../instances/LOP/paper/N-be75np";11229325;"PLEDA";713131.000;878.222
"../instances/LOP/paper/N-t70w11xx";9811207;"PLEDA";224113931.000;740.891
"../instances/LOP/paper/N-be75np";420392;"PLEDA";713352.000;1292.568
"../instances/LOP/paper/N-t65b11xx";958497;"PLEDA";356065.000;513.046
"../instances/LOP/paper/N-t59n11xx";677426;"PLEDA";20784.000;764.413
"../instances/LOP/paper/N-stabu1_150";2232942;"PLEDA";2763124.000;22155.413
"../instances/LOP/paper/N-t70w11xx";12515832;"PLEDA";221547433.000;603.473
"../instances/LOP/paper/N-stabu1_150";6129312;"PLEDA";2758823.000;25341.934
"../instances/LOP/paper/N-t65b11xx";4122376;"PLEDA";352939.000;944.274
"../instances/LOP/paper/N-t75n11xx_250";12818618;"PLEDA";4312872.000;131067.551
"../instances/LOP/paper/N-t59b11xx_150";1205561;"PLEDA";3076135.000;23207.505
"../instances/LOP/paper/N-tiw56n62";10320103;"PLEDA";175716.000;1612.746
"../instances/LOP/paper/N-stabu74";374924;"PLEDA";536715.000;2631.334
"../instances/LOP/paper/N-stabu3_250";8916061;"PLEDA";11397525.000;130947.046
"../instances/LOP/paper/N-tiw56n62";2225642;"PLEDA";174840.000;3671.774
"../instances/LOP/paper/N-stabu1_150";19627730;"PLEDA";2768695.000;44137.211
"../instances/LOP/paper/N-be75oi";14029628;"PLEDA";110609.000;1043.738
"../instances/LOP/paper/N-be75tot";629788;"PLEDA";976095.000;1329.607
"../instances/LOP/paper/N-be75tot";24924005;"PLEDA";978332.000;887.156
"../instances/LOP/paper/N-tiw56n58";10216877;"PLEDA";124972.000;1612.905
"../instances/LOP/paper/N-be75np";220332;"PLEDA";713248.000;883.175
"../instances/LOP/paper/N-tiw56n58";7526292;"PLEDA";125087.000;1069.483
"../instances/LOP/paper/N-be75eec_150";16429448;"PLEDA";3336318.000;25896.838
"../instances/LOP/paper/N-stabu74";17211400;"PLEDA";536898.000;1511.175
"../instances/LOP/paper/N-be75tot";3324129;"PLEDA";976525.000;1442.088
"../instances/LOP/paper/N-stabu75";3820819;"PLEDA";546908.000;1909.391
"../instances/LOP/paper/N-tiw56r72";13411819;"PLEDA";267782.000;1068.684
"../instances/LOP/paper/N-stabu74";915006;"PLEDA";536523.000;1510.123
"../instances/LOP/paper/N-t75k11xx";15425817;"PLEDA";108546.000;609.875
"../instances/LOP/paper/N-be75oi";22120533;"PLEDA";109579.000;883.528
"../instances/LOP/paper/N-be75oi";1136833;"PLEDA";110424.000;749.918
"../instances/LOP/paper/N-t70f11xx";975261;"PLEDA";357799.000;938.978
"../instances/LOP/paper/N-t65l11xx_250";20418941;"PLEDA";635829.000;165960.398
"../instances/LOP/paper/N-stabu70";93458;"PLEDA";356163.000;2300.453
"../instances/LOP/paper/N-be75np";13919540;"PLEDA";713149.000;751.224
"../instances/LOP/paper/N-t65b11xx";955607;"PLEDA";353838.000;607.468
"../instances/LOP/paper/N-t65l11xx_250";15019830;"PLEDA";636965.000;154018.312
"../instances/LOP/paper/N-t70w11xx";17931390;"PLEDA";224045579.000;515.958
"../instances/LOP/paper/N-usa79";1355354;"PLEDA";1791688.000;5244.086
"../instances/LOP/paper/N-tiw56r66";18610052;"PLEDA";205022.000;1076.918
"../instances/LOP/paper/N-be75eec_150";2454944;"PLEDA";3325645.000;27255.548
"../instances/LOP/paper/N-t65b11xx";20315344;"PLEDA";354626.000;768.148
"../instances/LOP/paper/N-tiw56n67";2397610;"PLEDA";224660.000;1251.857
"../instances/LOP/paper/N-tiw56r66";517045;"PLEDA";206961.000;1067.817
"../instances/LOP/paper/N-be75np";1668118;"PLEDA";712273.000;1029.241
"../instances/LOP/paper/N-tiw56r67";2518156;"PLEDA";218907.000;1251.091
"../instances/LOP/paper/N-tiw56r72";13421807;"PLEDA";268830.000;1069.914
"../instances/LOP/paper/N-tiw56r67";5222934;"PLEDA";218639.000;1067.143
"../instances/LOP/paper/N-t65b11xx";1431423;"PLEDA";354425.000;934.131
"../instances/LOP/paper/N-t75d11xx";23413223;"PLEDA";577002.000;762.385
"../instances/LOP/paper/N-be75tot";68732;"PLEDA";976786.000;1600.433
"../instances/LOP/paper/N-tiw56n58";2648280;"PLEDA";125044.000;1973.179
"../instances/LOP/paper/N-be75eec";24416347;"PLEDA";233919.000;1259.052
"../instances/LOP/paper/N-tiw56n67";10416426;"PLEDA";224046.000;1602.597
"../instances/LOP/paper/N-tiw56n62";26526017;"PLEDA";173978.000;2327.329
"../instances/LOP/paper/N-stabu3_250";17012643;"PLEDA";11371621.000;136367.680
"../instances/LOP/paper/N-t75n11xx_250";20925917;"PLEDA";4321697.000;171126.143
"../instances/LOP/paper/N-tiw56n58";219560;"PLEDA";125024.000;1923.327
"../instances/LOP/paper/N-t70w11xx";12526135;"PLEDA";224060415.000;605.926
"../instances/LOP/paper/N-tiw56r67";1871732;"PLEDA";219465.000;2168.518
"../instances/LOP/paper/N-tiw56r72";21522693;"PLEDA";267612.000;1262.575
"../instances/LOP/paper/N-t75k11xx";20823853;"PLEDA";108533.000;605.694
"../instances/LOP/paper/N-t65b11xx";4114822;"PLEDA";354686.000;748.136
"../instances/LOP/paper/N-t70f11xx";4323545;"PLEDA";357349.000;1083.925
"../instances/LOP/paper/N-stabu3_250";11613584;"PLEDA";11394964.000;134295.206
"../instances/LOP/paper/N-tiw56r66";2427956;"PLEDA";207024.000;1065.216
"../instances/LOP/paper/N-stabu75";2542208;"PLEDA";545102.000;1309.957
"../instances/LOP/paper/N-t70f11xx";12413122;"PLEDA";354997.000;689.250
"../instances/LOP/paper/N-tiw56n67";7732184;"PLEDA";224525.000;1070.740
"../instances/LOP/paper/N-be75eec";2448788;"PLEDA";234581.000;894.718
"../instances/LOP/paper/N-tiw56n58";4830539;"PLEDA";125000.000;2140.567
"../instances/LOP/paper/N-stabu74";11829199;"PLEDA";533769.000;1511.425
"../instances/LOP/paper/N-stabu1_150";22314098;"PLEDA";2771727.000;26515.016
"../instances/LOP/paper/N-t70f11xx";4317470;"PLEDA";358310.000;737.608
"../instances/LOP/paper/N-t59n11xx";9422366;"PLEDA";20744.000;608.903
"../instances/LOP/paper/N-stabu70";22521097;"PLEDA";357800.000;1307.488
"../instances/LOP/paper/N-be75eec_150";11023850;"PLEDA";3335434.000;45386.328
"../instances/LOP/paper/N-stabu75";20026108;"PLEDA";547096.000;2223.347
"../instances/LOP/paper/N-stabu74";25316075;"PLEDA";533663.000;1531.481
"../instances/LOP/paper/N-be75oi";1137803;"PLEDA";109912.000;880.250
"../instances/LOP/paper/N-t59n11xx";1314344;"PLEDA";20748.000;1087.273
"../instances/LOP/paper/N-stabu75";6531813;"PLEDA";546325.000;2154.768
"../instances/LOP/paper/N-t70w11xx";20616556;"PLEDA";223818906.000;608.412
"../instances/LOP/paper/N-tiw56r72";8023977;"PLEDA";265816.000;1831.253
"../instances/LOP/paper/N-t59n11xx";25629436;"PLEDA";20754.000;962.387
"../instances/LOP/paper/N-t75k11xx";23527101;"PLEDA";108558.000;608.281
"../instances/LOP/paper/N-t70f11xx";7025002;"PLEDA";358910.000;607.673
"../instances/LOP/paper/N-t70w11xx";1731946;"PLEDA";221894895.000;1073.951
"../instances/LOP/paper/N-stabu74";11822646;"PLEDA";533978.000;2137.098
"../instances/LOP/paper/N-t59b11xx_150";17426763;"PLEDA";3096625.000;26814.610
"../instances/LOP/paper/N-tiw56n58";18329989;"PLEDA";124319.000;1076.158
"../instances/LOP/paper/N-stabu70";6320359;"PLEDA";358139.000;1514.705
"../instances/LOP/paper/N-usa79";16219281;"PLEDA";1791669.000;3085.297
"../instances/LOP/paper/N-stabu75";3813010;"PLEDA";545981.000;2634.581
"../instances/LOP/paper/N-t75k11xx";26211103;"PLEDA";108510.000;611.598
