instance,seed,algorithm,lambda,alpha,best fitness,best evals,elapsed time in secs
"../instances/LOP/paper/N-t75k11xx",10021736,"GS",100,0.750,108744,1782102,12.375
"../instances/LOP/paper/N-t75k11xx",1004792,"GS",100,0.750,108767,1136452,14.572
"../instances/LOP/paper/N-stabu74",1010057,"GS",100,0.750,536929,2783728,45.931
"../instances/LOP/paper/N-stabu74",1011735,"GS",100,0.750,538225,1966055,48.522
"../instances/LOP/paper/N-t75n11xx_250",10119643,"GS",100,0.750,4295081,21915410,4671.651
"../instances/LOP/paper/N-t75n11xx_250",1013076,"GS",100,0.750,4315553,57886577,8713.408
"../instances/LOP/paper/N-tiw56n58",10225639,"GS",100,0.750,124851,930085,32.812
"../instances/LOP/paper/N-tiw56n58",10230152,"GS",100,0.750,124783,1010599,38.193
"../instances/LOP/paper/N-tiw56n62",10321297,"GS",100,0.750,176093,1627003,32.617
"../instances/LOP/paper/N-tiw56n62",1035926,"GS",100,0.750,175884,1422969,37.873
"../instances/LOP/paper/N-tiw56n67",10425841,"GS",100,0.750,225235,2804115,19.809
"../instances/LOP/paper/N-tiw56n67",1048974,"GS",100,0.750,225333,2704892,32.217
"../instances/LOP/paper/N-tiw56r66",1051882,"GS",100,0.750,208477,2681304,23.033
"../instances/LOP/paper/N-tiw56r66",10528916,"GS",100,0.750,208529,460142,32.464
"../instances/LOP/paper/N-tiw56r67",10617848,"GS",100,0.750,222212,224887,32.269
"../instances/LOP/paper/N-tiw56r67",1068096,"GS",100,0.750,222215,2096711,22.703
"../instances/LOP/paper/N-tiw56r72",10720237,"GS",100,0.750,267717,2058464,31.418
"../instances/LOP/paper/N-tiw56r72",10725337,"GS",100,0.750,269251,2168734,20.048
"../instances/LOP/paper/N-usa79",1084786,"GS",100,0.750,1798007,3959626,70.458
"../instances/LOP/paper/N-usa79",1085031,"GS",100,0.750,1788892,1606904,96.206
"../instances/LOP/paper/N-be75eec",10914222,"GS",100,0.750,234209,2303151,20.944
"../instances/LOP/paper/N-be75eec",1094088,"GS",100,0.750,235023,1781295,21.755
"../instances/LOP/paper/N-be75eec_150",11010532,"GS",100,0.750,3327424,863180,1020.173
"../instances/LOP/paper/N-be75eec_150",1102258,"GS",100,0.750,3348578,2559509,700.182
"../instances/LOP/paper/N-stabu75",1110353,"GS",100,0.750,549916,2490953,46.086
"../instances/LOP/paper/N-be75eec_250",11123066,"GS",100,0.750,8520090,6547084,4706.633
"../instances/LOP/paper/N-be75eec_250",11123426,"GS",100,0.750,8527310,26815731,6790.423
"../instances/LOP/paper/N-stabu75",1114633,"GS",100,0.750,546931,1366798,49.038
"../instances/LOP/paper/N-be75np",1123630,"GS",100,0.750,715793,1683778,21.186
"../instances/LOP/paper/N-be75np",1123647,"GS",100,0.750,715541,2405732,20.764
"../instances/LOP/paper/N-be75oi",11315113,"GS",100,0.750,110926,2197981,15.066
"../instances/LOP/paper/N-be75oi",1139559,"GS",100,0.750,110907,533451,21.495
"../instances/LOP/paper/N-be75tot",11417667,"GS",100,0.750,977320,1796197,22.090
"../instances/LOP/paper/N-be75tot",11428760,"GS",100,0.750,978777,2176494,15.535
"../instances/LOP/paper/N-stabu1_150",11512926,"GS",100,0.750,2774198,4007544,1016.423
"../instances/LOP/paper/N-stabu1_150",11529465,"GS",100,0.750,2772952,9868939,1064.853
"../instances/LOP/paper/N-stabu3_250",11613300,"GS",100,0.750,11376393,55415566,4124.389
"../instances/LOP/paper/N-stabu3_250",11615165,"GS",100,0.750,11399313,44176202,7066.810
"../instances/LOP/paper/N-stabu70",11729634,"GS",100,0.750,359690,2698784,41.246
"../instances/LOP/paper/N-stabu70",11732218,"GS",100,0.750,358785,1558405,41.062
"../instances/LOP/paper/N-stabu74",11810300,"GS",100,0.750,537693,3250401,41.024
"../instances/LOP/paper/N-stabu74",11827452,"GS",100,0.750,538255,2372243,41.369
"../instances/LOP/paper/N-stabu75",11918106,"GS",100,0.750,548300,1970187,28.707
"../instances/LOP/paper/N-stabu75",1199027,"GS",100,0.750,549985,2152370,41.320
"../instances/LOP/paper/N-t59b11xx_150",12018490,"GS",100,0.750,3122960,21562019,713.599
"../instances/LOP/paper/N-t59b11xx_150",12026278,"GS",100,0.750,3106875,17880968,1190.999
"../instances/LOP/paper/N-t59n11xx",12120066,"GS",100,0.750,20860,244429,14.474
"../instances/LOP/paper/N-t59n11xx",1216961,"GS",100,0.750,20858,324281,9.176
"../instances/LOP/paper/N-t65b11xx",12222622,"GS",100,0.750,355000,1068210,14.897
"../instances/LOP/paper/N-t59b11xx_150",1227100,"GS",100,0.750,3110475,15848993,1113.934
"../instances/LOP/paper/N-t65b11xx",1229944,"GS",100,0.750,354987,1179621,9.527
"../instances/LOP/paper/N-t65l11xx_250",12319144,"GS",100,0.750,640078,52416682,8285.600
"../instances/LOP/paper/N-t65l11xx_250",1234577,"GS",100,0.750,640184,46700765,4595.545
"../instances/LOP/paper/N-t59b11xx_150",12353,"GS",100,0.750,3091545,21458907,1258.078
"../instances/LOP/paper/N-t70f11xx",12414450,"GS",100,0.750,357391,354339,15.342
"../instances/LOP/paper/N-t70f11xx",12426399,"GS",100,0.750,358847,1687166,9.326
"../instances/LOP/paper/N-t70w11xx",12518286,"GS",100,0.750,223456118,99559,9.563
"../instances/LOP/paper/N-t70w11xx",1253750,"GS",100,0.750,223802383,1807241,14.925
"../instances/LOP/paper/N-t75d11xx",12630631,"GS",100,0.750,577217,416338,9.560
"../instances/LOP/paper/N-t75d11xx",1265558,"GS",100,0.750,575972,1928599,14.989
"../instances/LOP/paper/N-t75k11xx",12722210,"GS",100,0.750,108764,1711355,15.399
"../instances/LOP/paper/N-t75k11xx",1278577,"GS",100,0.750,108799,993050,9.276
"../instances/LOP/paper/N-t75n11xx_250",12812701,"GS",100,0.750,4309954,49853626,4685.273
"../instances/LOP/paper/N-t75n11xx_250",12829670,"GS",100,0.750,4295248,25720775,4438.571
"../instances/LOP/paper/N-tiw56n58",1291945,"GS",100,0.750,124793,429924,38.615
"../instances/LOP/paper/N-tiw56n58",12926006,"GS",100,0.750,124825,665793,22.715
"../instances/LOP/paper/N-tiw56n62",13010940,"GS",100,0.750,176118,1971958,32.540
"../instances/LOP/paper/N-tiw56n62",13013876,"GS",100,0.750,176097,1920688,32.545
"../instances/LOP/paper/N-tiw56n67",13112091,"GS",100,0.750,225275,1043211,32.252
"../instances/LOP/paper/N-tiw56n67",1312142,"GS",100,0.750,225147,2141399,32.087
"../instances/LOP/paper/N-tiw56r66",13231624,"GS",100,0.750,208833,3099278,20.150
"../instances/LOP/paper/N-tiw56r66",1325317,"GS",100,0.750,208579,1753482,33.184
"../instances/LOP/paper/N-t59n11xx",1326155,"GS",100,0.750,20875,815118,14.414
"../instances/LOP/paper/N-tiw56r67",13330549,"GS",100,0.750,221825,885418,19.859
"../instances/LOP/paper/N-be75eec",13374,"GS",100,0.750,234901,188749,25.255
"../instances/LOP/paper/N-tiw56r67",1339541,"GS",100,0.750,221668,955680,19.745
"../instances/LOP/paper/N-tiw56r72",13412262,"GS",100,0.750,269725,870312,20.063
"../instances/LOP/paper/N-tiw56r72",13420301,"GS",100,0.750,269816,530408,20.003
"../instances/LOP/paper/N-usa79",13516220,"GS",100,0.750,1798138,4612949,61.617
"../instances/LOP/paper/N-usa79",13528075,"GS",100,0.750,1790735,6202517,100.590
"../instances/LOP/paper/N-be75eec",13610500,"GS",100,0.750,234992,2177326,21.138
"../instances/LOP/paper/N-be75eec",1362255,"GS",100,0.750,234179,644792,13.547
"../instances/LOP/paper/N-be75eec_150",13715167,"GS",100,0.750,3352212,21958850,1028.968
"../instances/LOP/paper/N-be75eec_150",13720860,"GS",100,0.750,3372023,6957297,851.251
"../instances/LOP/paper/N-t59n11xx",137296,"GS",100,0.750,20869,1895255,14.527
"../instances/LOP/paper/N-be75eec_250",13816454,"GS",100,0.750,8462977,37655615,8138.013
"../instances/LOP/paper/N-be75eec_250",13828719,"GS",100,0.750,8496419,2777073,3967.987
"../instances/LOP/paper/N-be75np",13930373,"GS",100,0.750,714546,1105019,24.216
"../instances/LOP/paper/N-be75np",1393546,"GS",100,0.750,716387,1151957,21.471
"../instances/LOP/paper/N-be75oi",14029642,"GS",100,0.750,111101,2219098,21.615
"../instances/LOP/paper/N-be75oi",1404350,"GS",100,0.750,109910,874025,23.875
"../instances/LOP/paper/N-be75tot",14112297,"GS",100,0.750,977536,1762271,15.534
"../instances/LOP/paper/N-be75tot",14129725,"GS",100,0.750,977346,2465518,13.711
"../instances/LOP/paper/N-t65b11xx",1414875,"GS",100,0.750,354980,806426,14.908
"../instances/LOP/paper/N-t65b11xx",1418050,"GS",100,0.750,354147,203945,15.117
"../instances/LOP/paper/N-stabu1_150",14225443,"GS",100,0.750,2772813,8748687,707.712
"../instances/LOP/paper/N-stabu1_150",1423460,"GS",100,0.750,2778689,10064281,1148.746
"../instances/LOP/paper/N-stabu3_250",14329387,"GS",100,0.750,11406348,49963699,4050.997
"../instances/LOP/paper/N-stabu3_250",1434068,"GS",100,0.750,11345317,9333032,8363.917
"../instances/LOP/paper/N-stabu70",14429209,"GS",100,0.750,359862,3388075,25.539
"../instances/LOP/paper/N-stabu70",14429335,"GS",100,0.750,359581,3150267,28.678
"../instances/LOP/paper/N-stabu74",14517354,"GS",100,0.750,538173,734117,46.619
"../instances/LOP/paper/N-stabu74",14520783,"GS",100,0.750,538035,1288893,46.373
"../instances/LOP/paper/N-stabu75",14610149,"GS",100,0.750,549434,3398403,47.646
"../instances/LOP/paper/N-stabu75",14612781,"GS",100,0.750,546333,2323996,28.533
"../instances/LOP/paper/N-t59b11xx_150",14717956,"GS",100,0.750,3109790,18591683,1007.926
"../instances/LOP/paper/N-t59b11xx_150",1477183,"GS",100,0.750,3119420,11653996,1062.138
"../instances/LOP/paper/N-t59n11xx",14825616,"GS",100,0.750,20901,1523764,9.017
"../instances/LOP/paper/N-t59n11xx",1485387,"GS",100,0.750,20812,662147,9.143
"../instances/LOP/paper/N-t65b11xx",14916962,"GS",100,0.750,355004,1554066,15.437
"../instances/LOP/paper/N-t65b11xx",1496947,"GS",100,0.750,354974,245956,14.850
"../instances/LOP/paper/N-t65l11xx_250",15013479,"GS",100,0.750,640644,35387839,4678.191
"../instances/LOP/paper/N-t65l11xx_250",15025883,"GS",100,0.750,639628,48201255,7121.123
"../instances/LOP/paper/N-t70f11xx",15124614,"GS",100,0.750,358680,1358407,9.320
"../instances/LOP/paper/N-t65l11xx_250",1514119,"GS",100,0.750,641284,5549417,8718.035
"../instances/LOP/paper/N-t70f11xx",1515640,"GS",100,0.750,359738,1574537,15.374
"../instances/LOP/paper/N-t65l11xx_250",1517096,"GS",100,0.750,637582,31606826,8667.378
"../instances/LOP/paper/N-t70w11xx",15213673,"GS",100,0.750,222090677,1906228,14.965
"../instances/LOP/paper/N-t70w11xx",15229269,"GS",100,0.750,223939274,1622774,9.539
"../instances/LOP/paper/N-t75d11xx",15327381,"GS",100,0.750,577076,1182790,15.006
"../instances/LOP/paper/N-t75d11xx",1534647,"GS",100,0.750,577109,1702935,9.555
"../instances/LOP/paper/N-t75k11xx",15414016,"GS",100,0.750,108717,572610,15.329
"../instances/LOP/paper/N-t75k11xx",15428020,"GS",100,0.750,108783,1100288,8.328
"../instances/LOP/paper/N-t75n11xx_250",1555580,"GS",100,0.750,4308533,3631650,4682.684
"../instances/LOP/paper/N-t75n11xx_250",1557225,"GS",100,0.750,4289720,57135355,4470.373
"../instances/LOP/paper/N-tiw56n58",15619732,"GS",100,0.750,124184,1765587,22.655
"../instances/LOP/paper/N-tiw56n58",156449,"GS",100,0.750,124769,3006582,20.184
"../instances/LOP/paper/N-tiw56n62",15720529,"GS",100,0.750,175274,1701515,19.858
"../instances/LOP/paper/N-tiw56n62",15724686,"GS",100,0.750,175430,1030113,20.102
"../instances/LOP/paper/N-tiw56n67",15827729,"GS",100,0.750,225366,2120844,20.015
"../instances/LOP/paper/N-tiw56n67",1585886,"GS",100,0.750,225372,3020241,20.039
"../instances/LOP/paper/N-tiw56r66",1591745,"GS",100,0.750,208500,2061547,20.183
"../instances/LOP/paper/N-tiw56r66",1593093,"GS",100,0.750,208675,2664087,22.997
"../instances/LOP/paper/N-tiw56r67",16028959,"GS",100,0.750,222224,2046761,22.737
"../instances/LOP/paper/N-tiw56r67",1606604,"GS",100,0.750,222303,3048129,38.034
"../instances/LOP/paper/N-tiw56r72",16117514,"GS",100,0.750,269728,2791848,38.039
"../instances/LOP/paper/N-tiw56r72",1614681,"GS",100,0.750,268507,2965409,22.044
"../instances/LOP/paper/N-t70f11xx",1617045,"GS",100,0.750,359750,1720185,14.549
"../instances/LOP/paper/N-usa79",16210230,"GS",100,0.750,1782836,4083105,72.048
"../instances/LOP/paper/N-usa79",16230983,"GS",100,0.750,1788890,5027280,100.609
"../instances/LOP/paper/N-t70f11xx",1630630,"GS",100,0.750,358816,849888,15.568
"../instances/LOP/paper/N-be75eec",16316183,"GS",100,0.750,234209,2027695,15.260
"../instances/LOP/paper/N-be75eec",16322483,"GS",100,0.750,234261,1199296,24.482
"../instances/LOP/paper/N-be75eec_150",16410244,"GS",100,0.750,3370280,14198524,675.376
"../instances/LOP/paper/N-be75eec_150",16426048,"GS",100,0.750,3338373,2512718,1219.784
"../instances/LOP/paper/N-be75eec_250",16511208,"GS",100,0.750,8494428,23759787,8096.148
"../instances/LOP/paper/N-be75eec_250",16515370,"GS",100,0.750,8495989,3031483,4659.797
"../instances/LOP/paper/N-be75np",16612471,"GS",100,0.750,715652,2349951,24.323
"../instances/LOP/paper/N-be75np",16622741,"GS",100,0.750,715930,2397742,15.004
"../instances/LOP/paper/N-be75oi",1677826,"GS",100,0.750,110883,2442463,14.975
"../instances/LOP/paper/N-be75oi",1679761,"GS",100,0.750,110916,481898,23.895
"../instances/LOP/paper/N-be75tot",16826889,"GS",100,0.750,978837,690183,24.549
"../instances/LOP/paper/N-be75tot",1685120,"GS",100,0.750,977279,1053952,24.869
"../instances/LOP/paper/N-stabu1_150",16917105,"GS",100,0.750,2775017,14463295,1266.172
"../instances/LOP/paper/N-stabu1_150",16932477,"GS",100,0.750,2774531,20368036,1168.342
"../instances/LOP/paper/N-stabu3_250",17016992,"GS",100,0.750,11384105,59636229,4606.574
"../instances/LOP/paper/N-stabu3_250",17028773,"GS",100,0.750,11387637,36194290,4640.336
"../instances/LOP/paper/N-stabu70",17115976,"GS",100,0.750,360628,2598108,41.314
"../instances/LOP/paper/N-stabu70",17117547,"GS",100,0.750,360050,288522,46.644
"../instances/LOP/paper/N-stabu74",17210798,"GS",100,0.750,534673,3565368,41.228
"../instances/LOP/paper/N-stabu74",1723415,"GS",100,0.750,538090,1742370,48.316
"../instances/LOP/paper/N-stabu75",17311886,"GS",100,0.750,546818,1265459,48.674
"../instances/LOP/paper/N-stabu75",17313513,"GS",100,0.750,549917,1843519,25.603
"../instances/LOP/paper/N-t70w11xx",1731769,"GS",100,0.750,221883977,842588,15.749
"../instances/LOP/paper/N-t59b11xx_150",17426771,"GS",100,0.750,3122730,12657230,622.639
"../instances/LOP/paper/N-t59b11xx_150",1747517,"GS",100,0.750,3119075,13885037,1046.911
"../instances/LOP/paper/N-t59n11xx",17520758,"GS",100,0.750,20870,427014,12.927
"../instances/LOP/paper/N-t59n11xx",17528256,"GS",100,0.750,20866,557882,14.721
"../instances/LOP/paper/N-t70w11xx",175851,"GS",100,0.750,223862233,1895507,15.381
"../instances/LOP/paper/N-t65b11xx",17612183,"GS",100,0.750,354121,1895884,8.595
"../instances/LOP/paper/N-t65b11xx",17630409,"GS",100,0.750,354990,927148,8.478
"../instances/LOP/paper/N-t65l11xx_250",17722055,"GS",100,0.750,641589,57774187,4120.929
"../instances/LOP/paper/N-t65l11xx_250",17723222,"GS",100,0.750,641573,26932853,4528.097
"../instances/LOP/paper/N-t70f11xx",17820492,"GS",100,0.750,359729,311401,15.349
"../instances/LOP/paper/N-t70f11xx",17828182,"GS",100,0.750,358980,1519380,15.189
"../instances/LOP/paper/N-be75eec",17869,"GS",100,0.750,234974,1848206,25.547
"../instances/LOP/paper/N-t70w11xx",1793656,"GS",100,0.750,221932494,161051,9.522
"../instances/LOP/paper/N-t70w11xx",1795404,"GS",100,0.750,223599020,419109,8.490
"../instances/LOP/paper/N-t75d11xx",18010013,"GS",100,0.750,576805,829550,8.549
"../instances/LOP/paper/N-t75d11xx",18023870,"GS",100,0.750,576886,665508,8.608
"../instances/LOP/paper/N-t75k11xx",18125548,"GS",100,0.750,108735,1560199,8.330
"../instances/LOP/paper/N-t75k11xx",181852,"GS",100,0.750,108722,628118,8.353
"../instances/LOP/paper/N-t75n11xx_250",18222023,"GS",100,0.750,4296156,48928804,4020.449
"../instances/LOP/paper/N-t75n11xx_250",18222193,"GS",100,0.750,4291923,44519348,4649.240
"../instances/LOP/paper/N-tiw56n58",18327722,"GS",100,0.750,124789,59056,20.207
"../instances/LOP/paper/N-tiw56n58",1836881,"GS",100,0.750,124799,1609146,22.792
"../instances/LOP/paper/N-tiw56n62",18416159,"GS",100,0.750,176013,76073,22.741
"../instances/LOP/paper/N-tiw56n62",18427075,"GS",100,0.750,176221,2092731,22.856
"../instances/LOP/paper/N-tiw56n67",18532512,"GS",100,0.750,225440,2826624,22.677
"../instances/LOP/paper/N-tiw56n67",1859651,"GS",100,0.750,225401,1518443,22.687
"../instances/LOP/paper/N-t75d11xx",18622,"GS",100,0.750,577331,1186926,15.052
"../instances/LOP/paper/N-tiw56r66",18623944,"GS",100,0.750,208291,3131876,22.573
"../instances/LOP/paper/N-tiw56r66",1867249,"GS",100,0.750,208568,1599107,32.589
"../instances/LOP/paper/N-tiw56r67",18716668,"GS",100,0.750,222181,872875,19.998
"../instances/LOP/paper/N-tiw56r67",18721473,"GS",100,0.750,222320,1212587,22.749
"../instances/LOP/paper/N-t75d11xx",188129,"GS",100,0.750,576673,1833313,15.943
"../instances/LOP/paper/N-tiw56r72",18825230,"GS",100,0.750,268364,655063,22.505
"../instances/LOP/paper/N-tiw56r72",1888202,"GS",100,0.750,269830,951970,20.034
"../instances/LOP/paper/N-usa79",18923252,"GS",100,0.750,1791552,1247135,116.393
"../instances/LOP/paper/N-usa79",18928651,"GS",100,0.750,1798417,1003535,97.859
"../instances/LOP/paper/N-be75eec",19015775,"GS",100,0.750,234224,358801,24.224
"../instances/LOP/paper/N-be75eec",19016791,"GS",100,0.750,234179,670997,21.002
"../instances/LOP/paper/N-be75eec_150",19116467,"GS",100,0.750,3330042,3376525,1011.496
"../instances/LOP/paper/N-be75eec_150",19117850,"GS",100,0.750,3338175,9658018,1192.930
"../instances/LOP/paper/N-t75k11xx",1919504,"GS",100,0.750,108793,1658807,15.358
"../instances/LOP/paper/N-be75eec_250",19215245,"GS",100,0.750,8520858,8808806,8404.468
"../instances/LOP/paper/N-be75eec_250",19219350,"GS",100,0.750,8520943,27037179,7151.465
"../instances/LOP/paper/N-t75k11xx",1929841,"GS",100,0.750,108778,328284,15.119
"../instances/LOP/paper/N-be75np",19312238,"GS",100,0.750,715847,865006,25.232
"../instances/LOP/paper/N-be75np",19317614,"GS",100,0.750,715808,1787100,24.404
"../instances/LOP/paper/N-be75oi",19414035,"GS",100,0.750,110890,1061933,23.729
"../instances/LOP/paper/N-be75oi",19424890,"GS",100,0.750,110951,971848,15.006
"../instances/LOP/paper/N-be75tot",1952007,"GS",100,0.750,977268,2430635,15.487
"../instances/LOP/paper/N-be75tot",1955826,"GS",100,0.750,978817,1161445,13.694
"../instances/LOP/paper/N-stabu1_150",19611763,"GS",100,0.750,2783926,20015081,609.157
"../instances/LOP/paper/N-stabu1_150",19612491,"GS",100,0.750,2769349,20302614,608.523
"../instances/LOP/paper/N-stabu3_250",19714931,"GS",100,0.750,11354088,11487018,4093.878
"../instances/LOP/paper/N-stabu3_250",19731651,"GS",100,0.750,11412806,55287658,8554.407
"../instances/LOP/paper/N-stabu70",19813818,"GS",100,0.750,359791,2936713,41.069
"../instances/LOP/paper/N-stabu70",19831421,"GS",100,0.750,359539,436210,41.130
"../instances/LOP/paper/N-stabu74",1992207,"GS",100,0.750,538009,1801049,41.101
"../instances/LOP/paper/N-stabu74",19930760,"GS",100,0.750,538082,2075196,48.826
"../instances/LOP/paper/N-stabu75",20024027,"GS",100,0.750,549130,3301736,25.286
"../instances/LOP/paper/N-stabu75",20026215,"GS",100,0.750,548237,86834,25.649
"../instances/LOP/paper/N-t59b11xx_150",20125109,"GS",100,0.750,3124910,18388338,716.309
"../instances/LOP/paper/N-t59b11xx_150",20132537,"GS",100,0.750,3120010,7702249,626.596
"../instances/LOP/paper/N-t59n11xx",20211020,"GS",100,0.750,20858,889922,8.204
"../instances/LOP/paper/N-t59n11xx",20215572,"GS",100,0.750,20873,1755095,8.188
"../instances/LOP/paper/N-t75n11xx_250",2023779,"GS",100,0.750,4298084,30654823,8398.892
"../instances/LOP/paper/N-t65b11xx",20313891,"GS",100,0.750,355000,84833,8.528
"../instances/LOP/paper/N-t65b11xx",20325916,"GS",100,0.750,354159,1838282,15.545
"../instances/LOP/paper/N-t65l11xx_250",2041703,"GS",100,0.750,639895,57041539,4685.823
"../instances/LOP/paper/N-t65l11xx_250",2043425,"GS",100,0.750,642718,24052587,8191.270
"../instances/LOP/paper/N-t70f11xx",20522091,"GS",100,0.750,358674,426710,15.020
"../instances/LOP/paper/N-t70f11xx",2057817,"GS",100,0.750,358667,1769985,9.351
"../instances/LOP/paper/N-t70w11xx",2063642,"GS",100,0.750,223915428,1304800,15.514
"../instances/LOP/paper/N-t70w11xx",2067876,"GS",100,0.750,223884067,195131,13.454
"../instances/LOP/paper/N-t75d11xx",2072330,"GS",100,0.750,577219,828205,13.559
"../instances/LOP/paper/N-t75d11xx",20731457,"GS",100,0.750,575695,880196,9.552
"../instances/LOP/paper/N-t75k11xx",20829888,"GS",100,0.750,108718,973014,14.578
"../instances/LOP/paper/N-t75k11xx",208356,"GS",100,0.750,108723,1197757,9.299
"../instances/LOP/paper/N-t75n11xx_250",208968,"GS",100,0.750,4303150,56166617,8211.242
"../instances/LOP/paper/N-t75n11xx_250",20923823,"GS",100,0.750,4308219,39489226,8270.158
"../instances/LOP/paper/N-t75n11xx_250",2093891,"GS",100,0.750,4298045,48064548,4635.750
"../instances/LOP/paper/N-tiw56n58",2107205,"GS",100,0.750,124209,2313421,19.985
"../instances/LOP/paper/N-tiw56n58",2108388,"GS",100,0.750,124812,3001409,22.791
"../instances/LOP/paper/N-tiw56n62",21112683,"GS",100,0.750,176110,863355,38.253
"../instances/LOP/paper/N-tiw56n62",21127691,"GS",100,0.750,176031,2218155,20.195
"../instances/LOP/paper/N-tiw56n58",2117873,"GS",100,0.750,124176,865089,37.768
"../instances/LOP/paper/N-tiw56n67",21212596,"GS",100,0.750,225403,605643,37.332
"../instances/LOP/paper/N-tiw56n67",21224753,"GS",100,0.750,225268,943350,35.960
"../instances/LOP/paper/N-tiw56r66",21317940,"GS",100,0.750,208565,543790,32.879
"../instances/LOP/paper/N-tiw56r66",213546,"GS",100,0.750,208470,2235243,20.110
"../instances/LOP/paper/N-tiw56r67",2145442,"GS",100,0.750,222242,1483095,22.881
"../instances/LOP/paper/N-tiw56r67",2145895,"GS",100,0.750,222227,2024376,20.102
"../instances/LOP/paper/N-tiw56r72",21512906,"GS",100,0.750,269727,1636859,19.919
"../instances/LOP/paper/N-tiw56r72",2153657,"GS",100,0.750,269768,1999751,32.172
"../instances/LOP/paper/N-usa79",21628592,"GS",100,0.750,1791055,4009223,103.375
"../instances/LOP/paper/N-usa79",21630689,"GS",100,0.750,1779640,4727052,104.629
"../instances/LOP/paper/N-be75eec",21722120,"GS",100,0.750,234181,2011730,13.599
"../instances/LOP/paper/N-be75eec",21722130,"GS",100,0.750,234232,1922769,21.642
"../instances/LOP/paper/N-tiw56n58",218107,"GS",100,0.750,124831,2285300,36.668
"../instances/LOP/paper/N-be75eec_150",21821824,"GS",100,0.750,3356844,1586483,1155.862
"../instances/LOP/paper/N-be75eec_150",2189808,"GS",100,0.750,3330008,11117180,855.290
"../instances/LOP/paper/N-be75eec_250",2191331,"GS",100,0.750,8512380,7746334,4020.886
"../instances/LOP/paper/N-be75eec_250",21930703,"GS",100,0.750,8486760,54206361,8137.092
"../instances/LOP/paper/N-be75eec_150",219807,"GS",100,0.750,3364063,18310586,1045.034
"../instances/LOP/paper/N-be75np",2203143,"GS",100,0.750,715858,1309339,21.762
"../instances/LOP/paper/N-be75np",2206386,"GS",100,0.750,714234,2371295,13.491
"../instances/LOP/paper/N-be75oi",22131733,"GS",100,0.750,110933,1857049,21.070
"../instances/LOP/paper/N-be75oi",22131904,"GS",100,0.750,109900,1560510,21.371
"../instances/LOP/paper/N-tiw56n62",2213724,"GS",100,0.750,176104,602272,36.686
"../instances/LOP/paper/N-tiw56n62",2215294,"GS",100,0.750,176070,2671827,37.831
"../instances/LOP/paper/N-be75tot",22212723,"GS",100,0.750,979035,1204168,21.649
"../instances/LOP/paper/N-be75tot",22228764,"GS",100,0.750,977451,1739235,21.451
"../instances/LOP/paper/N-stabu1_150",22317473,"GS",100,0.750,2777919,10258022,613.816
"../instances/LOP/paper/N-stabu1_150",2238313,"GS",100,0.750,2760710,6257530,692.522
"../instances/LOP/paper/N-be75eec_150",224232,"GS",100,0.750,3338170,7831776,1201.817
"../instances/LOP/paper/N-stabu3_250",22426998,"GS",100,0.750,11376226,50332032,7346.160
"../instances/LOP/paper/N-stabu3_250",2243215,"GS",100,0.750,11370104,57897982,4721.414
"../instances/LOP/paper/N-stabu70",22524252,"GS",100,0.750,359124,998453,28.862
"../instances/LOP/paper/N-stabu70",2254209,"GS",100,0.750,360558,3204952,48.597
"../instances/LOP/paper/N-stabu74",22611376,"GS",100,0.750,538150,2182949,25.552
"../instances/LOP/paper/N-stabu74",22621727,"GS",100,0.750,536256,3402902,25.204
"../instances/LOP/paper/N-stabu75",22714944,"GS",100,0.750,549984,1237857,40.968
"../instances/LOP/paper/N-stabu75",2278018,"GS",100,0.750,549547,2204002,28.840
"../instances/LOP/paper/N-t59b11xx_150",22811697,"GS",100,0.750,3131660,8856188,889.048
"../instances/LOP/paper/N-t59b11xx_150",2288742,"GS",100,0.750,3100115,7853528,1196.962
"../instances/LOP/paper/N-t59n11xx",22919014,"GS",100,0.750,20863,1646703,12.485
"../instances/LOP/paper/N-t59n11xx",22921244,"GS",100,0.750,20865,1507024,12.852
"../instances/LOP/paper/N-t65b11xx",23017254,"GS",100,0.750,354111,1889086,9.478
"../instances/LOP/paper/N-t65b11xx",2303071,"GS",100,0.750,354696,1586784,13.296
"../instances/LOP/paper/N-t65l11xx_250",23126781,"GS",100,0.750,641091,51255029,6891.153
"../instances/LOP/paper/N-tiw56n67",2315872,"GS",100,0.750,225071,2579244,37.697
"../instances/LOP/paper/N-t65l11xx_250",2319369,"GS",100,0.750,640956,26617757,6792.842
"../instances/LOP/paper/N-t70f11xx",23214693,"GS",100,0.750,357774,375323,8.323
"../instances/LOP/paper/N-t70f11xx",2322218,"GS",100,0.750,358971,1414868,12.674
"../instances/LOP/paper/N-tiw56n67",2323237,"GS",100,0.750,225416,2312431,36.531
"../instances/LOP/paper/N-t70w11xx",23328646,"GS",100,0.750,223370964,705386,13.268
"../instances/LOP/paper/N-t70w11xx",23330882,"GS",100,0.750,223650412,687176,18.113
"../instances/LOP/paper/N-t75d11xx",23418793,"GS",100,0.750,577387,704847,9.596
"../instances/LOP/paper/N-t75d11xx",23421829,"GS",100,0.750,577254,1383003,13.471
"../instances/LOP/paper/N-t75k11xx",23518625,"GS",100,0.750,108735,1606444,12.776
"../instances/LOP/paper/N-t75k11xx",2357215,"GS",100,0.750,108780,605440,9.262
"../instances/LOP/paper/N-t75n11xx_250",23616480,"GS",100,0.750,4303042,13620427,4107.896
"../instances/LOP/paper/N-t75n11xx_250",23631302,"GS",100,0.750,4292395,16210808,4703.084
"../instances/LOP/paper/N-tiw56n58",23720809,"GS",100,0.750,124805,3067757,32.517
"../instances/LOP/paper/N-tiw56n58",23722087,"GS",100,0.750,124785,2826848,38.442
"../instances/LOP/paper/N-tiw56n62",23816358,"GS",100,0.750,176131,447951,32.497
"../instances/LOP/paper/N-tiw56n62",23819900,"GS",100,0.750,176142,1365830,37.928
"../instances/LOP/paper/N-tiw56n67",23924160,"GS",100,0.750,225335,2570186,36.037
"../instances/LOP/paper/N-tiw56n67",2395030,"GS",100,0.750,225345,2755714,31.592
"../instances/LOP/paper/N-tiw56r66",2401244,"GS",100,0.750,208418,1358166,39.268
"../instances/LOP/paper/N-tiw56r66",24016599,"GS",100,0.750,208422,2931295,32.677
"../instances/LOP/paper/N-tiw56r67",24111398,"GS",100,0.750,222233,2600333,39.013
"../instances/LOP/paper/N-tiw56r67",2417695,"GS",100,0.750,222225,1968017,38.139
"../instances/LOP/paper/N-tiw56r72",24211849,"GS",100,0.750,268774,1990269,35.187
"../instances/LOP/paper/N-tiw56r72",24215039,"GS",100,0.750,269027,3000456,37.792
"../instances/LOP/paper/N-tiw56r66",2427634,"GS",100,0.750,208446,2688568,38.484
"../instances/LOP/paper/N-usa79",24329347,"GS",100,0.750,1797208,5296191,98.309
"../instances/LOP/paper/N-usa79",2433994,"GS",100,0.750,1794839,2276231,71.624
"../instances/LOP/paper/N-be75eec",2447186,"GS",100,0.750,234255,2327276,21.115
"../instances/LOP/paper/N-be75eec",244873,"GS",100,0.750,235038,725142,22.067
"../instances/LOP/paper/N-tiw56r66",245073,"GS",100,0.750,208250,64561,39.073
"../instances/LOP/paper/N-be75eec_150",24513086,"GS",100,0.750,3366825,7457109,693.854
"../instances/LOP/paper/N-be75eec_150",24513310,"GS",100,0.750,3352960,5574170,945.321
"../instances/LOP/paper/N-be75eec_250",24616538,"GS",100,0.750,8503948,36128103,4611.370
"../instances/LOP/paper/N-be75eec_250",2465208,"GS",100,0.750,8480129,32907436,4426.433
"../instances/LOP/paper/N-be75np",24718543,"GS",100,0.750,716185,1955152,21.691
"../instances/LOP/paper/N-be75np",24729301,"GS",100,0.750,715771,420402,15.295
"../instances/LOP/paper/N-be75oi",24827435,"GS",100,0.750,110953,2041365,24.850
"../instances/LOP/paper/N-be75oi",24832057,"GS",100,0.750,110944,453101,15.012
"../instances/LOP/paper/N-be75tot",24929809,"GS",100,0.750,979365,862703,24.819
"../instances/LOP/paper/N-be75tot",24932334,"GS",100,0.750,977595,1046330,15.586
"../instances/LOP/paper/N-stabu1_150",2502879,"GS",100,0.750,2774380,11874951,1007.718
"../instances/LOP/paper/N-stabu1_150",2508697,"GS",100,0.750,2763863,13545033,688.675
"../instances/LOP/paper/N-stabu3_250",25110516,"GS",100,0.750,11396979,17186036,6927.229
"../instances/LOP/paper/N-stabu3_250",2519519,"GS",100,0.750,11388667,48275036,7237.097
"../instances/LOP/paper/N-stabu70",25228271,"GS",100,0.750,358725,1942888,47.691
"../instances/LOP/paper/N-stabu70",2526351,"GS",100,0.750,358555,3383511,48.490
"../instances/LOP/paper/N-tiw56r67",2528954,"GS",100,0.750,222192,1524938,36.370
"../instances/LOP/paper/N-tiw56r67",2531858,"GS",100,0.750,222206,2332439,38.225
"../instances/LOP/paper/N-stabu74",25318640,"GS",100,0.750,537430,1627354,47.637
"../instances/LOP/paper/N-stabu74",2535044,"GS",100,0.750,536871,3347608,46.379
"../instances/LOP/paper/N-stabu75",25430516,"GS",100,0.750,546511,1982894,48.586
"../instances/LOP/paper/N-stabu75",2544544,"GS",100,0.750,549733,2561242,37.942
"../instances/LOP/paper/N-t59b11xx_150",25519472,"GS",100,0.750,3114895,6890517,710.181
"../instances/LOP/paper/N-t59b11xx_150",25526328,"GS",100,0.750,3128945,12759594,1218.173
"../instances/LOP/paper/N-t59n11xx",25612031,"GS",100,0.750,20872,399823,12.368
"../instances/LOP/paper/N-t59n11xx",25632293,"GS",100,0.750,20862,844279,8.155
"../instances/LOP/paper/N-t65b11xx",25718100,"GS",100,0.750,355005,1224505,12.893
"../instances/LOP/paper/N-t65b11xx",2575019,"GS",100,0.750,355045,302813,15.395
"../instances/LOP/paper/N-t65l11xx_250",25816733,"GS",100,0.750,641435,28593368,6934.393
"../instances/LOP/paper/N-t65l11xx_250",2585739,"GS",100,0.750,643149,26953368,4667.991
"../instances/LOP/paper/N-t70f11xx",25928341,"GS",100,0.750,358770,1553902,15.212
"../instances/LOP/paper/N-t70f11xx",2597749,"GS",100,0.750,356421,1850980,9.407
"../instances/LOP/paper/N-t70w11xx",26011682,"GS",100,0.750,222089164,1382870,15.434
"../instances/LOP/paper/N-t70w11xx",26021366,"GS",100,0.750,223839937,137134,13.038
"../instances/LOP/paper/N-t75d11xx",26113716,"GS",100,0.750,576866,524532,15.704
"../instances/LOP/paper/N-t75d11xx",26127042,"GS",100,0.750,576946,1011501,8.572
"../instances/LOP/paper/N-t75k11xx",26218166,"GS",100,0.750,108680,100682,8.313
"../instances/LOP/paper/N-t75k11xx",26221787,"GS",100,0.750,108733,621575,15.172
"../instances/LOP/paper/N-tiw56r72",2625556,"GS",100,0.750,268486,2069365,37.902
"../instances/LOP/paper/N-t75n11xx_250",26313161,"GS",100,0.750,4317760,51230305,8567.666
"../instances/LOP/paper/N-t75n11xx_250",26314234,"GS",100,0.750,4311443,58032035,4007.191
"../instances/LOP/paper/N-tiw56n58",26420432,"GS",100,0.750,124778,902465,21.944
"../instances/LOP/paper/N-tiw56n58",26432088,"GS",100,0.750,124846,1813227,20.166
"../instances/LOP/paper/N-tiw56n62",26521604,"GS",100,0.750,176057,355554,20.130
"../instances/LOP/paper/N-tiw56n62",26527004,"GS",100,0.750,176165,584672,20.109
"../instances/LOP/paper/N-tiw56n67",26617601,"GS",100,0.750,224929,2782843,35.907
"../instances/LOP/paper/N-tiw56n67",26623971,"GS",100,0.750,225365,2229002,19.928
"../instances/LOP/paper/N-tiw56r66",26710891,"GS",100,0.750,208587,691147,20.199
"../instances/LOP/paper/N-tiw56r66",26713237,"GS",100,0.750,208634,2350507,20.256
"../instances/LOP/paper/N-tiw56r67",26811354,"GS",100,0.750,222253,1554209,19.914
"../instances/LOP/paper/N-tiw56r67",26815861,"GS",100,0.750,222209,2404093,20.104
"../instances/LOP/paper/N-tiw56r72",26925306,"GS",100,0.750,268910,2490351,19.863
"../instances/LOP/paper/N-tiw56r72",269487,"GS",100,0.750,268573,1545671,32.232
"../instances/LOP/paper/N-tiw56r72",269773,"GS",100,0.750,268938,2557472,37.580
"../instances/LOP/paper/N-usa79",27030205,"GS",100,0.750,1797699,5546550,114.600
"../instances/LOP/paper/N-usa79",27031423,"GS",100,0.750,1791300,6114120,62.691
"../instances/LOP/paper/N-usa79",271823,"GS",100,0.750,1790663,5618658,72.376
"../instances/LOP/paper/N-usa79",2718388,"GS",100,0.750,1794629,6069976,121.398
"../instances/LOP/paper/N-be75eec",2831161,"GS",100,0.750,234414,691505,15.338
"../instances/LOP/paper/N-be75eec",2832162,"GS",100,0.750,234138,255318,25.362
"../instances/LOP/paper/N-be75eec_150",2914759,"GS",100,0.750,3362905,22372048,1195.698
"../instances/LOP/paper/N-be75eec_150",296175,"GS",100,0.750,3324990,10777650,697.763
"../instances/LOP/paper/N-be75eec_250",3020649,"GS",100,0.750,8499530,32791202,8290.430
"../instances/LOP/paper/N-be75eec_250",3020767,"GS",100,0.750,8504068,34205103,4619.823
"../instances/LOP/paper/N-be75np",3114016,"GS",100,0.750,715667,2493849,24.289
"../instances/LOP/paper/N-be75np",3125392,"GS",100,0.750,715754,2041079,15.410
"../instances/LOP/paper/N-be75oi",323748,"GS",100,0.750,110981,2154200,23.708
"../instances/LOP/paper/N-be75eec_250",324342,"GS",100,0.750,8452645,14159535,5126.164
"../instances/LOP/paper/N-be75oi",328467,"GS",100,0.750,110882,329021,13.417
"../instances/LOP/paper/N-be75tot",3321319,"GS",100,0.750,978910,1083011,13.842
"../instances/LOP/paper/N-be75tot",3327233,"GS",100,0.750,978748,676237,24.592
"../instances/LOP/paper/N-stabu1_150",3414952,"GS",100,0.750,2769400,21118465,1239.534
"../instances/LOP/paper/N-stabu1_150",3431425,"GS",100,0.750,2766198,22329443,608.732
"../instances/LOP/paper/N-stabu3_250",3510720,"GS",100,0.750,11345886,10814699,4624.461
"../instances/LOP/paper/N-stabu3_250",351436,"GS",100,0.750,11383163,59707847,8272.464
"../instances/LOP/paper/N-stabu70",3616988,"GS",100,0.750,359569,3164198,28.761
"../instances/LOP/paper/N-stabu70",366683,"GS",100,0.750,359613,2373861,49.323
"../instances/LOP/paper/N-stabu74",3716045,"GS",100,0.750,538007,1533546,29.059
"../instances/LOP/paper/N-stabu74",3728700,"GS",100,0.750,536770,2871827,48.952
"../instances/LOP/paper/N-stabu75",3818297,"GS",100,0.750,549695,2953133,28.624
"../instances/LOP/paper/N-stabu75",3823066,"GS",100,0.750,549872,2144334,28.755
"../instances/LOP/paper/N-be75eec_250",38,"GS",100,0.750,8489682,5457962,8391.374
"../instances/LOP/paper/N-t59b11xx_150",3913749,"GS",100,0.750,3100410,9860119,709.121
"../instances/LOP/paper/N-t59b11xx_150",3929326,"GS",100,0.750,3114745,13929834,708.704
"../instances/LOP/paper/N-t59n11xx",4021273,"GS",100,0.750,20872,1379563,9.130
"../instances/LOP/paper/N-t59n11xx",4029666,"GS",100,0.750,20876,721506,9.221
"../instances/LOP/paper/N-t65b11xx",4114369,"GS",100,0.750,355042,1370747,9.536
"../instances/LOP/paper/N-be75np",411786,"GS",100,0.750,715137,1992140,47.543
"../instances/LOP/paper/N-t65b11xx",4119344,"GS",100,0.750,354918,1926034,9.496
"../instances/LOP/paper/N-be75np",421231,"GS",100,0.750,716021,1961507,24.329
"../instances/LOP/paper/N-t65l11xx_250",4217268,"GS",100,0.750,639586,43961173,4662.780
"../instances/LOP/paper/N-t65l11xx_250",4223983,"GS",100,0.750,643252,30468194,4707.615
"../instances/LOP/paper/N-t70f11xx",4312471,"GS",100,0.750,355597,1920653,9.574
"../instances/LOP/paper/N-t70f11xx",4324782,"GS",100,0.750,358933,474095,9.316
"../instances/LOP/paper/N-t70w11xx",441604,"GS",100,0.750,221597474,772585,8.507
"../instances/LOP/paper/N-t70w11xx",4424226,"GS",100,0.750,223829748,1274057,9.498
"../instances/LOP/paper/N-t75d11xx",4514647,"GS",100,0.750,577266,1660894,9.595
"../instances/LOP/paper/N-t75d11xx",4531231,"GS",100,0.750,577163,1338944,8.592
"../instances/LOP/paper/N-t75k11xx",4613445,"GS",100,0.750,108695,811586,9.292
"../instances/LOP/paper/N-t75k11xx",4630722,"GS",100,0.750,108754,693323,8.321
"../instances/LOP/paper/N-t75n11xx_250",472264,"GS",100,0.750,4296027,38940640,4672.144
"../instances/LOP/paper/N-t75n11xx_250",474883,"GS",100,0.750,4298981,45150100,4032.643
"../instances/LOP/paper/N-tiw56n58",4817984,"GS",100,0.750,124803,2658346,20.095
"../instances/LOP/paper/N-tiw56n58",4830245,"GS",100,0.750,124737,1989848,22.652
"../instances/LOP/paper/N-tiw56n62",4913344,"GS",100,0.750,176061,1840201,20.108
"../instances/LOP/paper/N-tiw56n62",4932448,"GS",100,0.750,176091,2630587,22.795
"../instances/LOP/paper/N-tiw56n67",501700,"GS",100,0.750,224177,1224621,22.388
"../instances/LOP/paper/N-tiw56n67",506193,"GS",100,0.750,225372,2813364,19.801
"../instances/LOP/paper/N-tiw56r66",5120137,"GS",100,0.750,208407,747493,20.121
"../instances/LOP/paper/N-tiw56r66",5125249,"GS",100,0.750,208477,356745,31.644
"../instances/LOP/paper/N-be75oi",517429,"GS",100,0.750,109901,1069538,24.993
"../instances/LOP/paper/N-tiw56r67",5213128,"GS",100,0.750,222251,2541560,33.395
"../instances/LOP/paper/N-tiw56r67",5223519,"GS",100,0.750,222285,2138155,19.981
"../instances/LOP/paper/N-be75oi",526655,"GS",100,0.750,110941,130922,25.017
"../instances/LOP/paper/N-tiw56r72",5321308,"GS",100,0.750,268870,2423192,30.520
"../instances/LOP/paper/N-tiw56r72",5324573,"GS",100,0.750,268967,2607819,19.869
"../instances/LOP/paper/N-usa79",5430309,"GS",100,0.750,1790872,4915222,102.611
"../instances/LOP/paper/N-usa79",543804,"GS",100,0.750,1791442,1219093,62.553
"../instances/LOP/paper/N-be75eec",5523236,"GS",100,0.750,235071,1030636,13.741
"../instances/LOP/paper/N-be75eec",5525903,"GS",100,0.750,234962,2431672,21.710
"../instances/LOP/paper/N-be75eec_150",562156,"GS",100,0.750,3355281,20259275,1031.668
"../instances/LOP/paper/N-be75eec_150",5631069,"GS",100,0.750,3352460,4954087,603.342
"../instances/LOP/paper/N-be75eec_250",571274,"GS",100,0.750,8521133,60360669,4046.281
"../instances/LOP/paper/N-be75eec_250",575792,"GS",100,0.750,8500442,50227941,6723.989
"../instances/LOP/paper/N-be75np",5812119,"GS",100,0.750,716135,1853031,13.465
"../instances/LOP/paper/N-be75np",582210,"GS",100,0.750,715671,1605367,21.151
"../instances/LOP/paper/N-be75oi",5917306,"GS",100,0.750,110882,223669,21.258
"../instances/LOP/paper/N-be75oi",5918094,"GS",100,0.750,111113,1625771,14.983
"../instances/LOP/paper/N-be75tot",6028332,"GS",100,0.750,977538,2312615,15.599
"../instances/LOP/paper/N-be75tot",607621,"GS",100,0.750,977487,532053,22.460
"../instances/LOP/paper/N-stabu1_150",6110541,"GS",100,0.750,2778790,11491449,695.365
"../instances/LOP/paper/N-stabu1_150",6124147,"GS",100,0.750,2772244,12033159,1023.305
"../instances/LOP/paper/N-be75tot",616532,"GS",100,0.750,979057,447755,25.856
"../instances/LOP/paper/N-stabu3_250",6214497,"GS",100,0.750,11409703,1162698,4462.733
"../instances/LOP/paper/N-stabu3_250",6222826,"GS",100,0.750,11405857,47162682,4662.536
"../instances/LOP/paper/N-be75tot",628573,"GS",100,0.750,978922,2408424,25.758
"../instances/LOP/paper/N-stabu70",6313478,"GS",100,0.750,359423,2287199,41.399
"../instances/LOP/paper/N-stabu70",6331656,"GS",100,0.750,360363,1946521,28.712
"../instances/LOP/paper/N-stabu74",6420580,"GS",100,0.750,537637,1424147,28.557
"../instances/LOP/paper/N-stabu74",6424926,"GS",100,0.750,538128,3374333,41.490
"../instances/LOP/paper/N-stabu75",6521311,"GS",100,0.750,549652,2235039,40.622
"../instances/LOP/paper/N-stabu75",6527345,"GS",100,0.750,548408,2374233,28.587
"../instances/LOP/paper/N-t59b11xx_150",6621150,"GS",100,0.750,3103205,1816159,1028.039
"../instances/LOP/paper/N-t59b11xx_150",665846,"GS",100,0.750,3121450,13106702,705.974
"../instances/LOP/paper/N-t59n11xx",6717198,"GS",100,0.750,20863,1660075,9.178
"../instances/LOP/paper/N-t59n11xx",67715,"GS",100,0.750,20862,1559201,12.916
"../instances/LOP/paper/N-t65b11xx",6824475,"GS",100,0.750,355021,1146566,13.361
"../instances/LOP/paper/N-t65b11xx",684666,"GS",100,0.750,354115,1553703,9.517
"../instances/LOP/paper/N-t65l11xx_250",695055,"GS",100,0.750,641349,59693198,4680.699
"../instances/LOP/paper/N-t65l11xx_250",699545,"GS",100,0.750,642662,61955240,6933.818
"../instances/LOP/paper/N-t70f11xx",7023436,"GS",100,0.750,358268,1102224,9.371
"../instances/LOP/paper/N-t70f11xx",709070,"GS",100,0.750,358754,1064524,12.606
"../instances/LOP/paper/N-t70w11xx",7115254,"GS",100,0.750,223885614,489386,8.501
"../instances/LOP/paper/N-t70w11xx",7115803,"GS",100,0.750,223712442,101245,9.472
"../instances/LOP/paper/N-t75d11xx",7229500,"GS",100,0.750,572593,1752131,9.564
"../instances/LOP/paper/N-t75d11xx",723631,"GS",100,0.750,577107,1894156,8.608
"../instances/LOP/paper/N-stabu1_150",728119,"GS",100,0.750,2767029,8033601,1230.877
"../instances/LOP/paper/N-t75k11xx",732948,"GS",100,0.750,108720,1763756,9.266
"../instances/LOP/paper/N-t75k11xx",736230,"GS",100,0.750,108717,1350851,8.304
"../instances/LOP/paper/N-t75n11xx_250",7422655,"GS",100,0.750,4313913,37398055,4403.584
"../instances/LOP/paper/N-t75n11xx_250",743712,"GS",100,0.750,4297791,22594608,4728.794
"../instances/LOP/paper/N-tiw56n58",7530194,"GS",100,0.750,124771,1122084,22.802
"../instances/LOP/paper/N-tiw56n58",757934,"GS",100,0.750,124207,2724404,22.733
"../instances/LOP/paper/N-tiw56n62",7617238,"GS",100,0.750,176152,1503009,22.808
"../instances/LOP/paper/N-tiw56n62",7619530,"GS",100,0.750,176076,2063491,23.044
"../instances/LOP/paper/N-stabu1_150",76897,"GS",100,0.750,2784555,12772338,1240.758
"../instances/LOP/paper/N-tiw56n67",7726114,"GS",100,0.750,225477,1005461,31.636
"../instances/LOP/paper/N-tiw56n67",778844,"GS",100,0.750,225397,1418214,22.651
"../instances/LOP/paper/N-tiw56r66",788424,"GS",100,0.750,208406,162314,22.662
"../instances/LOP/paper/N-tiw56r66",788902,"GS",100,0.750,208324,530231,32.606
"../instances/LOP/paper/N-tiw56r67",7916420,"GS",100,0.750,222277,2057091,20.338
"../instances/LOP/paper/N-tiw56r67",7925814,"GS",100,0.750,222173,1447930,22.611
"../instances/LOP/paper/N-tiw56r72",8022430,"GS",100,0.750,267215,997212,19.405
"../instances/LOP/paper/N-tiw56r72",802514,"GS",100,0.750,268633,3095065,31.755
"../instances/LOP/paper/N-usa79",8132010,"GS",100,0.750,1790729,2774088,62.804
"../instances/LOP/paper/N-usa79",813220,"GS",100,0.750,1791343,5374377,63.299
"../instances/LOP/paper/N-be75eec",8219650,"GS",100,0.750,234222,115358,13.577
"../instances/LOP/paper/N-stabu3_250",825127,"GS",100,0.750,11303546,20266013,8457.043
"../instances/LOP/paper/N-be75eec",828284,"GS",100,0.750,234206,550979,24.164
"../instances/LOP/paper/N-be75eec_150",8313260,"GS",100,0.750,3374978,10292190,1157.874
"../instances/LOP/paper/N-be75eec_150",8324274,"GS",100,0.750,3348834,7920198,611.325
"../instances/LOP/paper/N-stabu3_250",832461,"GS",100,0.750,11420140,52899466,5298.141
"../instances/LOP/paper/N-be75eec_250",8416130,"GS",100,0.750,8531928,45984236,4015.276
"../instances/LOP/paper/N-be75eec_250",8430785,"GS",100,0.750,8473854,8744439,8149.318
"../instances/LOP/paper/N-be75np",8511481,"GS",100,0.750,715599,1875060,25.427
"../instances/LOP/paper/N-be75np",856597,"GS",100,0.750,715724,1505866,13.538
"../instances/LOP/paper/N-be75oi",866022,"GS",100,0.750,109906,390015,13.366
"../instances/LOP/paper/N-be75oi",869671,"GS",100,0.750,110882,2108974,15.180
"../instances/LOP/paper/N-be75tot",8716547,"GS",100,0.750,978744,2054037,15.459
"../instances/LOP/paper/N-be75tot",878398,"GS",100,0.750,977335,446749,13.873
"../instances/LOP/paper/N-stabu1_150",883204,"GS",100,0.750,2776946,15512023,603.043
"../instances/LOP/paper/N-stabu1_150",883332,"GS",100,0.750,2768432,21196352,1239.596
"../instances/LOP/paper/N-stabu3_250",8918383,"GS",100,0.750,11332425,26534236,5292.177
"../instances/LOP/paper/N-stabu3_250",8930692,"GS",100,0.750,11405770,52211628,4030.864
"../instances/LOP/paper/N-stabu70",9014475,"GS",100,0.750,359778,1745539,25.489
"../instances/LOP/paper/N-stabu70",9025746,"GS",100,0.750,359804,1865559,25.461
"../instances/LOP/paper/N-stabu74",9120517,"GS",100,0.750,537660,2457202,25.358
"../instances/LOP/paper/N-stabu70",9169,"GS",100,0.750,359609,1849375,46.361
"../instances/LOP/paper/N-stabu74",918177,"GS",100,0.750,538078,2302282,25.349
"../instances/LOP/paper/N-stabu75",9225387,"GS",100,0.750,548625,2783254,25.484
"../instances/LOP/paper/N-stabu75",928296,"GS",100,0.750,549892,3569346,25.512
"../instances/LOP/paper/N-t59b11xx_150",931270,"GS",100,0.750,3106620,13747631,1059.764
"../instances/LOP/paper/N-t59b11xx_150",9322596,"GS",100,0.750,3109175,12494136,615.565
"../instances/LOP/paper/N-t59n11xx",943510,"GS",100,0.750,20901,307961,12.868
"../instances/LOP/paper/N-t59n11xx",947213,"GS",100,0.750,20872,1236148,8.248
"../instances/LOP/paper/N-t65b11xx",9514774,"GS",100,0.750,354763,1056048,8.468
"../instances/LOP/paper/N-t65b11xx",9525318,"GS",100,0.750,354418,519018,13.738
"../instances/LOP/paper/N-stabu70",9619,"GS",100,0.750,359985,3270897,48.313
"../instances/LOP/paper/N-t65l11xx_250",9621305,"GS",100,0.750,641467,54923573,7288.087
"../instances/LOP/paper/N-t65l11xx_250",965712,"GS",100,0.750,641148,52784706,6883.248
"../instances/LOP/paper/N-t70f11xx",9728256,"GS",100,0.750,358621,458041,13.486
"../instances/LOP/paper/N-t70f11xx",979112,"GS",100,0.750,358214,218845,13.127
"../instances/LOP/paper/N-t70w11xx",9815535,"GS",100,0.750,223962091,1922970,13.324
"../instances/LOP/paper/N-t70w11xx",9827582,"GS",100,0.750,221934802,190544,13.686
"../instances/LOP/paper/N-t75d11xx",9915003,"GS",100,0.750,576746,1296213,12.675
"../instances/LOP/paper/N-t75d11xx",9915929,"GS",100,0.750,577218,256014,13.484
"../instances/LOP/xLOLIB2/N-be75np_500",105070,"GS",100,0.750,63405864,192486012,62968.310
"../instances/LOP/xLOLIB2/N-usa79_500",108843,"GS",100,0.750,71180642,103887958,104763.404
"../instances/LOP/xLOLIB2/N-usa79_500",122776,"GS",100,0.750,71576197,144375601,120717.208
"../instances/LOP/xLOLIB2/N-be75np_500",127240,"GS",100,0.750,63443847,220605134,104508.933
"../instances/LOP/xLOLIB2/N-usa79_500",217618,"GS",100,0.750,71641135,2458630,118563.448
"../instances/LOP/xLOLIB2/N-be75np_500",2320,"GS",100,0.750,63401059,50715019,110315.228
"../instances/LOP/xLOLIB2/N-usa79_500",318561,"GS",100,0.750,71621296,24627699,66791.008
"../instances/LOP/xLOLIB2/N-be75np_500",321849,"GS",100,0.750,63355879,249272784,114563.145
"../instances/LOP/xLOLIB2/N-be75np_500",416812,"GS",100,0.750,63296682,215036002,114722.910
"../instances/LOP/xLOLIB2/N-usa79_500",417437,"GS",100,0.750,71784305,151134956,59865.836
"../instances/LOP/xLOLIB2/N-be75np_500",514109,"GS",100,0.750,63466577,31796668,62676.005
"../instances/LOP/xLOLIB2/N-usa79_500",515127,"GS",100,0.750,71978092,119266941,58719.473
"../instances/LOP/xLOLIB2/N-usa79_500",619983,"GS",100,0.750,71761864,237169104,59889.812
"../instances/LOP/xLOLIB2/N-be75np_500",622163,"GS",100,0.750,63498485,163259353,63953.253
"../instances/LOP/xLOLIB2/N-be75np_500",727549,"GS",100,0.750,63350599,96845950,63530.406
"../instances/LOP/xLOLIB2/N-usa79_500",727790,"GS",100,0.750,71708453,131624621,59437.509
"../instances/LOP/xLOLIB2/N-be75np_500",87010,"GS",100,0.750,63285596,84574001,60890.994
"../instances/LOP/xLOLIB2/N-usa79_500",87205,"GS",100,0.750,71568205,155565588,59379.389
"../instances/LOP/xLOLIB2/N-be75np_500",94786,"GS",100,0.750,63462776,203736815,60255.520
"../instances/LOP/xLOLIB2/N-usa79_500",95491,"GS",100,0.750,71631638,74140254,59639.623
