,algorithm,instance,problem size,problem,best fitness,elapsed time in secs
0,NNCO,tai50_10_8,50,PFSP,90228.0,177.23585653305054
1,NNCO,tai200_10_9,200,PFSP,1073565.0,9351.112182855606
5,NNCO,tai20_20_9,20,PFSP,33009.0,16.101200342178345
8,NNCO,tai20_5_9,20,PFSP,13250.0,17.25589895248413
9,NNCO,tai20_20_8,20,PFSP,33928.0,15.782904863357544
11,NNCO,tai50_10_9,50,PFSP,92953.0,103.2124683856964
13,NNCO,tai200_20_8,200,PFSP,1276504.0,13243.93878531456
14,NNCO,tai100_20_8,100,PFSP,392474.0,814.9351575374603
16,NNCO,tai50_10_8,50,PFSP,89221.0,101.79756832122804
19,NNCO,tai20_5_8,20,PFSP,14641.0,13.49168610572815
22,NNCO,tai20_20_9,20,PFSP,33052.0,13.406715631484984
24,NNCO,tai50_10_8,50,PFSP,90225.0,130.31178641319275
26,NNCO,tai200_10_8,200,PFSP,1061022.0,12691.253492355348
27,NNCO,tai20_5_8,20,PFSP,14653.0,12.441766738891602
30,NNCO,tai50_10_9,50,PFSP,92865.0,133.40591287612915
32,NNCO,tai200_10_9,200,PFSP,1072163.0,12051.528814077376
36,NNCO,tai200_10_8,200,PFSP,1063449.0,12662.672568559648
37,NNCO,tai20_5_9,20,PFSP,13303.0,16.214062929153442
46,NNCO,tai100_5_9,100,PFSP,250664.0,1038.76269364357
49,NNCO,tai50_10_8,50,PFSP,89222.0,103.39976525306702
50,NNCO,tai20_20_9,20,PFSP,33052.0,13.164362668991089
52,NNCO,tai100_20_9,100,PFSP,396499.0,906.8402712345124
54,NNCO,tai50_10_8,50,PFSP,89812.0,176.55784463882446
55,NNCO,tai200_20_9,200,PFSP,1295166.0,12096.933135271072
56,NNCO,tai20_5_9,20,PFSP,13265.0,16.945846796035767
58,NNCO,tai50_10_9,50,PFSP,92480.0,138.01830863952637
60,NNCO,tai20_5_8,20,PFSP,14620.0,19.959232568740845
66,NNCO,tai20_10_8,20,PFSP,20985.0,19.967764854431152
68,NNCO,tai20_10_9,20,PFSP,21819.0,20.788124322891235
69,NNCO,tai20_20_9,20,PFSP,33044.0,16.1854350566864
73,NNCO,tai50_20_9,50,PFSP,129809.0,191.396497964859
76,NNCO,tai100_5_9,100,PFSP,250559.0,1042.4826595783234
79,NNCO,tai50_10_9,50,PFSP,92538.0,141.14654898643494
80,NNCO,tai20_20_9,20,PFSP,32984.0,12.317402839660645
84,NNCO,tai100_20_8,100,PFSP,392702.0,1549.2852280139923
85,NNCO,tai100_20_8,100,PFSP,388586.0,1146.2744176387787
88,NNCO,tai200_20_9,200,PFSP,1297050.0,13404.323325395584
90,NNCO,tai50_10_9,50,PFSP,91862.0,177.9331624507904
91,NNCO,tai20_10_8,20,PFSP,20931.0,14.753394603729248
92,NNCO,tai20_10_8,20,PFSP,21095.0,15.482078075408936
95,NNCO,tai50_5_8,50,PFSP,64985.0,137.89476132392883
97,NNCO,tai50_10_8,50,PFSP,88926.0,138.62758660316467
103,NNCO,tai50_5_8,50,PFSP,65146.0,138.88125610351562
105,NNCO,tai50_10_9,50,PFSP,92883.0,132.76145601272583
106,NNCO,tai50_10_9,50,PFSP,93129.0,134.1080174446106
107,NNCO,tai50_5_9,50,PFSP,70493.0,154.09552359580994
108,NNCO,tai50_5_9,50,PFSP,71098.0,142.74652123451233
109,NNCO,tai100_20_8,100,PFSP,389902.0,1564.5601923465729
110,NNCO,tai20_20_9,20,PFSP,33041.0,16.08541202545166
112,NNCO,tai20_5_9,20,PFSP,13298.0,15.073848485946655
113,NNCO,tai100_20_9,100,PFSP,394562.0,1563.2978994846344
114,NNCO,tai100_5_8,100,PFSP,254613.0,1367.1497886180878
115,NNCO,tai200_10_8,200,PFSP,1060143.0,8806.510749578476
116,NNCO,tai200_10_9,200,PFSP,1078750.0,12725.907221794128
119,NNCO,tai100_20_8,100,PFSP,390288.0,1135.826000213623
127,NNCO,tai100_5_8,100,PFSP,255559.0,1065.274064064026
130,NNCO,tai200_10_9,200,PFSP,1074381.0,12752.774422168732
131,NNCO,tai50_5_9,50,PFSP,70678.0,104.7808403968811
132,NNCO,tai50_20_9,50,PFSP,128835.0,193.8508400917053
133,NNCO,tai20_20_8,20,PFSP,33907.0,18.295584440231323
134,NNCO,tai200_20_8,200,PFSP,1274348.0,6887.054694652557
135,NNCO,tai200_10_8,200,PFSP,1062614.0,6423.572518825531
136,NNCO,tai100_5_9,100,PFSP,250668.0,805.2452235221863
142,NNCO,tai50_20_9,50,PFSP,128425.0,193.96015286445615
143,NNCO,tai50_20_8,50,PFSP,127777.0,193.37284421920776
147,NNCO,tai200_20_8,200,PFSP,1281786.0,8161.480438947678
148,NNCO,tai200_10_9,200,PFSP,1073112.0,11209.195808649063
149,NNCO,tai50_5_8,50,PFSP,65118.0,127.747971534729
151,NNCO,tai200_10_8,200,PFSP,1062338.0,12672.436836242676
152,NNCO,tai100_20_8,100,PFSP,391246.0,1437.1622898578644
154,NNCO,tai200_20_9,200,PFSP,1291798.0,13039.079342603683
155,NNCO,tai50_5_8,50,PFSP,64681.0,142.44994854927063
158,NNCO,tai50_5_9,50,PFSP,70287.0,164.73030161857605
159,NNCO,tai20_5_9,20,PFSP,13289.0,16.910951852798462
160,NNCO,tai50_10_9,50,PFSP,92764.0,138.0319426059723
164,NNCO,tai20_5_9,20,PFSP,13309.0,15.232924938201904
167,NNCO,tai200_10_8,200,PFSP,1062041.0,7726.895131349564
168,NNCO,tai200_20_8,200,PFSP,1277306.0,9604.668239593506
177,NNCO,tai200_20_8,200,PFSP,1271789.0,9557.64527273178
179,NNCO,tai20_5_8,20,PFSP,14588.0,12.19870638847351
180,NNCO,tai200_20_8,200,PFSP,1275620.0,8173.798907279968
181,NNCO,tai100_20_9,100,PFSP,397437.0,815.3891315460205
182,NNCO,tai50_10_8,50,PFSP,89310.0,104.11101460456848
186,NNCO,tai100_20_8,100,PFSP,391233.0,1556.9502320289612
188,NNCO,tai200_10_8,200,PFSP,1064189.0,7649.009273052216
189,NNCO,tai20_20_9,20,PFSP,33045.0,20.731585025787357
199,NNCO,tai200_10_9,200,PFSP,1077066.0,9170.521211624146
201,NNCO,tai200_20_8,200,PFSP,1276974.0,8231.90902018547
202,NNCO,tai20_10_9,20,PFSP,21698.0,17.116337537765503
205,NNCO,tai200_10_9,200,PFSP,1075914.0,7749.022593021393
206,NNCO,tai100_20_9,100,PFSP,398179.0,1456.7799897193909
209,NNCO,tai50_10_8,50,PFSP,89655.0,126.75023984909058
212,NNCO,tai20_10_8,20,PFSP,20858.0,20.154550552368164
214,NNCO,tai20_10_9,20,PFSP,21789.0,18.65410876274109
216,NNCO,tai100_20_8,100,PFSP,391289.0,921.8387701511384
217,NNCO,tai50_5_9,50,PFSP,70651.0,132.82109475135803
221,NNCO,tai50_20_8,50,PFSP,127005.0,164.5457694530487
222,NNCO,tai50_20_8,50,PFSP,127993.0,194.8393383026123
223,NNCO,tai20_10_9,20,PFSP,21763.0,20.15507817268372
225,NNCO,tai200_20_9,200,PFSP,1293797.0,8254.454052448273
226,NNCO,tai100_20_9,100,PFSP,397308.0,1129.427179336548
232,NNCO,tai20_5_8,20,PFSP,14627.0,14.406965732574465
233,NNCO,tai200_10_9,200,PFSP,1076403.0,11880.580685138702
235,NNCO,tai20_5_8,20,PFSP,14620.0,16.171642780303955
241,NNCO,tai100_5_9,100,PFSP,250548.0,1352.168737411499
243,NNCO,tai200_20_9,200,PFSP,1296087.0,8215.975469112396
244,NNCO,tai50_5_8,50,PFSP,65191.0,99.08157539367676
245,NNCO,tai200_10_8,200,PFSP,1061434.0,8643.521141290665
246,NNCO,tai100_5_8,100,PFSP,255329.0,1252.1276795864103
247,NNCO,tai100_5_8,100,PFSP,254828.0,1054.996763944626
248,NNCO,tai50_10_8,50,PFSP,89924.0,104.48422312736513
249,NNCO,tai20_10_8,20,PFSP,21074.0,17.664321899414062
258,NNCO,tai20_20_9,20,PFSP,33005.0,20.756235122680664
259,NNCO,tai100_5_8,100,PFSP,255797.0,1042.550992488861
260,NNCO,tai50_20_9,50,PFSP,127699.0,110.18857216835022
262,NNCO,tai20_20_8,20,PFSP,33760.0,20.887975454330444
263,NNCO,tai20_20_8,20,PFSP,33882.0,20.66168522834778
266,NNCO,tai20_20_9,20,PFSP,32914.0,12.094480991363524
269,NNCO,tai20_20_8,20,PFSP,33837.0,17.59081745147705
270,NNCO,tai20_10_9,20,PFSP,21682.0,16.4472815990448
271,NNCO,tai20_5_9,20,PFSP,13334.0,16.793519973754883
274,NNCO,tai50_10_9,50,PFSP,92165.0,142.62441897392273
279,NNCO,tai50_20_9,50,PFSP,129357.0,146.65023374557495
282,NNCO,tai100_20_9,100,PFSP,397743.0,1074.4355552196505
283,NNCO,tai20_20_9,20,PFSP,32929.0,21.4089515209198
289,NNCO,tai100_20_8,100,PFSP,390915.0,1158.0857083797457
291,NNCO,tai20_5_8,20,PFSP,14584.0,15.608381986618042
293,NNCO,tai200_20_9,200,PFSP,1296815.0,6883.546601295471
294,NNCO,tai20_10_9,20,PFSP,21662.0,15.060571193695068
295,NNCO,tai50_10_8,50,PFSP,90281.0,102.36017155647278
296,NNCO,tai20_5_9,20,PFSP,13255.0,16.225638151168823
300,NNCO,tai100_5_8,100,PFSP,255641.0,1353.1404163837433
302,NNCO,tai20_5_9,20,PFSP,13275.0,19.827035665512085
311,NNCO,tai100_20_9,100,PFSP,395854.0,1146.668021440506
312,NNCO,tai20_5_9,20,PFSP,13261.0,15.744724035263062
313,NNCO,tai50_20_8,50,PFSP,127816.0,192.7606747150421
318,NNCO,tai200_20_9,200,PFSP,1290053.0,9888.350289344788
319,NNCO,tai200_20_8,200,PFSP,1278180.0,8205.028693199158
323,NNCO,tai50_20_9,50,PFSP,129477.0,110.880535364151
326,NNCO,tai100_5_8,100,PFSP,255936.0,724.345166683197
328,NNCO,tai50_5_8,50,PFSP,65029.0,104.57901120185852
330,NNCO,tai20_20_9,20,PFSP,32974.0,15.925148010253906
333,NNCO,tai50_5_9,50,PFSP,70910.0,173.8404290676117
335,NNCO,tai20_20_9,20,PFSP,33019.0,17.59800696372986
336,NNCO,tai50_5_9,50,PFSP,70704.0,88.30243110656738
338,NNCO,tai50_5_8,50,PFSP,64795.0,122.37055921554564
339,NNCO,tai200_10_8,200,PFSP,1061777.0,9374.57697057724
342,NNCO,tai200_10_8,200,PFSP,1063275.0,8829.683987379074
343,NNCO,tai50_10_9,50,PFSP,92091.0,103.14452767372131
345,NNCO,tai50_5_8,50,PFSP,64950.0,133.62003087997437
346,NNCO,tai20_10_9,20,PFSP,21730.0,17.092944383621216
350,NNCO,tai100_20_9,100,PFSP,396186.0,808.6571261882782
351,NNCO,tai50_10_9,50,PFSP,91857.0,176.99532985687256
353,NNCO,tai200_20_9,200,PFSP,1296556.0,12383.831502914429
355,NNCO,tai200_20_8,200,PFSP,1273874.0,13422.60208940506
356,NNCO,tai50_10_8,50,PFSP,89386.0,144.98114228248596
357,NNCO,tai50_20_8,50,PFSP,127711.0,175.3669397830963
373,NNCO,tai200_20_9,200,PFSP,1293041.0,6887.72896194458
379,NNCO,tai200_20_9,200,PFSP,1295466.0,13257.94922876358
380,NNCO,tai100_5_9,100,PFSP,250005.0,1058.9500269889832
383,NNCO,tai200_20_8,200,PFSP,1277002.0,13763.65024805069
384,NNCO,tai20_5_8,20,PFSP,14581.0,10.400541067123411
386,NNCO,tai50_10_9,50,PFSP,92059.0,139.0480980873108
387,NNCO,tai50_20_8,50,PFSP,127468.0,156.72471284866333
391,NNCO,tai20_5_9,20,PFSP,13285.0,13.513643503189089
395,NNCO,tai20_10_8,20,PFSP,20873.0,19.686561822891235
396,NNCO,tai100_5_8,100,PFSP,255209.0,1364.208820104599
397,NNCO,tai50_5_8,50,PFSP,64977.0,103.27178287506104
399,NNCO,tai50_5_9,50,PFSP,70699.0,104.56957912445068
401,NNCO,tai20_10_8,20,PFSP,20925.0,20.228943586349487
404,NNCO,tai100_20_9,100,PFSP,397897.0,1558.9288816452026
405,NNCO,tai20_10_8,20,PFSP,20835.0,15.971269369125366
408,NNCO,tai200_20_8,200,PFSP,1275179.0,12590.50925397873
411,NNCO,tai50_10_9,50,PFSP,93001.0,181.6977641582489
412,NNCO,tai200_20_8,200,PFSP,1275851.0,12664.561824560164
414,NNCO,tai50_20_8,50,PFSP,127231.0,145.8707845211029
416,NNCO,tai50_5_9,50,PFSP,70803.0,134.52518892288208
417,NNCO,tai50_20_9,50,PFSP,128586.0,111.1468698978424
418,NNCO,tai50_20_8,50,PFSP,127703.0,148.89117074012756
419,NNCO,tai100_20_8,100,PFSP,390738.0,898.4344809055328
420,NNCO,tai50_5_8,50,PFSP,65552.0,171.43637537956238
425,NNCO,tai20_20_9,20,PFSP,33111.0,15.949495315551758
426,NNCO,tai100_20_8,100,PFSP,388894.0,1179.05331492424
427,NNCO,tai200_10_9,200,PFSP,1080295.0,7677.031870603561
433,NNCO,tai50_5_9,50,PFSP,70864.0,171.69882106781006
435,NNCO,tai100_5_9,100,PFSP,250924.0,1360.3986945152285
436,NNCO,tai100_20_9,100,PFSP,398330.0,1158.7072803974152
438,NNCO,tai50_5_9,50,PFSP,70799.0,130.1686291694641
443,NNCO,tai20_20_9,20,PFSP,33067.0,20.75510811805725
445,NNCO,tai100_5_9,100,PFSP,250197.0,1376.9692826271057
446,NNCO,tai50_10_9,50,PFSP,92102.0,134.09731554985046
449,NNCO,tai200_20_8,200,PFSP,1273894.0,8261.202065467834
451,NNCO,tai50_20_9,50,PFSP,128531.0,144.3037040233612
452,NNCO,tai100_5_9,100,PFSP,251313.0,1354.694000005722
453,NNCO,tai20_20_8,20,PFSP,33981.0,15.646305561065674
457,NNCO,tai20_20_8,20,PFSP,33946.0,17.528971433639526
459,NNCO,tai200_10_8,200,PFSP,1058487.0,9248.706865549088
466,NNCO,tai200_10_8,200,PFSP,1063536.0,9379.089445590973
467,NNCO,tai100_20_9,100,PFSP,397077.0,900.4808776378632
471,NNCO,tai50_20_8,50,PFSP,127335.0,115.9587950706482
473,NNCO,tai20_5_9,20,PFSP,13303.0,17.044858694076538
474,NNCO,tai50_20_9,50,PFSP,128319.0,176.61429405212402
481,NNCO,tai100_20_9,100,PFSP,395961.0,1550.25590133667
484,NNCO,tai20_20_8,20,PFSP,33882.0,12.83327054977417
485,NNCO,tai200_20_8,200,PFSP,1279668.0,9698.645574092863
486,NNCO,tai50_20_8,50,PFSP,127873.0,112.1238911151886
489,NNCO,tai20_20_9,20,PFSP,32946.0,17.140023231506348
491,NNCO,tai20_5_9,20,PFSP,13261.0,13.202073097229004
492,NNCO,tai200_20_9,200,PFSP,1294787.0,9532.716704368591
495,NNCO,tai20_10_9,20,PFSP,21754.0,19.69394016265869
496,NNCO,tai100_5_8,100,PFSP,254959.0,819.2979204654694
501,NNCO,tai20_20_9,20,PFSP,32981.0,18.27325415611267
504,NNCO,tai200_10_9,200,PFSP,1072228.0,7651.723869562149
506,NNCO,tai200_10_9,200,PFSP,1073819.0,7793.880941152573
507,NNCO,tai50_10_8,50,PFSP,90367.0,181.76390647888184
512,NNCO,tai200_20_9,200,PFSP,1296570.0,6874.970973491669
513,NNCO,tai20_10_9,20,PFSP,21778.0,17.012471437454224
514,NNCO,tai50_20_8,50,PFSP,127756.0,111.58232164382936
515,NNCO,tai50_20_9,50,PFSP,129562.0,155.99442410469055
519,NNCO,tai200_10_8,200,PFSP,1060701.0,7768.953342437744
525,NNCO,tai50_5_8,50,PFSP,64656.0,166.12178373336792
532,NNCO,tai100_5_9,100,PFSP,250879.0,818.4906041622162
534,NNCO,tai20_5_8,20,PFSP,14643.0,20.32874822616577
540,NNCO,tai100_5_9,100,PFSP,250251.0,1260.0220475196838
544,NNCO,tai50_5_8,50,PFSP,65267.0,130.82407760620117
547,NNCO,tai50_20_8,50,PFSP,127900.0,163.4373152256012
548,NNCO,tai20_5_8,20,PFSP,14556.0,15.25176477432251
549,NNCO,tai50_10_9,50,PFSP,91948.0,162.1665816307068
550,NNCO,tai50_5_8,50,PFSP,64943.0,172.03436946868896
551,NNCO,tai50_5_9,50,PFSP,70988.0,128.3095769882202
554,NNCO,tai200_10_9,200,PFSP,1076267.0,6384.111754655838
556,NNCO,tai200_20_9,200,PFSP,1297978.0,8242.277197599411
557,NNCO,tai100_20_8,100,PFSP,389882.0,1164.2931442260742
559,NNCO,tai20_20_8,20,PFSP,33732.0,22.865947723388672
565,NNCO,tai200_10_9,200,PFSP,1071731.0,7563.573187828064
566,NNCO,tai200_20_9,200,PFSP,1300439.0,9646.091926336288
567,NNCO,tai20_20_9,20,PFSP,32976.0,17.643122673034668
568,NNCO,tai20_20_8,20,PFSP,34020.0,21.989413499832157
570,NNCO,tai20_20_8,20,PFSP,33884.0,17.962252140045166
572,NNCO,tai100_20_8,100,PFSP,389971.0,1421.57785654068
574,NNCO,tai50_5_8,50,PFSP,65215.0,99.69440460205078
575,NNCO,tai20_20_8,20,PFSP,33882.0,16.133631944656372
576,NNCO,tai20_10_8,20,PFSP,20973.0,21.22627091407776
579,NNCO,tai100_5_8,100,PFSP,255568.0,717.2301516532898
582,NNCO,tai50_10_8,50,PFSP,88948.0,146.26990032196045
585,NNCO,tai50_5_9,50,PFSP,70819.0,173.52411103248596
589,NNCO,tai200_10_8,200,PFSP,1065658.0,6356.153129339218
592,NNCO,tai100_5_8,100,PFSP,255561.0,1362.6551158428192
597,NNCO,tai50_20_9,50,PFSP,128662.0,148.7071590423584
599,NNCO,tai20_20_8,20,PFSP,33900.0,21.09114789962769
601,NNCO,tai50_10_8,50,PFSP,89534.0,128.72284507751465
602,NNCO,tai100_5_8,100,PFSP,255538.0,1040.939016342163
603,NNCO,tai100_20_8,100,PFSP,389632.0,900.6400809288025
605,NNCO,tai50_20_8,50,PFSP,127229.0,191.93673515319824
606,NNCO,tai50_10_8,50,PFSP,89900.0,96.4604594707489
608,NNCO,tai50_10_9,50,PFSP,93346.0,138.92920422554016
609,NNCO,tai20_20_9,20,PFSP,32957.0,20.79241275787353
612,NNCO,tai50_5_9,50,PFSP,70273.0,170.87908124923706
614,NNCO,tai20_5_8,20,PFSP,14556.0,14.756508111953735
615,NNCO,tai100_20_9,100,PFSP,395606.0,1546.2632250785828
616,NNCO,tai100_20_9,100,PFSP,394880.0,1530.466162443161
617,NNCO,tai200_20_9,200,PFSP,1297722.0,13742.756709337234
618,NNCO,tai50_5_8,50,PFSP,64776.0,171.55574989318848
621,NNCO,tai100_5_9,100,PFSP,251161.0,1361.936304807663
622,NNCO,tai100_5_8,100,PFSP,255354.0,818.1641511917114
626,NNCO,tai50_5_8,50,PFSP,64913.0,169.96887278556824
630,NNCO,tai100_20_9,100,PFSP,397640.0,1191.553776025772
631,NNCO,tai100_5_9,100,PFSP,250453.0,1241.841391324997
632,NNCO,tai50_5_8,50,PFSP,64947.0,131.71448397636414
638,NNCO,tai100_5_9,100,PFSP,251197.0,1028.7581157684326
640,NNCO,tai20_10_8,20,PFSP,20900.0,17.10413885116577
641,NNCO,tai20_5_9,20,PFSP,13299.0,16.94448232650757
643,NNCO,tai20_10_9,20,PFSP,21799.0,18.744200944900516
645,NNCO,tai20_20_8,20,PFSP,33929.0,8.72162389755249
649,NNCO,tai200_20_8,200,PFSP,1274992.0,8247.68956375122
650,NNCO,tai200_10_9,200,PFSP,1073293.0,6408.987441539764
651,NNCO,tai100_5_9,100,PFSP,250311.0,1346.1057720184326
657,NNCO,tai20_10_9,20,PFSP,21696.0,20.683330535888672
658,NNCO,tai20_5_8,20,PFSP,14556.0,19.722182273864743
663,NNCO,tai50_5_9,50,PFSP,70092.0,172.68575954437256
664,NNCO,tai50_10_9,50,PFSP,92290.0,180.36058712005612
668,NNCO,tai20_5_9,20,PFSP,13287.0,16.779141664505005
669,NNCO,tai20_10_8,20,PFSP,20899.0,20.124131679534912
673,NNCO,tai100_5_8,100,PFSP,255403.0,1074.596468448639
675,NNCO,tai20_10_8,20,PFSP,21077.0,17.039631366729736
679,NNCO,tai20_5_8,20,PFSP,14585.0,12.385783433914185
681,NNCO,tai20_10_8,20,PFSP,20853.0,21.03136396408081
684,NNCO,tai50_5_9,50,PFSP,71064.0,99.64800953865053
685,NNCO,tai100_5_9,100,PFSP,250418.0,1047.2404279708862
686,NNCO,tai20_5_9,20,PFSP,13291.0,20.550475120544437
687,NNCO,tai200_10_9,200,PFSP,1074646.0,8802.663926362991
689,NNCO,tai200_10_9,200,PFSP,1073974.0,7746.024666070938
691,NNCO,tai20_10_8,20,PFSP,20379.0,19.77802443504333
696,NNCO,tai200_20_9,200,PFSP,1291663.0,9580.24742937088
697,NNCO,tai100_5_9,100,PFSP,250549.0,715.140364408493
701,NNCO,tai50_20_8,50,PFSP,127957.0,192.5628867149353
702,NNCO,tai50_20_9,50,PFSP,128535.0,113.77235627174376
703,NNCO,tai50_5_8,50,PFSP,65005.0,137.94808888435364
706,NNCO,tai20_5_8,20,PFSP,14622.0,16.71696639060974
708,NNCO,tai20_5_8,20,PFSP,14569.0,20.814022064208984
709,NNCO,tai200_10_8,200,PFSP,1063440.0,9273.498989105225
710,NNCO,tai20_20_8,20,PFSP,33872.0,13.2224280834198
715,NNCO,tai200_10_8,200,PFSP,1059433.0,8488.102098703384
716,NNCO,tai100_5_9,100,PFSP,250577.0,716.575279712677
717,NNCO,tai100_5_8,100,PFSP,256053.0,1380.4976992607117
718,NNCO,tai100_5_9,100,PFSP,250425.0,804.9686682224274
719,NNCO,tai50_20_8,50,PFSP,127651.0,194.34695291519165
720,NNCO,tai50_20_9,50,PFSP,128617.0,109.8990077972412
721,NNCO,tai20_10_8,20,PFSP,21059.0,16.390679597854614
724,NNCO,tai20_10_9,20,PFSP,21653.0,16.413057804107666
726,NNCO,tai50_20_8,50,PFSP,127947.0,194.414247751236
728,NNCO,tai50_20_9,50,PFSP,128551.0,149.77699279785156
729,NNCO,tai50_20_8,50,PFSP,127918.0,110.95446491241456
732,NNCO,tai50_10_9,50,PFSP,92251.0,108.18898630142212
733,NNCO,tai20_10_8,20,PFSP,20956.0,16.202748775482178
734,NNCO,tai50_20_8,50,PFSP,127417.0,146.88214540481567
736,NNCO,tai200_20_8,200,PFSP,1273814.0,8068.577242851257
739,NNCO,tai20_10_8,20,PFSP,20916.0,20.144657850265503
740,NNCO,tai100_20_8,100,PFSP,389977.0,896.9092288017273
741,NNCO,tai200_20_9,200,PFSP,1299962.0,13446.133728027344
744,NNCO,tai200_10_8,200,PFSP,1060203.0,6374.855781555176
745,NNCO,tai50_20_8,50,PFSP,127815.0,193.5149881839752
748,NNCO,tai200_10_9,200,PFSP,1070837.0,8638.28255701065
750,NNCO,tai20_10_9,20,PFSP,21757.0,17.065027952194214
752,NNCO,tai20_5_9,20,PFSP,13302.0,16.519054174423218
754,NNCO,tai20_20_9,20,PFSP,32978.0,18.05870485305786
755,NNCO,tai20_5_8,20,PFSP,14599.0,18.45369791984558
757,NNCO,tai20_10_9,20,PFSP,21632.0,15.659175634384155
762,NNCO,tai50_20_9,50,PFSP,128672.0,193.35848116874692
764,NNCO,tai50_10_8,50,PFSP,89756.0,103.63897442817688
770,NNCO,tai100_5_8,100,PFSP,255372.0,1064.179393529892
771,NNCO,tai100_20_9,100,PFSP,398806.0,1350.0429544448853
773,NNCO,tai50_10_8,50,PFSP,90003.0,176.34836840629578
774,NNCO,tai20_20_8,20,PFSP,33851.0,16.916754007339478
775,NNCO,tai20_10_9,20,PFSP,21700.0,16.085000038146973
778,NNCO,tai200_20_8,200,PFSP,1278423.0,8144.763720273972
781,NNCO,tai20_10_9,20,PFSP,21642.0,20.635895013809204
786,NNCO,tai20_10_8,20,PFSP,20489.0,20.978135585784912
788,NNCO,tai50_20_8,50,PFSP,127290.0,148.65904140472412
792,NNCO,tai20_5_9,20,PFSP,13190.0,8.61694598197937
800,NNCO,tai20_5_8,20,PFSP,14597.0,16.80031418800354
801,NNCO,tai20_20_8,20,PFSP,33851.0,19.160338640213013
803,NNCO,tai100_20_9,100,PFSP,397632.0,800.264143705368
804,NNCO,tai100_20_8,100,PFSP,389749.0,812.8862504959106
805,NNCO,tai100_5_8,100,PFSP,255031.0,1363.0233585834503
806,NNCO,tai50_20_9,50,PFSP,129342.0,148.55789375305176
812,NNCO,tai20_20_8,20,PFSP,34105.0,23.06769800186157
815,NNCO,tai50_10_9,50,PFSP,91928.0,105.92046856880188
816,NNCO,tai50_20_9,50,PFSP,128034.0,146.96370935440063
817,NNCO,tai200_20_8,200,PFSP,1276251.0,9916.460870027542
818,NNCO,tai50_5_9,50,PFSP,70483.0,137.43188667297363
820,NNCO,tai20_5_9,20,PFSP,13199.0,15.134249925613403
825,NNCO,tai20_20_9,20,PFSP,32890.0,16.426987409591675
826,NNCO,tai50_20_9,50,PFSP,128747.0,111.86623883247375
828,NNCO,tai50_5_9,50,PFSP,71145.0,103.45002293586732
834,NNCO,tai100_20_9,100,PFSP,396416.0,907.5150399208068
840,NNCO,tai50_20_9,50,PFSP,128902.0,115.48243403434752
841,NNCO,tai20_5_8,20,PFSP,14556.0,15.107936143875122
842,NNCO,tai50_5_9,50,PFSP,70625.0,116.98064136505128
847,NNCO,tai200_10_9,200,PFSP,1071738.0,9198.547185182571
848,NNCO,tai20_10_9,20,PFSP,21755.0,15.395779609680176
849,NNCO,tai50_5_9,50,PFSP,71179.0,135.37752485275269
850,NNCO,tai100_20_9,100,PFSP,395757.0,1125.4601740837095
851,NNCO,tai50_10_8,50,PFSP,89849.0,129.4042522907257
854,NNCO,tai100_20_8,100,PFSP,391023.0,1173.575492620468
856,NNCO,tai200_10_8,200,PFSP,1063703.0,6368.955918073654
858,NNCO,tai20_5_8,20,PFSP,14581.0,16.235642433166504
861,NNCO,tai200_20_9,200,PFSP,1301222.0,12578.009286642076
866,NNCO,tai200_20_8,200,PFSP,1282628.0,9672.862562179564
870,NNCO,tai20_5_9,20,PFSP,13206.0,11.4801025390625
875,NNCO,tai20_20_8,20,PFSP,33851.0,15.880892276763916
878,NNCO,tai100_5_8,100,PFSP,255039.0,807.9139401912689
879,NNCO,tai100_20_8,100,PFSP,391561.0,915.9916739463806
880,NNCO,tai50_10_8,50,PFSP,89031.0,131.4741597175598
881,NNCO,tai20_10_8,20,PFSP,20696.0,17.15557336807251
882,NNCO,tai100_20_8,100,PFSP,392153.0,909.8143768310548
883,NNCO,tai100_5_8,100,PFSP,255263.0,812.5448009967804
885,NNCO,tai20_10_9,20,PFSP,21662.0,20.28224778175354
888,NNCO,tai50_5_8,50,PFSP,65278.0,94.30019640922546
889,NNCO,tai200_10_8,200,PFSP,1064160.0,6346.185304164887
891,NNCO,tai20_10_9,20,PFSP,21606.0,12.27625584602356
892,NNCO,tai100_5_8,100,PFSP,255703.0,1049.144986152649
893,NNCO,tai200_10_9,200,PFSP,1074300.0,9386.455723285677
894,NNCO,tai50_20_9,50,PFSP,127881.0,182.8372693061829
895,NNCO,tai200_10_9,200,PFSP,1073390.0,7657.38325548172
898,NNCO,tai100_5_9,100,PFSP,250096.0,1047.8231763839722
899,NNCO,tai200_20_9,200,PFSP,1294186.0,9878.462613105774
901,NNCO,tai20_10_8,20,PFSP,20880.0,12.329539060592651
903,NNCO,tai200_20_9,200,PFSP,1300465.0,13088.879670858383
905,NNCO,tai20_5_8,20,PFSP,14607.0,14.824355363845823
910,NNCO,tai20_10_9,20,PFSP,21697.0,15.32008457183838
912,NNCO,tai200_10_8,200,PFSP,1062192.0,12280.669497966766
914,NNCO,tai50_5_8,50,PFSP,65224.0,99.26076889038086
917,NNCO,tai100_5_9,100,PFSP,250965.0,1045.237338066101
920,NNCO,tai50_10_8,50,PFSP,89622.0,137.9473397731781
921,NNCO,tai100_20_8,100,PFSP,390353.0,1082.5854024887085
927,NNCO,tai200_20_8,200,PFSP,1273326.0,12486.09380197525
933,NNCO,tai100_20_9,100,PFSP,395439.0,1473.8766570091248
934,NNCO,tai20_20_8,20,PFSP,33732.0,15.769601821899414
937,NNCO,tai50_10_9,50,PFSP,91877.0,102.56599164009094
942,NNCO,tai500_20_9,500,PFSP,6928688.0,187641.4788107872
943,NNCO,tai500_20_8,500,PFSP,6880282.0,280832.94365000725
948,NNCO,tai500_20_9,500,PFSP,6938760.0,186607.02693653107
949,NNCO,tai500_20_8,500,PFSP,6876774.0,171532.15599632263
950,NNCO,tai500_20_9,500,PFSP,6917030.0,285964.5634152889
952,NNCO,tai500_20_8,500,PFSP,6894712.0,280815.5203385353
953,NNCO,tai500_20_8,500,PFSP,6880368.0,139835.34993243215
958,NNCO,tai500_20_9,500,PFSP,6925578.0,286611.7779560089
960,NNCO,tai500_20_9,500,PFSP,6912975.0,186607.8808569908
961,NNCO,tai500_20_9,500,PFSP,6917881.0,183705.4414176941
962,NNCO,tai500_20_9,500,PFSP,6917365.0,285953.4942588806
963,NNCO,tai500_20_8,500,PFSP,6877396.0,261782.7267210484
964,NNCO,tai500_20_8,500,PFSP,6867410.0,138863.5885632038
966,NNCO,tai500_20_8,500,PFSP,6881177.0,171538.07978916168
967,NNCO,tai500_20_8,500,PFSP,6884587.0,171898.43308901787
969,NNCO,tai500_20_9,500,PFSP,6923780.0,286566.1714360714
970,NNCO,tai500_20_9,500,PFSP,6926967.0,183704.68968510628
971,NNCO,tai500_20_9,500,PFSP,6912904.0,187642.36829543117
972,NNCO,tai500_20_8,500,PFSP,6877954.0,171522.18858242035
974,NNCO,tai500_20_8,500,PFSP,6878832.0,261776.7275583744
0,UMDA,tai50_20_8,50,PFSP,124624.0,225.0
1,UMDA,tai100_5_9,100,PFSP,253562.0,695.0
2,UMDA,tai100_5_8,100,PFSP,259306.0,1215.0
3,UMDA,tai100_20_8,100,PFSP,391401.0,1374.0
4,UMDA,tai100_20_9,100,PFSP,387263.0,786.0
5,UMDA,tai200_20_8,200,PFSP,1323853.0,7265.0
6,UMDA,tai100_5_8,100,PFSP,257485.0,677.0
7,UMDA,tai100_5_9,100,PFSP,253698.0,1238.0
8,UMDA,tai50_10_8,50,PFSP,87478.0,184.0
9,UMDA,tai20_20_8,20,PFSP,33728.0,6.0
10,UMDA,tai20_10_8,20,PFSP,20330.0,6.0
11,UMDA,tai200_20_9,200,PFSP,1343601.0,7236.0
12,UMDA,tai50_20_9,50,PFSP,126848.0,223.0
13,UMDA,tai200_20_8,200,PFSP,1330186.0,13216.0
14,UMDA,tai50_5_8,50,PFSP,63922.0,276.0
15,UMDA,tai50_10_8,50,PFSP,87519.0,120.0
16,UMDA,tai20_20_9,20,PFSP,32559.0,6.0
17,UMDA,tai100_20_9,100,PFSP,387586.0,977.0
18,UMDA,tai20_5_8,20,PFSP,14543.0,7.0
19,UMDA,tai20_10_9,20,PFSP,21498.0,5.0
20,UMDA,tai20_20_9,20,PFSP,32590.0,6.0
21,UMDA,tai200_20_9,200,PFSP,1345572.0,13194.0
22,UMDA,tai20_5_8,20,PFSP,14515.0,7.0
23,UMDA,tai200_20_8,200,PFSP,1331544.0,7100.0
24,UMDA,tai50_20_8,50,PFSP,124091.0,210.0
25,UMDA,tai20_20_9,20,PFSP,32560.0,5.0
26,UMDA,tai20_10_9,20,PFSP,21464.0,6.0
27,UMDA,tai50_10_8,50,PFSP,87445.0,221.0
28,UMDA,tai100_5_8,100,PFSP,257748.0,1931.0
29,UMDA,tai200_20_9,200,PFSP,1339919.0,7361.0
30,UMDA,tai200_10_9,200,PFSP,1102800.0,12414.0
31,UMDA,tai100_5_9,100,PFSP,254017.0,1290.0
32,UMDA,tai50_20_9,50,PFSP,127124.0,205.0
33,UMDA,tai200_20_9,200,PFSP,1347238.0,7414.0
34,UMDA,tai20_10_8,20,PFSP,20330.0,6.0
35,UMDA,tai50_20_9,50,PFSP,126643.0,127.0
36,UMDA,tai200_20_9,200,PFSP,1345952.0,10750.0
37,UMDA,tai20_10_9,20,PFSP,21434.0,10.0
38,UMDA,tai200_10_8,200,PFSP,1102028.0,12142.0
39,UMDA,tai50_10_8,50,PFSP,87248.0,94.0
40,UMDA,tai20_20_8,20,PFSP,33794.0,12.0
41,UMDA,tai20_20_8,20,PFSP,33832.0,6.0
42,UMDA,tai200_10_8,200,PFSP,1101369.0,10623.0
43,UMDA,tai50_20_9,50,PFSP,126802.0,128.0
44,UMDA,tai100_20_8,100,PFSP,386545.0,701.0
45,UMDA,tai50_10_8,50,PFSP,86969.0,195.0
46,UMDA,tai100_5_9,100,PFSP,253546.0,739.0
47,UMDA,tai200_10_8,200,PFSP,1101455.0,6634.0
48,UMDA,tai50_5_9,50,PFSP,69940.0,163.0
49,UMDA,tai50_5_9,50,PFSP,69762.0,302.0
50,UMDA,tai20_10_9,20,PFSP,21483.0,6.0
51,UMDA,tai100_20_8,100,PFSP,384063.0,1358.0
52,UMDA,tai100_20_8,100,PFSP,381944.0,1467.0
53,UMDA,tai100_20_9,100,PFSP,389057.0,1368.0
54,UMDA,tai20_20_8,20,PFSP,33728.0,6.0
55,UMDA,tai50_5_9,50,PFSP,69967.0,172.0
56,UMDA,tai50_10_8,50,PFSP,87376.0,110.0
57,UMDA,tai50_5_9,50,PFSP,69900.0,180.0
58,UMDA,tai200_10_8,200,PFSP,1102466.0,11705.0
59,UMDA,tai20_5_9,20,PFSP,13108.0,6.0
60,UMDA,tai20_5_8,20,PFSP,14353.0,12.0
61,UMDA,tai200_10_8,200,PFSP,1102081.0,6427.0
62,UMDA,tai20_10_8,20,PFSP,20687.0,11.0
63,UMDA,tai20_20_9,20,PFSP,32563.0,6.0
64,UMDA,tai100_20_8,100,PFSP,383385.0,1385.0
65,UMDA,tai100_5_8,100,PFSP,259125.0,1259.0
66,UMDA,tai50_5_9,50,PFSP,69976.0,143.0
67,UMDA,tai20_5_8,20,PFSP,14377.0,12.0
68,UMDA,tai20_5_9,20,PFSP,12984.0,6.0
69,UMDA,tai50_20_8,50,PFSP,124466.0,207.0
70,UMDA,tai50_5_8,50,PFSP,64016.0,279.0
71,UMDA,tai50_20_8,50,PFSP,124498.0,122.0
72,UMDA,tai50_5_8,50,PFSP,64012.0,143.0
73,UMDA,tai50_5_8,50,PFSP,63977.0,375.0
74,UMDA,tai200_20_9,200,PFSP,1342057.0,7191.0
75,UMDA,tai100_5_8,100,PFSP,257690.0,688.0
76,UMDA,tai100_20_9,100,PFSP,388184.0,1493.0
77,UMDA,tai50_20_8,50,PFSP,124684.0,109.0
78,UMDA,tai20_5_8,20,PFSP,14515.0,7.0
79,UMDA,tai100_20_9,100,PFSP,389740.0,1476.0
80,UMDA,tai200_20_8,200,PFSP,1327350.0,7301.0
81,UMDA,tai50_5_9,50,PFSP,70087.0,244.0
82,UMDA,tai50_5_8,50,PFSP,63953.0,159.0
83,UMDA,tai100_20_9,100,PFSP,387113.0,1510.0
84,UMDA,tai20_5_9,20,PFSP,13033.0,11.0
85,UMDA,tai100_5_9,100,PFSP,253132.0,699.0
86,UMDA,tai50_10_9,50,PFSP,91036.0,126.0
87,UMDA,tai20_5_8,20,PFSP,14515.0,6.0
88,UMDA,tai20_5_8,20,PFSP,14514.0,6.0
89,UMDA,tai200_20_8,200,PFSP,1330326.0,13194.0
90,UMDA,tai20_10_8,20,PFSP,20584.0,12.0
91,UMDA,tai20_10_9,20,PFSP,21434.0,5.0
92,UMDA,tai20_10_8,20,PFSP,20330.0,6.0
93,UMDA,tai50_5_9,50,PFSP,69730.0,297.0
94,UMDA,tai50_20_9,50,PFSP,126670.0,124.0
95,UMDA,tai200_10_8,200,PFSP,1098175.0,6714.0
96,UMDA,tai200_20_9,200,PFSP,1344401.0,13333.0
97,UMDA,tai200_10_9,200,PFSP,1105469.0,6770.0
98,UMDA,tai20_20_8,20,PFSP,33672.0,11.0
99,UMDA,tai100_5_8,100,PFSP,258539.0,724.0
100,UMDA,tai20_10_8,20,PFSP,20566.0,11.0
101,UMDA,tai200_20_9,200,PFSP,1345596.0,7331.0
102,UMDA,tai100_20_9,100,PFSP,388184.0,789.0
103,UMDA,tai200_10_8,200,PFSP,1103421.0,11134.0
104,UMDA,tai20_10_9,20,PFSP,21456.0,6.0
105,UMDA,tai100_20_8,100,PFSP,382951.0,765.0
106,UMDA,tai100_20_9,100,PFSP,387951.0,1467.0
107,UMDA,tai20_10_9,20,PFSP,21482.0,14.0
108,UMDA,tai20_5_8,20,PFSP,14515.0,14.0
109,UMDA,tai100_20_8,100,PFSP,381880.0,811.0
110,UMDA,tai50_5_8,50,PFSP,63941.0,166.0
111,UMDA,tai50_5_9,50,PFSP,69746.0,246.0
112,UMDA,tai20_20_8,20,PFSP,33655.0,6.0
113,UMDA,tai20_5_9,20,PFSP,13066.0,6.0
114,UMDA,tai20_20_9,20,PFSP,32571.0,6.0
115,UMDA,tai200_20_8,200,PFSP,1328451.0,13313.0
116,UMDA,tai50_10_9,50,PFSP,90901.0,119.0
117,UMDA,tai200_20_8,200,PFSP,1326488.0,7136.0
118,UMDA,tai200_20_8,200,PFSP,1328906.0,7173.0
119,UMDA,tai20_10_8,20,PFSP,20330.0,13.0
120,UMDA,tai100_5_9,100,PFSP,253812.0,683.0
121,UMDA,tai100_5_8,100,PFSP,258145.0,686.0
122,UMDA,tai50_20_8,50,PFSP,123794.0,121.0
123,UMDA,tai20_20_8,20,PFSP,33698.0,6.0
124,UMDA,tai50_10_9,50,PFSP,91041.0,223.0
125,UMDA,tai200_10_9,200,PFSP,1103055.0,18997.0
126,UMDA,tai20_10_9,20,PFSP,21492.0,12.0
127,UMDA,tai200_20_9,200,PFSP,1342824.0,12838.0
128,UMDA,tai200_10_8,200,PFSP,1102735.0,6686.0
129,UMDA,tai20_5_9,20,PFSP,13133.0,6.0
130,UMDA,tai50_10_9,50,PFSP,90446.0,196.0
131,UMDA,tai50_10_8,50,PFSP,87740.0,211.0
132,UMDA,tai20_5_9,20,PFSP,13191.0,13.0
133,UMDA,tai50_20_8,50,PFSP,124052.0,117.0
134,UMDA,tai100_5_9,100,PFSP,253775.0,1222.0
135,UMDA,tai50_20_9,50,PFSP,127156.0,119.0
136,UMDA,tai20_10_9,20,PFSP,21456.0,6.0
137,UMDA,tai200_20_8,200,PFSP,1329150.0,13333.0
138,UMDA,tai50_5_8,50,PFSP,63889.0,181.0
139,UMDA,tai100_5_9,100,PFSP,254079.0,1302.0
140,UMDA,tai50_20_8,50,PFSP,123800.0,108.0
141,UMDA,tai50_10_9,50,PFSP,90398.0,219.0
142,UMDA,tai200_10_9,200,PFSP,1101000.0,12185.0
143,UMDA,tai20_5_9,20,PFSP,13033.0,6.0
144,UMDA,tai50_20_9,50,PFSP,126739.0,219.0
145,UMDA,tai20_20_8,20,PFSP,33693.0,12.0
146,UMDA,tai100_20_8,100,PFSP,386932.0,897.0
147,UMDA,tai50_20_9,50,PFSP,127065.0,113.0
148,UMDA,tai200_20_9,200,PFSP,1343383.0,13313.0
149,UMDA,tai50_10_8,50,PFSP,87227.0,114.0
150,UMDA,tai50_5_8,50,PFSP,63983.0,172.0
151,UMDA,tai100_20_8,100,PFSP,384138.0,797.0
152,UMDA,tai50_10_9,50,PFSP,90784.0,120.0
153,UMDA,tai200_10_8,200,PFSP,1103135.0,12185.0
154,UMDA,tai200_10_8,200,PFSP,1101354.0,6477.0
155,UMDA,tai50_10_9,50,PFSP,90838.0,132.0
156,UMDA,tai50_10_8,50,PFSP,87419.0,121.0
157,UMDA,tai20_20_8,20,PFSP,33832.0,6.0
158,UMDA,tai100_5_9,100,PFSP,253620.0,738.0
159,UMDA,tai200_10_9,200,PFSP,1104697.0,6726.0
160,UMDA,tai20_10_9,20,PFSP,21487.0,11.0
161,UMDA,tai100_5_9,100,PFSP,253004.0,1255.0
162,UMDA,tai50_5_8,50,PFSP,64002.0,190.0
163,UMDA,tai50_20_8,50,PFSP,124163.0,236.0
164,UMDA,tai50_5_9,50,PFSP,69909.0,164.0
165,UMDA,tai200_10_9,200,PFSP,1101385.0,11705.0
166,UMDA,tai200_10_9,200,PFSP,1104893.0,12142.0
167,UMDA,tai20_20_9,20,PFSP,32610.0,11.0
168,UMDA,tai100_5_8,100,PFSP,257649.0,726.0
169,UMDA,tai20_20_9,20,PFSP,32539.0,12.0
170,UMDA,tai20_20_9,20,PFSP,32654.0,6.0
171,UMDA,tai100_5_8,100,PFSP,257969.0,674.0
172,UMDA,tai20_5_9,20,PFSP,13095.0,13.0
173,UMDA,tai20_10_8,20,PFSP,20353.0,6.0
174,UMDA,tai20_10_8,20,PFSP,20643.0,6.0
175,UMDA,tai100_20_9,100,PFSP,388586.0,945.0
176,UMDA,tai20_5_8,20,PFSP,14353.0,11.0
177,UMDA,tai50_10_8,50,PFSP,87652.0,117.0
178,UMDA,tai200_20_8,200,PFSP,1331657.0,12837.0
179,UMDA,tai100_20_9,100,PFSP,389487.0,787.0
180,UMDA,tai50_10_9,50,PFSP,89618.0,217.0
181,UMDA,tai20_20_8,20,PFSP,33600.0,12.0
182,UMDA,tai200_10_9,200,PFSP,1101591.0,6536.0
183,UMDA,tai100_5_8,100,PFSP,257476.0,1255.0
184,UMDA,tai200_10_9,200,PFSP,1099933.0,6648.0
185,UMDA,tai20_20_9,20,PFSP,32532.0,12.0
186,UMDA,tai20_10_8,20,PFSP,20330.0,7.0
187,UMDA,tai20_5_9,20,PFSP,13038.0,5.0
188,UMDA,tai50_5_8,50,PFSP,63981.0,329.0
189,UMDA,tai20_20_9,20,PFSP,32554.0,12.0
190,UMDA,tai50_20_9,50,PFSP,126609.0,236.0
191,UMDA,tai50_5_9,50,PFSP,69854.0,168.0
192,UMDA,tai50_20_8,50,PFSP,124207.0,112.0
193,UMDA,tai50_10_9,50,PFSP,91100.0,135.0
194,UMDA,tai20_5_9,20,PFSP,12984.0,11.0
195,UMDA,tai50_20_9,50,PFSP,126744.0,125.0
196,UMDA,tai100_20_8,100,PFSP,391053.0,741.0
197,UMDA,tai50_10_9,50,PFSP,90494.0,117.0
198,UMDA,tai200_10_9,200,PFSP,1101362.0,6607.0
199,UMDA,tai20_5_8,20,PFSP,14359.0,7.0
0,RK-EDA,tai200_20_8,200,PFSP,1462496.0,1237.0
1,RK-EDA,tai20_20_8,20,PFSP,35246.0,0.0
2,RK-EDA,tai100_20_9,100,PFSP,441040.0,169.0
3,RK-EDA,tai100_20_8,100,PFSP,436141.0,101.0
4,RK-EDA,tai100_20_9,100,PFSP,444981.0,102.0
5,RK-EDA,tai50_5_9,50,PFSP,79991.0,7.0
6,RK-EDA,tai20_5_8,20,PFSP,15581.0,0.0
7,RK-EDA,tai50_5_8,50,PFSP,73245.0,9.0
8,RK-EDA,tai50_5_8,50,PFSP,73374.0,5.0
9,RK-EDA,tai50_5_8,50,PFSP,73272.0,9.0
10,RK-EDA,tai50_5_8,50,PFSP,73717.0,10.0
11,RK-EDA,tai50_5_9,50,PFSP,79509.0,6.0
12,RK-EDA,tai200_20_9,200,PFSP,1463489.0,804.0
13,RK-EDA,tai20_10_8,20,PFSP,21945.0,1.0
14,RK-EDA,tai100_5_9,100,PFSP,292948.0,48.0
15,RK-EDA,tai20_10_8,20,PFSP,22219.0,1.0
16,RK-EDA,tai50_5_9,50,PFSP,79572.0,12.0
17,RK-EDA,tai100_20_9,100,PFSP,442456.0,167.0
18,RK-EDA,tai100_20_8,100,PFSP,435373.0,102.0
19,RK-EDA,tai100_5_9,100,PFSP,292049.0,74.0
20,RK-EDA,tai200_20_8,200,PFSP,1467427.0,767.0
21,RK-EDA,tai50_10_9,50,PFSP,102028.0,9.0
22,RK-EDA,tai50_10_9,50,PFSP,101973.0,8.0
23,RK-EDA,tai20_20_8,20,PFSP,35136.0,1.0
24,RK-EDA,tai50_20_8,50,PFSP,139367.0,21.0
25,RK-EDA,tai100_20_8,100,PFSP,434666.0,101.0
26,RK-EDA,tai20_20_9,20,PFSP,34147.0,0.0
27,RK-EDA,tai20_5_8,20,PFSP,15782.0,0.0
28,RK-EDA,tai500_20_8,500,PFSP,7807827.0,24020.0
29,RK-EDA,tai50_20_9,50,PFSP,139568.0,21.0
30,RK-EDA,tai20_10_8,20,PFSP,22020.0,0.0
31,RK-EDA,tai100_5_9,100,PFSP,291771.0,75.0
32,RK-EDA,tai50_5_8,50,PFSP,73802.0,6.0
33,RK-EDA,tai500_20_9,500,PFSP,7888048.0,22934.0
34,RK-EDA,tai500_20_8,500,PFSP,7834842.0,24013.0
35,RK-EDA,tai50_10_8,50,PFSP,99343.0,8.0
36,RK-EDA,tai20_10_9,20,PFSP,22895.0,0.0
37,RK-EDA,tai50_10_8,50,PFSP,99095.0,13.0
38,RK-EDA,tai100_20_8,100,PFSP,436413.0,101.0
39,RK-EDA,tai20_10_8,20,PFSP,21786.0,0.0
40,RK-EDA,tai100_5_9,100,PFSP,294078.0,48.0
41,RK-EDA,tai20_20_9,20,PFSP,34352.0,1.0
42,RK-EDA,tai200_10_8,200,PFSP,1229662.0,837.0
43,RK-EDA,tai20_10_9,20,PFSP,22924.0,0.0
44,RK-EDA,tai500_20_9,500,PFSP,7895890.0,22903.0
45,RK-EDA,tai20_20_8,20,PFSP,34990.0,1.0
46,RK-EDA,tai50_20_9,50,PFSP,139196.0,12.0
47,RK-EDA,tai20_10_9,20,PFSP,22723.0,0.0
48,RK-EDA,tai20_5_9,20,PFSP,14219.0,0.0
49,RK-EDA,tai20_20_8,20,PFSP,35043.0,0.0
50,RK-EDA,tai20_20_9,20,PFSP,34363.0,1.0
51,RK-EDA,tai200_10_8,200,PFSP,1227197.0,806.0
52,RK-EDA,tai20_20_9,20,PFSP,34172.0,0.0
53,RK-EDA,tai20_20_8,20,PFSP,35441.0,0.0
54,RK-EDA,tai200_10_9,200,PFSP,1240102.0,573.0
55,RK-EDA,tai20_20_8,20,PFSP,35086.0,1.0
56,RK-EDA,tai20_5_9,20,PFSP,14201.0,0.0
57,RK-EDA,tai20_10_9,20,PFSP,22699.0,1.0
58,RK-EDA,tai50_10_8,50,PFSP,98935.0,8.0
59,RK-EDA,tai100_5_9,100,PFSP,293380.0,87.0
60,RK-EDA,tai100_20_9,100,PFSP,441787.0,168.0
61,RK-EDA,tai200_20_9,200,PFSP,1468933.0,800.0
62,RK-EDA,tai100_5_8,100,PFSP,295849.0,74.0
63,RK-EDA,tai50_10_8,50,PFSP,99024.0,9.0
64,RK-EDA,tai20_10_9,20,PFSP,22878.0,0.0
65,RK-EDA,tai20_10_9,20,PFSP,22914.0,0.0
66,RK-EDA,tai200_10_8,200,PFSP,1228439.0,516.0
67,RK-EDA,tai50_10_9,50,PFSP,101699.0,8.0
68,RK-EDA,tai200_20_8,200,PFSP,1449063.0,1284.0
69,RK-EDA,tai500_20_9,500,PFSP,7906512.0,22950.0
70,RK-EDA,tai20_20_8,20,PFSP,35224.0,0.0
71,RK-EDA,tai50_20_9,50,PFSP,139831.0,21.0
72,RK-EDA,tai50_20_9,50,PFSP,139456.0,20.0
73,RK-EDA,tai50_20_9,50,PFSP,138039.0,15.0
74,RK-EDA,tai50_10_8,50,PFSP,98959.0,13.0
75,RK-EDA,tai50_20_8,50,PFSP,139311.0,12.0
76,RK-EDA,tai50_5_9,50,PFSP,79412.0,12.0
77,RK-EDA,tai20_20_8,20,PFSP,35303.0,1.0
78,RK-EDA,tai50_10_8,50,PFSP,99887.0,9.0
79,RK-EDA,tai50_10_9,50,PFSP,101587.0,13.0
80,RK-EDA,tai20_20_9,20,PFSP,34433.0,0.0
81,RK-EDA,tai50_20_8,50,PFSP,138832.0,21.0
82,RK-EDA,tai50_5_9,50,PFSP,79541.0,10.0
83,RK-EDA,tai20_10_9,20,PFSP,22775.0,1.0
84,RK-EDA,tai100_20_9,100,PFSP,443743.0,123.0
85,RK-EDA,tai100_5_8,100,PFSP,297277.0,75.0
86,RK-EDA,tai200_10_8,200,PFSP,1231214.0,789.0
87,RK-EDA,tai50_5_9,50,PFSP,79260.0,10.0
88,RK-EDA,tai20_5_9,20,PFSP,14169.0,0.0
89,RK-EDA,tai500_20_9,500,PFSP,7898961.0,22942.0
90,RK-EDA,tai20_20_9,20,PFSP,34434.0,1.0
91,RK-EDA,tai50_20_8,50,PFSP,138757.0,15.0
92,RK-EDA,tai200_20_8,200,PFSP,1462101.0,766.0
93,RK-EDA,tai50_10_9,50,PFSP,101073.0,9.0
94,RK-EDA,tai100_20_8,100,PFSP,436663.0,127.0
95,RK-EDA,tai50_5_8,50,PFSP,73800.0,6.0
96,RK-EDA,tai100_5_9,100,PFSP,293803.0,76.0
97,RK-EDA,tai50_5_9,50,PFSP,78980.0,6.0
98,RK-EDA,tai100_5_9,100,PFSP,293444.0,52.0
99,RK-EDA,tai100_5_9,100,PFSP,289207.0,48.0
100,RK-EDA,tai500_20_8,500,PFSP,7846255.0,24033.0
101,RK-EDA,tai20_10_8,20,PFSP,22079.0,0.0
102,RK-EDA,tai500_20_9,500,PFSP,7891498.0,22935.0
103,RK-EDA,tai50_5_8,50,PFSP,73691.0,5.0
104,RK-EDA,tai20_5_9,20,PFSP,14178.0,0.0
105,RK-EDA,tai20_5_8,20,PFSP,15782.0,0.0
106,RK-EDA,tai100_5_9,100,PFSP,291472.0,75.0
107,RK-EDA,tai100_20_9,100,PFSP,441986.0,167.0
108,RK-EDA,tai200_20_9,200,PFSP,1470410.0,803.0
109,RK-EDA,tai50_5_8,50,PFSP,73292.0,5.0
110,RK-EDA,tai200_20_8,200,PFSP,1463485.0,1254.0
111,RK-EDA,tai20_5_9,20,PFSP,14237.0,0.0
112,RK-EDA,tai200_10_9,200,PFSP,1239327.0,789.0
113,RK-EDA,tai200_20_8,200,PFSP,1451183.0,1349.0
114,RK-EDA,tai20_5_9,20,PFSP,14333.0,0.0
115,RK-EDA,tai50_20_9,50,PFSP,138693.0,12.0
116,RK-EDA,tai50_10_8,50,PFSP,99134.0,13.0
117,RK-EDA,tai50_20_8,50,PFSP,138625.0,21.0
118,RK-EDA,tai200_20_9,200,PFSP,1468108.0,968.0
119,RK-EDA,tai200_20_9,200,PFSP,1469085.0,1282.0
120,RK-EDA,tai100_20_8,100,PFSP,434750.0,122.0
121,RK-EDA,tai20_5_8,20,PFSP,15616.0,0.0
122,RK-EDA,tai20_20_8,20,PFSP,35366.0,1.0
123,RK-EDA,tai200_10_8,200,PFSP,1226168.0,624.0
124,RK-EDA,tai20_10_9,20,PFSP,22816.0,1.0
125,RK-EDA,tai50_20_8,50,PFSP,137343.0,22.0
126,RK-EDA,tai100_5_8,100,PFSP,297126.0,47.0
127,RK-EDA,tai20_5_9,20,PFSP,14103.0,0.0
128,RK-EDA,tai100_5_8,100,PFSP,294093.0,74.0
129,RK-EDA,tai500_20_8,500,PFSP,7844515.0,24000.0
130,RK-EDA,tai20_20_9,20,PFSP,34131.0,0.0
131,RK-EDA,tai200_10_8,200,PFSP,1226741.0,806.0
132,RK-EDA,tai200_20_9,200,PFSP,1471120.0,1312.0
133,RK-EDA,tai500_20_8,500,PFSP,7851536.0,24018.0
134,RK-EDA,tai200_20_9,200,PFSP,1468608.0,880.0
135,RK-EDA,tai200_10_8,200,PFSP,1219791.0,598.0
136,RK-EDA,tai200_10_8,200,PFSP,1226658.0,519.0
137,RK-EDA,tai100_5_9,100,PFSP,288805.0,50.0
138,RK-EDA,tai100_5_8,100,PFSP,294839.0,47.0
139,RK-EDA,tai200_20_9,200,PFSP,1464988.0,1284.0
140,RK-EDA,tai20_5_8,20,PFSP,15701.0,0.0
141,RK-EDA,tai200_10_9,200,PFSP,1237381.0,838.0
142,RK-EDA,tai50_5_9,50,PFSP,79840.0,10.0
143,RK-EDA,tai20_20_9,20,PFSP,33688.0,1.0
144,RK-EDA,tai50_5_8,50,PFSP,73047.0,9.0
145,RK-EDA,tai20_5_9,20,PFSP,14244.0,0.0
146,RK-EDA,tai500_20_9,500,PFSP,7878106.0,22931.0
147,RK-EDA,tai50_20_9,50,PFSP,140074.0,14.0
148,RK-EDA,tai100_20_8,100,PFSP,438027.0,167.0
149,RK-EDA,tai20_10_9,20,PFSP,22928.0,1.0
150,RK-EDA,tai50_10_8,50,PFSP,98544.0,9.0
151,RK-EDA,tai200_10_8,200,PFSP,1234168.0,520.0
152,RK-EDA,tai20_10_8,20,PFSP,21984.0,0.0
153,RK-EDA,tai50_20_9,50,PFSP,140356.0,12.0
154,RK-EDA,tai200_20_9,200,PFSP,1467709.0,966.0
155,RK-EDA,tai200_10_8,200,PFSP,1231629.0,568.0
156,RK-EDA,tai50_20_8,50,PFSP,139558.0,12.0
157,RK-EDA,tai20_20_9,20,PFSP,34479.0,0.0
158,RK-EDA,tai20_5_8,20,PFSP,15681.0,0.0
159,RK-EDA,tai100_20_8,100,PFSP,435461.0,168.0
160,RK-EDA,tai20_5_8,20,PFSP,15678.0,0.0
161,RK-EDA,tai100_20_8,100,PFSP,434404.0,167.0
162,RK-EDA,tai100_20_9,100,PFSP,443915.0,101.0
163,RK-EDA,tai100_20_9,100,PFSP,443422.0,158.0
164,RK-EDA,tai500_20_8,500,PFSP,7837766.0,24010.0
165,RK-EDA,tai200_10_9,200,PFSP,1240480.0,519.0
166,RK-EDA,tai20_5_9,20,PFSP,14060.0,0.0
167,RK-EDA,tai50_10_9,50,PFSP,101575.0,17.0
168,RK-EDA,tai20_10_8,20,PFSP,22062.0,1.0
169,RK-EDA,tai200_20_8,200,PFSP,1464392.0,837.0
170,RK-EDA,tai500_20_9,500,PFSP,7890417.0,22995.0
171,RK-EDA,tai500_20_9,500,PFSP,7899543.0,22945.0
172,RK-EDA,tai200_20_8,200,PFSP,1463672.0,1258.0
173,RK-EDA,tai50_20_9,50,PFSP,139455.0,21.0
174,RK-EDA,tai100_5_8,100,PFSP,296354.0,51.0
175,RK-EDA,tai20_10_9,20,PFSP,22991.0,1.0
176,RK-EDA,tai100_5_8,100,PFSP,297046.0,73.0
177,RK-EDA,tai100_20_8,100,PFSP,436721.0,168.0
178,RK-EDA,tai200_20_8,200,PFSP,1455434.0,763.0
179,RK-EDA,tai20_5_8,20,PFSP,15721.0,0.0
180,RK-EDA,tai20_10_8,20,PFSP,21930.0,1.0
181,RK-EDA,tai200_10_9,200,PFSP,1240377.0,602.0
182,RK-EDA,tai50_10_9,50,PFSP,101974.0,13.0
183,RK-EDA,tai500_20_8,500,PFSP,7842715.0,23949.0
184,RK-EDA,tai200_10_9,200,PFSP,1242927.0,518.0
185,RK-EDA,tai20_10_8,20,PFSP,21850.0,0.0
186,RK-EDA,tai50_10_9,50,PFSP,102079.0,8.0
187,RK-EDA,tai100_20_9,100,PFSP,444290.0,101.0
188,RK-EDA,tai50_20_8,50,PFSP,139036.0,12.0
189,RK-EDA,tai100_5_8,100,PFSP,295827.0,47.0
190,RK-EDA,tai20_5_9,20,PFSP,13995.0,0.0
191,RK-EDA,tai500_20_8,500,PFSP,7854203.0,23970.0
192,RK-EDA,tai500_20_9,500,PFSP,7866891.0,22933.0
193,RK-EDA,tai20_5_8,20,PFSP,15330.0,0.0
194,RK-EDA,tai20_20_8,20,PFSP,35076.0,0.0
195,RK-EDA,tai200_10_9,200,PFSP,1243018.0,806.0
196,RK-EDA,tai200_20_9,200,PFSP,1464203.0,1266.0
197,RK-EDA,tai50_5_9,50,PFSP,79101.0,6.0
198,RK-EDA,tai50_5_8,50,PFSP,73702.0,6.0
199,RK-EDA,tai50_20_9,50,PFSP,140060.0,21.0
200,RK-EDA,tai50_10_8,50,PFSP,97565.0,8.0
201,RK-EDA,tai20_20_9,20,PFSP,34231.0,1.0
202,RK-EDA,tai50_20_8,50,PFSP,139037.0,14.0
203,RK-EDA,tai500_20_8,500,PFSP,7834259.0,24044.0
204,RK-EDA,tai20_10_8,20,PFSP,21714.0,1.0
205,RK-EDA,tai50_5_9,50,PFSP,79231.0,10.0
206,RK-EDA,tai500_20_9,500,PFSP,7874429.0,22995.0
207,RK-EDA,tai200_10_9,200,PFSP,1226307.0,517.0
208,RK-EDA,tai50_10_9,50,PFSP,101308.0,14.0
209,RK-EDA,tai100_5_8,100,PFSP,297702.0,47.0
210,RK-EDA,tai50_20_8,50,PFSP,138895.0,22.0
211,RK-EDA,tai50_10_9,50,PFSP,102348.0,14.0
212,RK-EDA,tai100_5_8,100,PFSP,297108.0,87.0
213,RK-EDA,tai500_20_8,500,PFSP,7808794.0,24004.0
214,RK-EDA,tai200_10_9,200,PFSP,1234510.0,807.0
215,RK-EDA,tai50_10_8,50,PFSP,99125.0,13.0
216,RK-EDA,tai20_5_8,20,PFSP,15715.0,0.0
217,RK-EDA,tai200_20_8,200,PFSP,1460831.0,932.0
218,RK-EDA,tai100_20_9,100,PFSP,441921.0,101.0
219,RK-EDA,tai200_10_9,200,PFSP,1245707.0,1025.0
