instance,repetition,algorithm,best fitness,elapsed time in secs,pop size,trunc size
N-be75eec,2819618,PLEDA,233435.000,117.610,50,10
N-t59b11xx,920889,PLEDA,208145.000,1464.175,4400,2200
N-be75eec,225964,PLEDA,232697.000,587.188,500,100
N-stabu70,4015954,PLEDA,357806.000,982.327,600,120
N-stabu70,622056,PLEDA,358806.000,2437.504,600,300
N-stabu1_250,7732149,PLEDA,7467386.000,329634.330,2500,750
N-stabu70,469593,PLEDA,354034.000,174.067,60,12
N-stabu70,5817871,PLEDA,356340.000,1369.717,600,120
N-be75eec_150,1117857,PLEDA,3274918.000,10044.238,150,45
N-be75eec_150,924773,PLEDA,3321526.000,58260.713,15000,7500
N-be75eec_150,614915,PLEDA,3351670.000,92523.110,1500,750
N-stabu1_250,7311722,PLEDA,7270928.000,52735.554,250,50
N-stabu1_250,8923836,PLEDA,7451751.000,207994.728,25000,7500
N-be75eec_150,289486,PLEDA,3258504.000,5273.805,150,30
N-stabu70,1714985,PLEDA,358152.000,2407.388,6000,1800
N-be75eec,7821124,PLEDA,233172.000,1455.262,500,250
N-t59b11xx,8524083,PLEDA,207495.000,346.805,440,88
N-be75eec,8420404,PLEDA,234671.000,731.676,50,25
N-t59b11xx,469132,PLEDA,205980.000,40.167,44,8
N-be75eec_150,1815561,PLEDA,3337911.000,71255.403,15000,7500
N-stabu70,151164,PLEDA,356700.000,2452.397,600,300
N-be75eec,3318614,PLEDA,232860.000,1746.977,500,250
N-be75eec_150,4218156,PLEDA,3342681.000,44669.742,1500,750
N-stabu70,4017382,PLEDA,359263.000,991.310,600,120
N-stabu1_250,4426779,PLEDA,7458317.000,196962.723,25000,7500
N-stabu70,35454,PLEDA,356222.000,2054.403,60,30
N-be75eec,8124339,PLEDA,232960.000,1431.624,5000,2500
N-be75eec,4630313,PLEDA,232704.000,159.414,50,10
N-be75eec,5024413,PLEDA,233570.000,782.180,500,150
N-stabu1_250,36544,PLEDA,7390970.000,166739.946,250,125
N-t59b11xx,345797,PLEDA,208295.000,369.823,4400,880
N-stabu1_250,3110758,PLEDA,7452218.000,250812.719,2500,500
N-be75eec_150,1329645,PLEDA,3351278.000,16853.592,1500,300
N-be75eec,8893,PLEDA,233101.000,819.986,5000,1500
N-be75eec,4210404,PLEDA,233964.000,1452.627,500,250
N-stabu70,36266,PLEDA,357928.000,3002.645,6000,3000
N-stabu70,3332026,PLEDA,357757.000,2436.244,600,300
N-stabu70,430393,PLEDA,358008.000,1552.515,600,120
N-t59b11xx,1731466,PLEDA,208145.000,918.926,4400,1320
N-be75eec_150,72421,PLEDA,3345433.000,57535.057,15000,3000
N-t59b11xx,187994,PLEDA,208145.000,2139.650,4400,2200
N-stabu70,198764,PLEDA,353769.000,188.569,60,12
N-be75eec,7727080,PLEDA,233964.000,866.508,500,150
N-stabu1_250,3817320,PLEDA,7375599.000,83710.567,250,75
N-stabu70,4430149,PLEDA,358054.000,1460.767,6000,1800
N-stabu1_250,2817995,PLEDA,7270078.000,50269.717,250,50
N-be75eec,93559,PLEDA,233117.000,1386.733,5000,2500
N-be75eec,5524622,PLEDA,232229.000,149.800,50,10
N-stabu70,61110,PLEDA,358591.000,3600.764,600,300
N-stabu70,539162,PLEDA,358126.000,1446.724,6000,1800
N-be75eec,5317534,PLEDA,233279.000,841.363,5000,1500
N-stabu1_250,224817,PLEDA,7297315.000,159547.162,250,75
N-t59b11xx,5112401,PLEDA,208425.000,985.260,440,220
N-be75eec_150,1011903,PLEDA,3249481.000,8766.672,150,30
N-stabu70,116930,PLEDA,353539.000,281.722,60,12
N-be75eec_150,8929620,PLEDA,3338394.000,81661.052,15000,4500
N-be75eec,869065,PLEDA,233878.000,877.010,500,150
N-stabu1_250,8227395,PLEDA,7295883.000,52651.993,250,50
N-be75eec,5114578,PLEDA,233240.000,1457.354,500,250
N-stabu1_250,1828597,PLEDA,7446418.000,308680.196,25000,12500
N-be75eec,636447,PLEDA,233116.000,1465.076,5000,2500
N-stabu70,211622,PLEDA,355753.000,421.950,60,18
N-be75eec,3510803,PLEDA,233097.000,1177.940,5000,1500
N-be75eec_150,685262,PLEDA,3338325.000,24147.139,1500,450
N-stabu70,7429988,PLEDA,355868.000,841.474,60,18
N-be75eec_150,3316267,PLEDA,3327282.000,76979.257,1500,750
N-be75eec_150,2429456,PLEDA,3316181.000,43454.214,1500,750
N-t59b11xx,109415,PLEDA,204670.000,38.060,44,8
N-stabu70,113904,PLEDA,355422.000,205.729,60,12
N-stabu70,32055,PLEDA,356609.000,1547.343,60,30
N-stabu1_250,1722584,PLEDA,7451677.000,221427.007,25000,7500
N-t59b11xx,655685,PLEDA,207000.000,67.639,44,13
N-stabu70,718369,PLEDA,357805.000,941.569,6000,1200
N-stabu1_250,6527858,PLEDA,7321327.000,91366.974,250,75
N-stabu70,5727065,PLEDA,356531.000,2125.052,60,30
N-stabu70,3613001,PLEDA,357758.000,2568.890,6000,3000
N-stabu70,797260,PLEDA,357809.000,1422.154,6000,1200
N-t59b11xx,786316,PLEDA,207705.000,987.752,440,220
N-stabu70,854333,PLEDA,357978.000,1561.363,600,120
N-stabu1_250,364119,PLEDA,7439828.000,309794.260,25000,12500
N-be75eec_150,7311937,PLEDA,3255714.000,6758.497,150,30
N-stabu1_250,465255,PLEDA,7246987.000,30187.203,250,50
N-stabu1_250,475234,PLEDA,7335690.000,83106.661,250,75
N-stabu1_250,4121047,PLEDA,7458876.000,174456.881,2500,750
N-stabu1_250,632612,PLEDA,7443369.000,248116.975,2500,1250
N-be75eec,7611135,PLEDA,234094.000,592.962,500,100
N-stabu70,5929037,PLEDA,358615.000,1951.306,600,180
N-t59b11xx,5928201,PLEDA,209115.000,580.252,440,132
N-stabu1_250,113749,PLEDA,7290386.000,53004.717,250,50
N-stabu1_250,84962,PLEDA,7439126.000,335216.573,25000,7500
N-stabu70,2721508,PLEDA,358128.000,2927.463,6000,3000
N-be75eec_150,296321,PLEDA,3249006.000,17972.400,150,45
N-be75eec,8912349,PLEDA,233097.000,815.565,5000,1500
N-stabu1_250,4514737,PLEDA,7440875.000,314072.838,25000,12500
N-be75eec,3413007,PLEDA,233120.000,756.790,5000,1000
N-t59b11xx,437261,PLEDA,208145.000,516.538,4400,880
N-stabu70,4315479,PLEDA,357854.000,963.379,6000,1200
N-be75eec_150,172510,PLEDA,3336050.000,43175.933,15000,4500
N-be75eec,2320042,PLEDA,233362.000,887.170,500,150
N-stabu70,3121868,PLEDA,357348.000,985.195,600,120
N-be75eec,727750,PLEDA,233252.000,558.743,5000,1000
N-stabu70,5011472,PLEDA,358063.000,1453.798,600,180
N-stabu1_250,3218295,PLEDA,7454424.000,175750.870,2500,750
N-t59b11xx,289480,PLEDA,206465.000,60.746,44,8
N-t59b11xx,4729046,PLEDA,207110.000,68.080,44,13
N-t59b11xx,9014230,PLEDA,208145.000,885.141,4400,2200
N-be75eec_150,4729434,PLEDA,3262202.000,19733.453,150,45
N-stabu70,6920289,PLEDA,357262.000,2223.312,600,300
N-be75eec_150,5922218,PLEDA,3347199.000,25668.289,1500,450
N-stabu1_250,831757,PLEDA,7318546.000,89089.862,250,75
N-t59b11xx,614778,PLEDA,208425.000,985.964,440,220
N-stabu1_250,1921037,PLEDA,7271397.000,55567.913,250,50
N-be75eec_150,7828500,PLEDA,3331458.000,72872.110,1500,750
N-be75eec_150,3027305,PLEDA,3292771.000,39074.457,150,75
N-be75eec,216230,PLEDA,232951.000,355.197,50,15
N-be75eec_150,849841,PLEDA,3316281.000,39629.109,150,75
N-stabu70,915826,PLEDA,357695.000,2511.971,6000,3000
N-t59b11xx,7319598,PLEDA,206260.000,36.424,44,8
N-stabu70,6720082,PLEDA,358819.000,1177.266,600,120
N-stabu70,3011205,PLEDA,356689.000,2240.227,60,30
N-stabu1_250,561520,PLEDA,7349532.000,78103.675,250,75
N-t59b11xx,2121935,PLEDA,207865.000,342.409,44,22
N-be75eec_150,8013989,PLEDA,3333122.000,49948.273,15000,4500
N-be75eec_150,783137,PLEDA,3327858.000,43173.448,1500,750
N-be75eec,2921963,PLEDA,233059.000,220.809,50,15
N-stabu70,7026066,PLEDA,358019.000,1635.198,6000,1200
N-t59b11xx,128261,PLEDA,206320.000,60.801,44,8
N-be75eec,2519202,PLEDA,233120.000,534.066,5000,1000
N-be75eec,2725061,PLEDA,233116.000,2341.946,5000,2500
N-stabu1_250,7919012,PLEDA,7461260.000,156644.768,25000,5000
N-stabu70,7012252,PLEDA,357817.000,981.180,6000,1200
N-be75eec_150,7517513,PLEDA,3274028.000,38487.400,150,75
N-be75eec,5023020,PLEDA,234046.000,886.082,500,150
N-stabu70,477718,PLEDA,353595.000,498.526,60,18
N-t59b11xx,1531963,PLEDA,209130.000,1289.070,440,220
N-be75eec_150,506429,PLEDA,3335487.000,37382.495,1500,450
N-be75eec_150,6013898,PLEDA,3348021.000,80134.148,1500,750
N-stabu1_250,5613361,PLEDA,7316370.000,115161.575,250,75
N-t59b11xx,3724434,PLEDA,206085.000,40.412,44,8
N-stabu70,45173,PLEDA,357566.000,2572.629,6000,3000
N-stabu1_250,8824520,PLEDA,7441928.000,302469.626,25000,5000
N-t59b11xx,925988,PLEDA,208145.000,901.043,4400,2200
N-t59b11xx,538132,PLEDA,208145.000,535.185,4400,1320
N-be75eec,8319133,PLEDA,233748.000,201.579,50,15
N-be75eec,8130247,PLEDA,233110.000,1329.036,5000,2500
N-stabu1_250,3720717,PLEDA,7275657.000,35133.877,250,50
N-stabu70,3530625,PLEDA,357714.000,1487.395,6000,1800
N-be75eec_150,242823,PLEDA,3333745.000,83789.263,1500,750
N-stabu1_250,517469,PLEDA,7476794.000,164366.430,2500,750
N-be75eec,644734,PLEDA,232113.000,81.597,50,10
N-stabu1_250,691022,PLEDA,7438963.000,264036.733,2500,1250
N-stabu1_250,7727,PLEDA,7440295.000,246421.853,25000,5000
N-t59b11xx,5526445,PLEDA,206070.000,40.933,44,8
N-be75eec,405433,PLEDA,234005.000,593.004,500,100
N-stabu70,838494,PLEDA,355861.000,692.509,60,18
N-stabu70,7431054,PLEDA,354993.000,458.640,60,18
N-be75eec_150,5618904,PLEDA,3262117.000,10987.350,150,45
N-be75eec_150,2318667,PLEDA,3333343.000,24394.507,1500,450
N-be75eec,453865,PLEDA,233120.000,1406.208,5000,2500
N-t59b11xx,789574,PLEDA,208255.000,871.970,440,220
N-stabu70,8721340,PLEDA,357374.000,3811.895,600,300
N-be75eec,3913410,PLEDA,233634.000,997.393,50,25
N-t59b11xx,6013130,PLEDA,208475.000,977.761,440,220
N-stabu70,398897,PLEDA,356849.000,1226.850,60,30
N-be75eec,1117493,PLEDA,234320.000,186.313,50,15
N-be75eec_150,3931426,PLEDA,3306219.000,64383.774,150,75
N-be75eec_150,148280,PLEDA,3324785.000,24815.574,1500,450
N-be75eec,2430668,PLEDA,233182.000,1297.940,500,250
N-stabu70,4810153,PLEDA,357989.000,1349.623,60,30
N-stabu1_250,114587,PLEDA,7301647.000,65008.270,250,50
N-stabu1_250,611531,PLEDA,7450997.000,154692.172,25000,5000
N-stabu70,606011,PLEDA,357458.000,3626.168,600,300
N-stabu1_250,6127002,PLEDA,7463448.000,123248.300,25000,5000
N-stabu70,4314509,PLEDA,357839.000,952.289,6000,1200
N-be75eec,6222865,PLEDA,233100.000,827.515,5000,1500
N-be75eec_150,426484,PLEDA,3358795.000,28304.631,1500,300
N-be75eec_150,929413,PLEDA,3332178.000,116117.861,15000,7500
N-be75eec,1230964,PLEDA,233986.000,632.627,50,25
N-t59b11xx,1218676,PLEDA,207760.000,294.982,44,22
N-stabu70,3230767,PLEDA,357372.000,1454.619,600,180
N-t59b11xx,4223388,PLEDA,208055.000,971.172,440,220
N-be75eec,419696,PLEDA,233813.000,1143.151,500,150
N-t59b11xx,8314406,PLEDA,206945.000,59.787,44,13
N-t59b11xx,4813543,PLEDA,208370.000,221.302,44,22
N-be75eec_150,7232355,PLEDA,3340171.000,65150.867,15000,7500
N-t59b11xx,332457,PLEDA,208220.000,324.477,44,22
N-be75eec,327924,PLEDA,233353.000,886.293,500,150
N-t59b11xx,7926548,PLEDA,208655.000,352.213,4400,880
N-stabu1_250,6824910,PLEDA,7429257.000,129778.744,2500,750
N-be75eec,1411237,PLEDA,233879.000,870.819,500,150
N-be75eec,2928598,PLEDA,233173.000,314.017,50,15
N-be75eec_150,399355,PLEDA,3310553.000,35096.964,150,75
N-t59b11xx,230766,PLEDA,207730.000,129.876,44,13
N-t59b11xx,7422190,PLEDA,207360.000,84.708,44,13
N-be75eec_150,7524294,PLEDA,3335971.000,38496.542,150,75
N-t59b11xx,7410263,PLEDA,207230.000,64.826,44,13
N-be75eec,8717283,PLEDA,233976.000,2194.462,500,250
N-t59b11xx,3112188,PLEDA,209115.000,546.294,440,88
N-stabu70,4822739,PLEDA,357723.000,2955.613,60,30
N-stabu1_250,8430741,PLEDA,7344111.000,288235.851,250,125
N-be75eec,44117,PLEDA,234778.000,916.716,500,100
N-be75eec,528894,PLEDA,233975.000,881.619,500,150
N-stabu1_250,416509,PLEDA,7462400.000,107519.957,2500,500
N-be75eec,698664,PLEDA,234000.000,1461.994,500,250
N-stabu1_250,6018972,PLEDA,7431651.000,229832.782,2500,1250
N-t59b11xx,7518118,PLEDA,207955.000,170.773,44,22
N-t59b11xx,406773,PLEDA,208420.000,546.363,440,88
N-stabu70,7620817,PLEDA,357436.000,987.857,600,120
N-stabu1_250,2110457,PLEDA,7402405.000,189114.032,250,125
N-stabu1_250,461948,PLEDA,7264527.000,35663.919,250,50
N-stabu1_250,54490,PLEDA,7447663.000,324267.812,25000,12500
N-t59b11xx,6620753,PLEDA,207665.000,131.193,44,22
N-stabu70,7518046,PLEDA,356974.000,1525.087,60,30
N-t59b11xx,5131480,PLEDA,208445.000,980.227,440,220
N-be75eec_150,1521937,PLEDA,3349812.000,42903.525,1500,750
N-be75eec_150,4820319,PLEDA,3297789.000,58249.591,150,75
N-stabu1_250,2618512,PLEDA,7451016.000,386314.181,25000,7500
N-be75eec,4129962,PLEDA,233956.000,889.895,500,150
N-stabu70,53201,PLEDA,358079.000,1410.546,6000,1800
N-t59b11xx,5319025,PLEDA,208145.000,548.152,4400,1320
N-be75eec,3914393,PLEDA,234369.000,1655.650,50,25
N-be75eec,491626,PLEDA,234061.000,587.662,500,100
N-be75eec_150,218449,PLEDA,3288783.000,18530.448,150,45
N-stabu70,5123903,PLEDA,358159.000,2427.533,600,300
N-stabu1_250,127508,PLEDA,7385479.000,180004.563,250,125
N-t59b11xx,1126190,PLEDA,207455.000,137.357,44,13
N-be75eec_150,257496,PLEDA,3347034.000,27322.002,15000,3000
N-stabu70,5529589,PLEDA,350043.000,180.318,60,12
N-be75eec_150,121756,PLEDA,3219545.000,7407.752,150,30
N-stabu1_250,3126586,PLEDA,7457513.000,113201.780,2500,500
N-t59b11xx,2716802,PLEDA,208115.000,895.873,4400,2200
N-stabu70,8124982,PLEDA,358013.000,4761.685,6000,3000
N-t59b11xx,811462,PLEDA,208330.000,793.866,4400,2200
N-stabu1_250,794364,PLEDA,7452118.000,321240.314,25000,5000
N-be75eec,648698,PLEDA,232692.000,86.877,50,10
N-be75eec,3731204,PLEDA,233645.000,114.632,50,10
N-t59b11xx,31663,PLEDA,205320.000,241.522,44,22
N-stabu1_250,513662,PLEDA,7433868.000,262722.181,2500,1250
N-stabu70,1322587,PLEDA,359521.000,977.997,600,120
N-be75eec_150,497144,PLEDA,3342942.000,24049.427,1500,300
N-stabu1_250,4011030,PLEDA,7440183.000,107895.713,2500,500
N-stabu70,6413050,PLEDA,353411.000,179.590,60,12
N-be75eec_150,5414800,PLEDA,3333188.000,59332.632,15000,7500
N-t59b11xx,2718990,PLEDA,208145.000,1367.741,4400,2200
N-t59b11xx,1418514,PLEDA,208550.000,581.684,440,132
N-t59b11xx,7611165,PLEDA,209105.000,357.952,440,88
N-be75eec_150,830080,PLEDA,3341076.000,39590.333,15000,4500
N-t59b11xx,2316668,PLEDA,209130.000,891.542,440,132
N-be75eec,9011174,PLEDA,233120.000,2505.521,5000,2500
N-be75eec,3018586,PLEDA,234124.000,1346.111,50,25
N-stabu1_250,7821372,PLEDA,7467341.000,227950.202,2500,1250
N-stabu1_250,6619758,PLEDA,7399359.000,185114.638,250,125
N-t59b11xx,5020311,PLEDA,209115.000,577.521,440,132
N-stabu70,5030618,PLEDA,358745.000,1449.624,600,180
N-t59b11xx,5018139,PLEDA,209085.000,588.790,440,132
N-t59b11xx,849888,PLEDA,208860.000,219.966,44,22
N-stabu70,1128579,PLEDA,355790.000,403.234,60,18
N-t59b11xx,127105,PLEDA,208360.000,351.362,44,22
N-t59b11xx,6913359,PLEDA,208875.000,870.334,440,220
N-be75eec,3828708,PLEDA,233561.000,298.296,50,15
N-stabu70,1022749,PLEDA,351602.000,181.019,60,12
N-be75eec,3132617,PLEDA,233276.000,799.956,500,100
N-be75eec,3322591,PLEDA,232711.000,1446.142,500,250
N-t59b11xx,6313334,PLEDA,208115.000,894.239,4400,2200
N-t59b11xx,7724588,PLEDA,209055.000,768.097,440,132
N-be75eec,222360,PLEDA,234325.000,363.485,50,15
N-t59b11xx,32422,PLEDA,207885.000,580.984,440,132
N-be75eec_150,5712648,PLEDA,3320085.000,39950.329,150,75
N-stabu1_250,284450,PLEDA,7256279.000,39099.470,250,50
N-stabu70,135035,PLEDA,357604.000,979.994,600,120
N-stabu1_250,2619974,PLEDA,7456990.000,285009.808,25000,7500
N-t59b11xx,184828,PLEDA,208115.000,1412.687,4400,2200
N-stabu70,9011692,PLEDA,357683.000,2614.131,6000,3000
N-t59b11xx,199928,PLEDA,205250.000,56.615,44,8
N-be75eec,5119033,PLEDA,233866.000,1296.987,500,250
N-stabu1_250,5315882,PLEDA,7429503.000,216662.276,25000,7500
N-stabu1_250,8621646,PLEDA,7459159.000,169186.150,2500,750
N-stabu70,296852,PLEDA,355703.000,601.601,60,18
N-stabu70,7823429,PLEDA,358843.000,3682.142,600,300
N-be75eec_150,8616934,PLEDA,3341150.000,25057.354,1500,450
N-be75eec_150,7715086,PLEDA,3333005.000,45445.373,1500,450
N-be75eec,9032678,PLEDA,233153.000,2336.223,5000,2500
N-stabu1_250,1316721,PLEDA,7412389.000,93710.107,2500,500
N-be75eec_150,4321350,PLEDA,3344044.000,25001.956,15000,3000
N-be75eec_150,311678,PLEDA,3328664.000,15198.713,1500,300
N-stabu70,767290,PLEDA,357180.000,981.729,600,120
N-t59b11xx,5210986,PLEDA,208145.000,363.843,4400,880
N-t59b11xx,3518887,PLEDA,208145.000,549.254,4400,1320
N-stabu1_250,1627898,PLEDA,7446143.000,270512.296,25000,5000
N-t59b11xx,3324344,PLEDA,208085.000,1490.966,440,220
N-be75eec_150,4531634,PLEDA,3340323.000,110573.052,15000,7500
N-be75eec,1015729,PLEDA,232266.000,137.137,50,10
N-be75eec,733244,PLEDA,233123.000,159.248,50,10
N-t59b11xx,3623051,PLEDA,208145.000,888.136,4400,2200
N-be75eec,6523808,PLEDA,234368.000,193.688,50,15
N-stabu70,8327095,PLEDA,353348.000,675.038,60,18
N-stabu70,736056,PLEDA,353107.000,230.130,60,12
N-stabu70,129890,PLEDA,356753.000,1615.454,60,30
N-be75eec,6113104,PLEDA,233148.000,561.316,5000,1000
N-be75eec_150,5526321,PLEDA,3262652.000,5699.187,150,30
N-be75eec,2229007,PLEDA,234110.000,523.762,500,100
N-be75eec_150,178077,PLEDA,3336846.000,36348.736,15000,4500
N-stabu1_250,7221268,PLEDA,7438019.000,295729.568,25000,12500
N-t59b11xx,227420,PLEDA,209130.000,395.776,440,88
N-t59b11xx,2614104,PLEDA,208115.000,723.323,4400,1320
N-stabu70,875060,PLEDA,357075.000,4020.528,600,300
N-stabu1_250,1614274,PLEDA,7442791.000,140745.674,25000,5000
N-t59b11xx,80325,PLEDA,208145.000,552.175,4400,1320
N-be75eec_150,1228805,PLEDA,3329645.000,39094.942,150,75
N-be75eec,2023863,PLEDA,233660.000,362.596,50,15
N-t59b11xx,8913690,PLEDA,208115.000,792.509,4400,1320
N-t59b11xx,4123279,PLEDA,209115.000,580.818,440,132
N-be75eec,8321623,PLEDA,233140.000,235.574,50,15
N-be75eec,4720649,PLEDA,233699.000,305.514,50,15
N-t59b11xx,834420,PLEDA,206950.000,74.439,44,13
N-t59b11xx,7317098,PLEDA,206030.000,35.456,44,8
N-stabu1_250,7416527,PLEDA,7320097.000,114727.944,250,75
N-be75eec_150,2117161,PLEDA,3303860.000,39049.914,150,75
N-t59b11xx,6213353,PLEDA,208145.000,530.830,4400,1320
N-t59b11xx,5529317,PLEDA,206960.000,39.508,44,8
N-t59b11xx,7225550,PLEDA,208200.000,1280.045,4400,2200
N-t59b11xx,8410162,PLEDA,208280.000,174.404,44,22
N-stabu70,6631017,PLEDA,356478.000,1891.309,60,30
N-be75eec,7623500,PLEDA,234320.000,522.546,500,100
N-be75eec,5924474,PLEDA,233261.000,882.216,500,150
N-be75eec_150,5825000,PLEDA,3334370.000,17062.831,1500,300
N-t59b11xx,1613344,PLEDA,208145.000,367.448,4400,880
N-stabu1_250,3625840,PLEDA,7458243.000,316499.954,25000,12500
N-t59b11xx,4814971,PLEDA,208440.000,195.505,44,22
N-t59b11xx,40655,PLEDA,208330.000,396.251,440,88
N-stabu1_250,3432657,PLEDA,7461451.000,139264.209,25000,5000
N-be75eec_150,6919221,PLEDA,3331708.000,45703.645,1500,750
N-be75eec,4028472,PLEDA,233660.000,791.386,500,100
N-be75eec,314081,PLEDA,233840.000,802.249,50,25
N-stabu70,5426414,PLEDA,357700.000,2428.063,6000,3000
N-be75eec,3530644,PLEDA,233098.000,1279.467,5000,1500
N-be75eec,6627255,PLEDA,233512.000,756.315,50,25
N-stabu1_250,6510682,PLEDA,7304964.000,69515.798,250,75
N-stabu70,1419750,PLEDA,356988.000,1452.211,600,180
N-stabu1_250,293623,PLEDA,7330309.000,91418.628,250,75
N-stabu1_250,1014751,PLEDA,7288111.000,52087.745,250,50
N-stabu70,212308,PLEDA,355777.000,349.602,60,18
N-be75eec_150,1330065,PLEDA,3331161.000,14169.920,1500,300
N-be75eec,595119,PLEDA,233347.000,880.209,500,150
N-stabu1_250,120100,PLEDA,7280296.000,52079.688,250,50
N-be75eec,212001,PLEDA,234231.000,752.425,50,25
N-stabu1_250,694462,PLEDA,7446053.000,268974.869,2500,1250
N-t59b11xx,762677,PLEDA,209015.000,393.096,440,88
N-be75eec_150,2019410,PLEDA,3280969.000,11877.515,150,45
N-t59b11xx,620028,PLEDA,207785.000,1354.038,440,220
N-be75eec,1914525,PLEDA,233238.000,75.911,50,10
N-stabu1_250,1311096,PLEDA,7467408.000,203032.998,2500,500
N-stabu1_250,4922255,PLEDA,7464520.000,97389.377,2500,500
N-be75eec_150,4629718,PLEDA,3270792.000,4415.627,150,30
N-be75eec_150,269751,PLEDA,3340679.000,37292.319,15000,4500
N-t59b11xx,449731,PLEDA,208145.000,793.262,4400,1320
N-be75eec_150,8224699,PLEDA,3212663.000,8278.304,150,30
N-t59b11xx,348420,PLEDA,208145.000,370.531,4400,880
N-stabu70,2628205,PLEDA,357840.000,2232.738,6000,1800
N-t59b11xx,793573,PLEDA,208685.000,544.966,4400,880
N-t59b11xx,2817070,PLEDA,206115.000,37.304,44,8
N-stabu1_250,3525227,PLEDA,7440210.000,210027.407,25000,7500
N-be75eec_150,412602,PLEDA,3359509.000,24576.098,1500,450
N-stabu70,1116741,PLEDA,354941.000,647.168,60,18
N-stabu1_250,211886,PLEDA,7325115.000,145412.920,250,75
N-stabu70,5614789,PLEDA,354921.000,803.171,60,18
N-t59b11xx,641212,PLEDA,205505.000,35.140,44,8
N-stabu1_250,4228318,PLEDA,7457322.000,272201.954,2500,1250
N-stabu1_250,7422055,PLEDA,7369325.000,149355.123,250,75
N-be75eec,127625,PLEDA,234082.000,696.254,50,25
N-stabu70,8029329,PLEDA,358122.000,1424.003,6000,1800
N-be75eec,824543,PLEDA,232835.000,143.476,50,10
N-stabu1_250,34966,PLEDA,7368068.000,266220.225,250,125
N-be75eec_150,619246,PLEDA,3332232.000,22893.651,15000,3000
N-stabu70,7716530,PLEDA,357938.000,1302.947,600,180
N-t59b11xx,2111603,PLEDA,208475.000,439.581,44,22
N-be75eec,159986,PLEDA,233227.000,2466.634,500,250
N-stabu70,229145,PLEDA,357103.000,979.796,600,120
N-t59b11xx,5729172,PLEDA,208470.000,290.382,44,22
N-stabu1_250,4823151,PLEDA,7383929.000,166852.058,250,125
N-stabu1_250,3318172,PLEDA,7460817.000,257860.539,2500,1250
N-stabu70,7532485,PLEDA,357742.000,2653.958,60,30
N-stabu1_250,371908,PLEDA,7253606.000,31618.185,250,50
N-be75eec,85006,PLEDA,233120.000,839.317,5000,1500
N-stabu70,6512221,PLEDA,356439.000,465.896,60,18
N-t59b11xx,868867,PLEDA,208555.000,506.824,440,132
N-stabu1_250,1120835,PLEDA,7291154.000,119906.969,250,75
N-be75eec_150,83180,PLEDA,3337166.000,63527.134,15000,4500
N-stabu1_250,3416511,PLEDA,7427612.000,148172.364,25000,5000
N-be75eec,8711155,PLEDA,233240.000,1456.529,500,250
N-be75eec,6816894,PLEDA,233394.000,882.492,500,150
N-t59b11xx,2914995,PLEDA,206690.000,84.683,44,13
N-t59b11xx,585398,PLEDA,208630.000,398.445,440,88
N-stabu1_250,1132502,PLEDA,7283704.000,126174.215,250,75
N-stabu70,353818,PLEDA,357746.000,2734.052,6000,1800
N-t59b11xx,562755,PLEDA,207955.000,85.866,44,13
N-be75eec_150,3421221,PLEDA,3333802.000,27356.108,15000,3000
N-stabu1_250,5526162,PLEDA,7245177.000,32204.899,250,50
N-t59b11xx,8130427,PLEDA,208145.000,886.382,4400,2200
N-t59b11xx,3315439,PLEDA,208375.000,973.991,440,220
N-stabu70,1227198,PLEDA,355561.000,1614.710,60,30
N-stabu1_250,764694,PLEDA,7477319.000,84988.243,2500,500
N-be75eec_150,799250,PLEDA,3345992.000,28102.622,15000,3000
N-be75eec_150,443258,PLEDA,3332497.000,44534.821,15000,4500
N-stabu1_250,526091,PLEDA,7464702.000,251071.521,2500,750
N-stabu70,735265,PLEDA,354557.000,189.123,60,12
N-be75eec,603464,PLEDA,233227.000,1437.626,500,250
N-be75eec,7326523,PLEDA,232325.000,150.095,50,10
N-t59b11xx,4622528,PLEDA,205270.000,42.924,44,8
N-be75eec_150,8215758,PLEDA,3237583.000,3765.898,150,30
N-t59b11xx,3812075,PLEDA,207470.000,139.513,44,13
N-stabu70,5818208,PLEDA,358759.000,982.947,600,120
N-be75eec_150,6426031,PLEDA,3253966.000,4930.944,150,30
N-t59b11xx,8611441,PLEDA,208935.000,591.945,440,132
N-stabu1_250,3713937,PLEDA,7258118.000,45134.276,250,50
N-stabu70,5226690,PLEDA,357944.000,966.997,6000,1200
N-be75eec,1553,PLEDA,232717.000,133.229,50,10
N-be75eec,382358,PLEDA,233418.000,279.027,50,15
N-stabu1_250,778863,PLEDA,7470286.000,256987.985,2500,750
N-stabu70,159632,PLEDA,354976.000,2418.803,600,300
N-be75eec_150,382430,PLEDA,3292192.000,20236.570,150,45
N-t59b11xx,22512,PLEDA,209080.000,610.625,440,88
N-be75eec_150,703951,PLEDA,3329974.000,27637.997,15000,3000
N-t59b11xx,8018060,PLEDA,208765.000,516.686,4400,1320
N-t59b11xx,1925332,PLEDA,206230.000,65.625,44,8
N-stabu1_250,8627893,PLEDA,7432516.000,375291.801,2500,750
N-be75eec,7212735,PLEDA,232960.000,1433.872,5000,2500
N-be75eec_150,386783,PLEDA,3253535.000,11194.757,150,45
N-stabu70,44459,PLEDA,358006.000,1581.081,6000,1800
N-be75eec,194217,PLEDA,233636.000,96.574,50,10
N-be75eec,2724116,PLEDA,233097.000,2464.396,5000,2500
N-stabu70,7226142,PLEDA,357717.000,2675.124,6000,3000
N-t59b11xx,1310232,PLEDA,209120.000,546.459,440,88
N-be75eec_150,5432611,PLEDA,3338995.000,68100.193,15000,7500
N-stabu1_250,3029037,PLEDA,7383557.000,317797.151,250,125
N-be75eec_150,5980,PLEDA,3328642.000,22538.213,1500,450
N-stabu1_250,2019624,PLEDA,7331595.000,92247.117,250,75
N-be75eec_150,283569,PLEDA,3238930.000,7627.756,150,30
N-be75eec_150,7315640,PLEDA,3284575.000,5922.602,150,30
N-stabu1_250,5331835,PLEDA,7443639.000,203531.758,25000,7500
N-be75eec_150,2322325,PLEDA,3344286.000,24466.108,1500,450
N-stabu1_250,2911964,PLEDA,7292275.000,173088.999,250,75
N-t59b11xx,1523079,PLEDA,208495.000,1532.023,440,220
N-t59b11xx,529539,PLEDA,208170.000,531.213,4400,880
N-stabu70,2523696,PLEDA,357827.000,1670.667,6000,1200
N-be75eec_150,3710601,PLEDA,3203216.000,4783.509,150,30
N-t59b11xx,479328,PLEDA,207595.000,83.431,44,13
N-stabu1_250,825585,PLEDA,7437765.000,205014.013,25000,7500
N-stabu1_250,458958,PLEDA,7438177.000,297347.064,25000,12500
N-be75eec_150,366673,PLEDA,3329729.000,67773.425,15000,7500
N-stabu1_250,6012299,PLEDA,7448110.000,263839.557,2500,1250
N-be75eec,2622539,PLEDA,233100.000,737.379,5000,1500
N-be75eec_150,6329999,PLEDA,3331420.000,89412.076,15000,7500
N-be75eec,3230541,PLEDA,233371.000,1163.546,500,150
N-be75eec,4427233,PLEDA,233124.000,769.534,5000,1500
N-stabu1_250,8821661,PLEDA,7449904.000,139308.753,25000,5000
N-be75eec_150,7430750,PLEDA,3309614.000,11284.649,150,45
N-stabu70,634706,PLEDA,357736.000,2736.322,6000,3000
N-t59b11xx,7028453,PLEDA,208145.000,371.558,4400,880
N-t59b11xx,7529962,PLEDA,208040.000,378.754,44,22
N-stabu1_250,3926571,PLEDA,7397421.000,165091.306,250,125
N-stabu70,6213929,PLEDA,357881.000,2640.397,6000,1800
N-t59b11xx,23103,PLEDA,207540.000,114.843,44,13
N-be75eec,4418793,PLEDA,233164.000,1454.321,5000,1500
N-stabu70,29316,PLEDA,357025.000,618.780,60,18
N-be75eec_150,9016529,PLEDA,3345272.000,65504.281,15000,7500
N-stabu70,3919197,PLEDA,356206.000,1681.521,60,30
N-be75eec,7029256,PLEDA,233122.000,733.694,5000,1000
N-stabu70,76830,PLEDA,357761.000,1487.357,6000,1200
N-stabu1_250,4113030,PLEDA,7462831.000,142191.904,2500,750
N-t59b11xx,428222,PLEDA,209130.000,618.842,440,88
N-stabu1_250,5222243,PLEDA,7444958.000,154355.391,25000,5000
N-be75eec,745834,PLEDA,235018.000,214.189,50,15
N-be75eec_150,3221372,PLEDA,3340582.000,38161.778,1500,450
N-stabu70,375392,PLEDA,353688.000,166.778,60,12
N-be75eec_150,6620414,PLEDA,3318729.000,65505.097,150,75
N-be75eec,667995,PLEDA,233613.000,1521.784,50,25
N-be75eec_150,61334,PLEDA,3341429.000,38528.713,15000,3000
N-be75eec_150,2621356,PLEDA,3332804.000,37126.311,15000,4500
N-t59b11xx,67196,PLEDA,208360.000,357.378,440,88
N-t59b11xx,8529053,PLEDA,208065.000,398.508,440,88
N-be75eec_150,8122566,PLEDA,3329789.000,96390.693,15000,7500
N-t59b11xx,5430041,PLEDA,208145.000,893.318,4400,2200
N-be75eec,57320,PLEDA,233616.000,1318.903,500,150
N-stabu1_250,4724171,PLEDA,7343340.000,70188.051,250,75
N-stabu1_250,675304,PLEDA,7463759.000,247225.385,2500,500
N-stabu1_250,8918349,PLEDA,7432540.000,388059.814,25000,7500
N-be75eec,94393,PLEDA,233116.000,1410.640,5000,2500
N-be75eec,5427029,PLEDA,233116.000,1304.129,5000,2500
N-stabu1_250,8322587,PLEDA,7359436.000,136369.840,250,75
N-be75eec,621574,PLEDA,233901.000,2186.359,500,250
N-stabu1_250,6427454,PLEDA,7296260.000,34202.178,250,50
N-be75eec_150,161424,PLEDA,3323997.000,58974.108,15000,3000
N-be75eec,1711170,PLEDA,233123.000,817.261,5000,1500
N-be75eec_150,8423566,PLEDA,3311328.000,39651.245,150,75
N-stabu70,1626137,PLEDA,357998.000,960.877,6000,1200
N-stabu70,651354,PLEDA,356342.000,408.488,60,18
N-stabu70,201565,PLEDA,355893.000,556.384,60,18
N-stabu1_250,2728610,PLEDA,7435066.000,310089.913,25000,12500
N-t59b11xx,6128215,PLEDA,208685.000,375.556,4400,880
N-be75eec_150,5615933,PLEDA,3295427.000,17179.245,150,45
N-be75eec_150,4610669,PLEDA,3265390.000,5028.812,150,30
N-be75eec,7510103,PLEDA,234019.000,823.808,50,25
N-stabu1_250,1719835,PLEDA,7440990.000,352015.541,25000,7500
N-stabu70,252786,PLEDA,357752.000,959.826,6000,1200
N-stabu1_250,5014329,PLEDA,7436045.000,167102.829,2500,750
N-be75eec_150,4018117,PLEDA,3353666.000,29029.999,1500,300
N-stabu70,557375,PLEDA,352456.000,174.583,60,12
N-be75eec,2428138,PLEDA,234820.000,1454.109,500,250
N-be75eec,7515002,PLEDA,233811.000,779.380,50,25
N-stabu70,7121524,PLEDA,358083.000,1459.695,6000,1800
N-be75eec_150,325509,PLEDA,3329272.000,24908.581,1500,450
N-t59b11xx,725369,PLEDA,208115.000,791.003,4400,2200
N-be75eec_150,5221842,PLEDA,3330984.000,25641.722,15000,3000
N-be75eec,8621506,PLEDA,233461.000,874.188,500,150
N-stabu1_250,4014496,PLEDA,7459588.000,91914.573,2500,500
N-be75eec,626759,PLEDA,233369.000,1451.410,500,250
N-stabu70,4120053,PLEDA,357653.000,1453.286,600,180
N-stabu1_250,4629655,PLEDA,7280397.000,62243.197,250,50
N-be75eec,7810924,PLEDA,232511.000,1467.712,500,250
N-stabu70,4226724,PLEDA,358671.000,2424.445,600,300
N-be75eec_150,6429350,PLEDA,3273697.000,6475.622,150,30
N-be75eec,2113973,PLEDA,234609.000,815.934,50,25
N-be75eec,8228037,PLEDA,231701.000,134.686,50,10
N-stabu70,918593,PLEDA,357730.000,2889.978,6000,3000
N-t59b11xx,428279,PLEDA,209005.000,1371.406,440,220
N-be75eec_150,6518554,PLEDA,3271528.000,10754.363,150,45
N-be75eec_150,7021716,PLEDA,3332130.000,59440.217,15000,3000
N-stabu70,826755,PLEDA,357705.000,1312.434,6000,1800
N-be75eec_150,1921299,PLEDA,3242026.000,5840.400,150,30
N-stabu1_250,578663,PLEDA,7354539.000,180212.267,250,125
N-be75eec,6719993,PLEDA,232893.000,913.341,500,100
N-t59b11xx,8214787,PLEDA,206090.000,38.452,44,8
N-stabu1_250,7328970,PLEDA,7308235.000,35705.533,250,50
N-stabu1_250,64916,PLEDA,7259842.000,55315.087,250,50
N-be75eec_150,4015805,PLEDA,3328511.000,16363.761,1500,300
N-stabu1_250,622226,PLEDA,7468819.000,361989.948,2500,1250
N-be75eec,5729729,PLEDA,232748.000,944.100,50,25
N-t59b11xx,5416402,PLEDA,208115.000,1161.357,4400,2200
N-stabu70,2226436,PLEDA,356767.000,876.006,600,120
N-stabu1_250,23140,PLEDA,7438965.000,314886.021,2500,750
N-stabu1_250,5118613,PLEDA,7447572.000,273696.075,2500,1250
N-be75eec_150,2917374,PLEDA,3297780.000,15795.895,150,45
N-be75eec,1822391,PLEDA,233120.000,1419.440,5000,2500
N-stabu70,2429401,PLEDA,358094.000,2433.817,600,300
N-stabu70,1718967,PLEDA,357726.000,1412.060,6000,1800
N-t59b11xx,2410597,PLEDA,208955.000,986.443,440,220
N-be75eec_150,772306,PLEDA,3343241.000,36575.509,1500,450
N-be75eec,301788,PLEDA,234104.000,1406.702,50,25
N-be75eec,461985,PLEDA,232569.000,85.408,50,10
N-be75eec_150,1424663,PLEDA,3348011.000,37364.381,1500,450
N-stabu70,6613485,PLEDA,355833.000,1208.466,60,30
N-t59b11xx,6914123,PLEDA,208905.000,1361.722,440,220
N-be75eec_150,1212112,PLEDA,3299934.000,39401.025,150,75
N-be75eec_150,6710261,PLEDA,3339572.000,29042.313,1500,300
N-stabu70,88717,PLEDA,357920.000,1455.094,6000,1800
N-t59b11xx,13205,PLEDA,206210.000,59.120,44,8
N-stabu70,345840,PLEDA,357971.000,1682.424,6000,1200
N-be75eec_150,8331784,PLEDA,3260681.000,17183.200,150,45
N-stabu70,3710359,PLEDA,352711.000,230.798,60,12
N-t59b11xx,83924,PLEDA,208145.000,829.332,4400,1320
N-stabu1_250,4913304,PLEDA,7482566.000,89813.561,2500,500
N-be75eec_150,308559,PLEDA,3308587.000,65284.312,150,75
N-be75eec,3721697,PLEDA,232406.000,154.912,50,10
N-be75eec,5423662,PLEDA,233097.000,1396.802,5000,2500
N-t59b11xx,8819200,PLEDA,208145.000,558.430,4400,880
N-stabu70,512644,PLEDA,357690.000,2062.773,600,180
N-t59b11xx,2615526,PLEDA,208735.000,532.130,4400,1320
N-stabu70,565194,PLEDA,356321.000,336.278,60,18
N-stabu70,6026727,PLEDA,358402.000,4046.102,600,300
N-be75eec_150,4127666,PLEDA,3328535.000,43270.155,1500,450
N-be75eec_150,5531675,PLEDA,3288977.000,6950.485,150,30
N-t59b11xx,397292,PLEDA,208490.000,223.849,44,22
N-be75eec,4823034,PLEDA,233878.000,1037.382,50,25
N-stabu70,3810765,PLEDA,353759.000,567.590,60,18
N-be75eec_150,2223806,PLEDA,3323013.000,16073.057,1500,300
N-stabu70,618051,PLEDA,357723.000,987.744,6000,1200
N-be75eec,6211862,PLEDA,233116.000,833.725,5000,1500
N-stabu1_250,5016989,PLEDA,7458789.000,139515.783,2500,750
N-stabu1_250,6431350,PLEDA,7244940.000,55357.461,250,50
N-be75eec,314282,PLEDA,233991.000,1750.126,50,25
N-be75eec_150,505026,PLEDA,3357724.000,25343.128,1500,450
N-t59b11xx,5829218,PLEDA,208480.000,397.161,440,88
N-t59b11xx,8728167,PLEDA,208825.000,858.036,440,220
N-be75eec_150,5329823,PLEDA,3333975.000,57940.478,15000,4500
N-stabu1_250,1228819,PLEDA,7368953.000,280383.571,250,125
N-t59b11xx,2015425,PLEDA,207490.000,73.773,44,13
N-be75eec,5223045,PLEDA,233124.000,564.507,5000,1000
N-stabu1_250,545294,PLEDA,7448356.000,318494.309,25000,12500
N-stabu1_250,5818809,PLEDA,7452609.000,100537.263,2500,500
N-stabu70,6415830,PLEDA,354157.000,189.348,60,12
N-stabu70,517631,PLEDA,357709.000,3582.833,600,300
N-be75eec_150,8611257,PLEDA,3326954.000,25703.712,1500,450
N-be75eec_150,351237,PLEDA,3338870.000,44621.343,15000,4500
N-stabu1_250,415258,PLEDA,7446577.000,216144.285,2500,500
N-t59b11xx,6029899,PLEDA,208135.000,983.170,440,220
N-stabu1_250,4819787,PLEDA,7335360.000,185621.283,250,125
N-stabu70,84505,PLEDA,356877.000,1127.893,60,30
N-be75eec,4532747,PLEDA,233116.000,2105.667,5000,2500
N-stabu70,6817888,PLEDA,357916.000,1811.711,600,180
N-t59b11xx,4511630,PLEDA,208115.000,1469.428,4400,2200
N-be75eec,4916014,PLEDA,234723.000,935.841,500,100
N-stabu1_250,8429444,PLEDA,7410744.000,181777.120,250,125
N-t59b11xx,6510684,PLEDA,207710.000,69.378,44,13
N-stabu70,3215127,PLEDA,358392.000,2380.485,600,180
N-t59b11xx,1322787,PLEDA,207850.000,557.929,440,88
N-stabu1_250,4319837,PLEDA,7448358.000,140840.942,25000,5000
N-stabu1_250,5515730,PLEDA,7277400.000,54477.210,250,50
N-be75eec,268236,PLEDA,233117.000,1206.447,5000,1500
N-be75eec,8418951,PLEDA,234657.000,1497.176,50,25
N-be75eec_150,3314701,PLEDA,3313482.000,40038.586,1500,750
N-stabu70,7914251,PLEDA,357669.000,1467.056,6000,1200
N-stabu1_250,6715792,PLEDA,7455990.000,91923.171,2500,500
N-be75eec_150,8820028,PLEDA,3329064.000,45276.515,15000,3000
N-stabu70,2318857,PLEDA,355538.000,1455.038,600,180
N-t59b11xx,6610165,PLEDA,208150.000,245.588,44,22
N-be75eec,7910875,PLEDA,233126.000,576.994,5000,1000
N-be75eec,5816906,PLEDA,234941.000,592.560,500,100
N-stabu1_250,392736,PLEDA,7370406.000,188987.224,250,125
N-stabu70,3421162,PLEDA,357941.000,964.504,6000,1200
N-be75eec,638825,PLEDA,233160.000,2220.584,5000,2500
N-stabu70,8612683,PLEDA,356676.000,1997.408,600,180
N-stabu1_250,523569,PLEDA,7442804.000,225679.000,25000,5000
N-be75eec_150,571175,PLEDA,3339072.000,39437.315,150,75
N-be75eec,4729544,PLEDA,233639.000,220.862,50,15
N-be75eec_150,2232747,PLEDA,3338487.000,16531.111,1500,300
N-t59b11xx,256186,PLEDA,208765.000,368.409,4400,880
N-t59b11xx,6314796,PLEDA,208125.000,797.571,4400,2200
N-stabu70,339041,PLEDA,356811.000,2434.471,600,300
N-be75eec_150,512713,PLEDA,3339378.000,41827.415,1500,750
N-stabu1_250,751919,PLEDA,7406236.000,241634.878,250,125
N-be75eec_150,7927986,PLEDA,3339258.000,56945.410,15000,3000
N-stabu1_250,2012054,PLEDA,7314216.000,153899.385,250,75
N-be75eec,1623389,PLEDA,233124.000,860.164,5000,1000
N-be75eec_150,325264,PLEDA,3342533.000,39696.198,150,75
N-t59b11xx,7111260,PLEDA,208145.000,547.141,4400,1320
N-be75eec,3410798,PLEDA,233103.000,565.967,5000,1000
N-stabu70,5915409,PLEDA,355982.000,1302.672,600,180
N-be75eec_150,2713259,PLEDA,3327625.000,67284.603,15000,7500
N-t59b11xx,1429549,PLEDA,208360.000,902.711,440,132
N-be75eec,694495,PLEDA,233240.000,1455.218,500,250
N-stabu70,162178,PLEDA,357775.000,928.356,6000,1200
N-be75eec_150,1613933,PLEDA,3341084.000,24964.375,15000,3000
N-stabu70,639810,PLEDA,357700.000,4553.002,6000,3000
N-t59b11xx,722131,PLEDA,208655.000,554.621,4400,880
N-stabu70,8931328,PLEDA,357982.000,1483.885,6000,1800
N-t59b11xx,1113927,PLEDA,207510.000,142.310,44,13
N-be75eec_150,581131,PLEDA,3349803.000,16291.815,1500,300
N-t59b11xx,5625695,PLEDA,207360.000,95.525,44,13
N-be75eec_150,6212455,PLEDA,3339863.000,39579.728,15000,4500
N-stabu1_250,6212614,PLEDA,7449348.000,182408.348,25000,7500
N-be75eec,1314170,PLEDA,233936.000,586.417,500,100
N-stabu1_250,2419730,PLEDA,7466081.000,223951.311,2500,1250
N-t59b11xx,6230518,PLEDA,208145.000,514.256,4400,1320
N-be75eec_150,4713865,PLEDA,3275960.000,17452.558,150,45
N-be75eec,7211543,PLEDA,233097.000,1444.857,5000,2500
N-be75eec_150,104684,PLEDA,3249601.000,5462.327,150,30
N-stabu1_250,4412619,PLEDA,7446381.000,209399.934,25000,7500
N-stabu1_250,327139,PLEDA,7450829.000,142985.200,2500,750
N-t59b11xx,2029235,PLEDA,207355.000,112.460,44,13
N-t59b11xx,7010225,PLEDA,208115.000,347.568,4400,880
N-t59b11xx,3110756,PLEDA,209130.000,396.992,440,88
N-be75eec,121511,PLEDA,232462.000,90.583,50,10
N-be75eec_150,6610026,PLEDA,3311586.000,39178.975,150,75
N-t59b11xx,5727282,PLEDA,208660.000,179.440,44,22
N-be75eec_150,8732,PLEDA,3337654.000,46117.900,1500,750
N-t59b11xx,3523698,PLEDA,208135.000,1234.799,4400,1320
N-be75eec,796566,PLEDA,233123.000,556.630,5000,1000
N-stabu70,3123605,PLEDA,357888.000,979.848,600,120
N-be75eec,5617329,PLEDA,234086.000,184.358,50,15
N-stabu1_250,6321033,PLEDA,7443878.000,325776.511,25000,12500
N-stabu70,789684,PLEDA,357328.000,3490.883,600,300
N-stabu70,3812704,PLEDA,356313.000,332.203,60,18
N-t59b11xx,514942,PLEDA,209025.000,763.272,440,132
N-be75eec,1727098,PLEDA,233100.000,833.694,5000,1500
N-be75eec_150,8824313,PLEDA,3346585.000,23102.240,15000,3000
N-stabu70,722297,PLEDA,358145.000,2672.996,6000,3000
N-be75eec,658697,PLEDA,229255.000,259.408,50,15
N-t59b11xx,1718674,PLEDA,208145.000,530.524,4400,1320
N-be75eec,2314350,PLEDA,233330.000,778.387,500,150
N-be75eec_150,763523,PLEDA,3342348.000,16012.133,1500,300
N-be75eec_150,637254,PLEDA,3338198.000,61613.948,15000,7500
N-be75eec_150,4919131,PLEDA,3365930.000,16333.054,1500,300
N-be75eec_150,43142,PLEDA,3340571.000,39521.264,15000,3000
N-stabu70,1812224,PLEDA,357852.000,2495.373,6000,3000
N-t59b11xx,363041,PLEDA,208145.000,885.748,4400,2200
N-be75eec,165671,PLEDA,233309.000,554.313,5000,1000
N-t59b11xx,885220,PLEDA,208215.000,541.455,4400,880
N-stabu1_250,7019510,PLEDA,7453159.000,152715.793,25000,5000
N-be75eec_150,127214,PLEDA,3243955.000,9027.058,150,30
N-stabu1_250,1424636,PLEDA,7472761.000,354147.722,2500,750
N-be75eec,4228569,PLEDA,233478.000,1462.777,500,250
N-t59b11xx,4332496,PLEDA,208145.000,371.307,4400,880
N-stabu1_250,708112,PLEDA,7447259.000,138302.289,25000,5000
N-t59b11xx,2411813,PLEDA,208475.000,1518.089,440,220
N-stabu1_250,2111099,PLEDA,7383348.000,272426.815,250,125
N-be75eec,3111644,PLEDA,234018.000,593.010,500,100
N-stabu1_250,3326291,PLEDA,7448927.000,269533.885,2500,1250
N-stabu1_250,255924,PLEDA,7459904.000,129169.447,25000,5000
N-be75eec,888452,PLEDA,233123.000,550.492,5000,1000
N-stabu70,622708,PLEDA,358053.000,1406.223,6000,1800
N-stabu70,8432759,PLEDA,355380.000,2945.300,60,30
N-stabu1_250,8227233,PLEDA,7274653.000,37489.238,250,50
N-be75eec_150,2523085,PLEDA,3345299.000,53235.796,15000,3000
N-be75eec_150,357882,PLEDA,3339142.000,38087.819,15000,4500
N-be75eec,8532241,PLEDA,233875.000,585.616,500,100
N-t59b11xx,3913047,PLEDA,208360.000,200.673,44,22
N-stabu70,2121251,PLEDA,358925.000,1888.370,60,30
N-be75eec,1314259,PLEDA,233772.000,592.705,500,100
N-stabu70,8230133,PLEDA,354350.000,168.599,60,12
N-be75eec,4329945,PLEDA,233123.000,1044.199,5000,1000
N-be75eec_150,1811174,PLEDA,3334876.000,62643.208,15000,7500
N-be75eec_150,6729649,PLEDA,3337108.000,21400.316,1500,300
N-be75eec,8031204,PLEDA,233141.000,1306.827,5000,1500
N-be75eec,7024848,PLEDA,233127.000,749.961,5000,1000
N-stabu70,8920438,PLEDA,357680.000,1436.015,6000,1800
N-stabu1_250,5922492,PLEDA,7451872.000,140689.294,2500,750
N-stabu1_250,7118141,PLEDA,7434584.000,222043.769,25000,7500
N-stabu1_250,7511370,PLEDA,7358065.000,177783.432,250,125
N-stabu70,289131,PLEDA,354205.000,169.138,60,12
N-stabu70,4626950,PLEDA,351506.000,248.501,60,12
N-stabu70,3026107,PLEDA,356950.000,1902.392,60,30
N-be75eec,8518926,PLEDA,232665.000,586.987,500,100
N-t59b11xx,44459,PLEDA,208620.000,398.437,440,88
N-stabu70,2629472,PLEDA,357658.000,1513.703,6000,1800
N-be75eec_150,44901,PLEDA,3339152.000,40714.565,15000,4500
N-be75eec,7122913,PLEDA,233249.000,1300.548,5000,1500
N-stabu1_250,5916165,PLEDA,7479802.000,174343.648,2500,750
N-be75eec,1810571,PLEDA,233117.000,1390.251,5000,2500
N-t59b11xx,3714236,PLEDA,206405.000,63.380,44,8
N-be75eec,3613029,PLEDA,233116.000,1879.298,5000,2500
N-be75eec_150,537552,PLEDA,3342202.000,44070.422,15000,4500
N-stabu70,2421114,PLEDA,357714.000,2432.546,600,300
N-be75eec_150,32914,PLEDA,3303333.000,54451.388,150,75
N-be75eec_150,8514963,PLEDA,3347194.000,17055.593,1500,300
N-stabu1_250,4212028,PLEDA,7455158.000,272441.934,2500,1250
N-be75eec_150,159875,PLEDA,3336343.000,42475.387,1500,750
N-stabu70,4224353,PLEDA,358691.000,2452.266,600,300
N-be75eec_150,622441,PLEDA,3332791.000,46282.881,1500,750
N-t59b11xx,88683,PLEDA,208685.000,919.114,4400,1320
N-t59b11xx,3810483,PLEDA,207570.000,75.169,44,13
N-stabu70,4126852,PLEDA,357706.000,1453.104,600,180
N-stabu1_250,8525504,PLEDA,7428289.000,256860.406,2500,500
N-be75eec_150,219295,PLEDA,3274954.000,14270.531,150,45
N-be75eec,5311686,PLEDA,233121.000,762.630,5000,1500
N-t59b11xx,9012349,PLEDA,208115.000,1168.422,4400,2200
N-stabu70,209834,PLEDA,355412.000,341.966,60,18
N-stabu70,6122109,PLEDA,357904.000,932.098,6000,1200
N-be75eec_150,859389,PLEDA,3328130.000,16955.801,1500,300
N-be75eec_150,8925563,PLEDA,3333600.000,36843.931,15000,4500
N-t59b11xx,8918712,PLEDA,208055.000,530.679,4400,1320
N-be75eec_150,7225705,PLEDA,3336791.000,64210.322,15000,7500
N-stabu70,8224385,PLEDA,351561.000,222.043,60,12
N-stabu70,491516,PLEDA,356871.000,1540.130,600,120
N-stabu1_250,1928831,PLEDA,7252362.000,37292.372,250,50
N-stabu1_250,2819840,PLEDA,7258540.000,61966.041,250,50
N-be75eec_150,730214,PLEDA,3342180.000,41375.170,15000,3000
N-be75eec_150,8028664,PLEDA,3346040.000,59966.229,15000,4500
N-t59b11xx,7716126,PLEDA,209085.000,516.033,440,132
N-t59b11xx,822175,PLEDA,207090.000,40.499,44,8
N-stabu70,5719066,PLEDA,354568.000,2004.681,60,30
N-be75eec,1026321,PLEDA,233341.000,92.911,50,10
N-be75eec,58358,PLEDA,232705.000,596.261,500,100
N-be75eec_150,6825247,PLEDA,3358526.000,24633.060,1500,450
N-t59b11xx,6810328,PLEDA,208365.000,581.027,440,132
N-be75eec_150,3115855,PLEDA,3343844.000,22022.805,1500,300
N-stabu1_250,8025456,PLEDA,7445525.000,221295.206,25000,7500
N-stabu1_250,1420154,PLEDA,7436295.000,144391.392,2500,750
N-stabu1_250,731812,PLEDA,7252129.000,32302.227,250,50
N-t59b11xx,877062,PLEDA,209085.000,981.256,440,220
N-stabu1_250,2225759,PLEDA,7456784.000,198867.397,2500,500
N-stabu1_250,730742,PLEDA,7454657.000,165722.665,25000,5000
N-stabu70,8532497,PLEDA,357806.000,990.283,600,120
N-be75eec_150,5222208,PLEDA,3339312.000,42066.658,15000,3000
N-stabu1_250,8522268,PLEDA,7411509.000,91213.727,2500,500
N-be75eec,208520,PLEDA,233164.000,222.835,50,15
N-be75eec_150,3711857,PLEDA,3251440.000,5217.075,150,30
N-stabu70,142549,PLEDA,357329.000,1296.434,600,180
N-t59b11xx,6812282,PLEDA,208935.000,524.890,440,132
N-t59b11xx,59645,PLEDA,209115.000,583.412,440,132
N-be75eec_150,1913523,PLEDA,3245126.000,4141.582,150,30
N-be75eec_150,7614423,PLEDA,3333826.000,14384.835,1500,300
N-be75eec,253330,PLEDA,233123.000,556.462,5000,1000
N-t59b11xx,3010700,PLEDA,208720.000,385.039,44,22
N-be75eec_150,2028227,PLEDA,3295530.000,14078.930,150,45
N-stabu1_250,109916,PLEDA,7257573.000,51134.217,250,50
N-be75eec_150,716220,PLEDA,3344724.000,31852.742,15000,4500
N-t59b11xx,294350,PLEDA,206450.000,82.122,44,13
N-be75eec_150,45815,PLEDA,3357768.000,16639.756,1500,300
N-be75eec,6715205,PLEDA,234324.000,519.442,500,100
N-stabu1_250,5513701,PLEDA,7255254.000,58902.092,250,50
N-stabu70,8810105,PLEDA,358065.000,1372.831,6000,1200
N-be75eec,529182,PLEDA,233134.000,534.514,5000,1000
N-t59b11xx,649035,PLEDA,206030.000,61.239,44,8
N-t59b11xx,412312,PLEDA,208360.000,589.548,440,132
N-be75eec_150,8318058,PLEDA,3307188.000,18059.191,150,45
N-stabu70,288117,PLEDA,352797.000,173.264,60,12
N-t59b11xx,449035,PLEDA,208145.000,540.742,4400,1320
N-stabu70,6813335,PLEDA,358487.000,2076.902,600,180
N-be75eec_150,482115,PLEDA,3329420.000,38687.746,150,75
N-be75eec_150,6522000,PLEDA,3272276.000,9774.539,150,45
N-stabu70,1014263,PLEDA,352757.000,140.892,60,12
N-stabu1_250,3815558,PLEDA,7327628.000,88091.149,250,75
N-be75eec_150,4212560,PLEDA,3330244.000,73774.339,1500,750
N-stabu1_250,7131841,PLEDA,7454050.000,224417.376,25000,7500
N-be75eec,419810,PLEDA,233869.000,585.870,500,100
N-stabu1_250,6815753,PLEDA,7439903.000,161385.103,2500,750
N-stabu70,1823714,PLEDA,357769.000,2446.519,6000,3000
N-stabu1_250,5816523,PLEDA,7479885.000,256676.406,2500,500
N-stabu70,9022201,PLEDA,357737.000,4802.160,6000,3000
N-be75eec,3612834,PLEDA,233120.000,2253.654,5000,2500
N-t59b11xx,2312502,PLEDA,209130.000,900.648,440,132
N-stabu70,4521107,PLEDA,358084.000,2543.120,6000,3000
N-stabu1_250,1515674,PLEDA,7470411.000,265935.333,2500,1250
N-be75eec_150,5130129,PLEDA,3344669.000,44690.736,1500,750
N-t59b11xx,7129253,PLEDA,208145.000,543.273,4400,1320
N-stabu1_250,3519412,PLEDA,7446770.000,191580.554,25000,7500
N-stabu1_250,1923667,PLEDA,7246877.000,59302.079,250,50
N-be75eec_150,57517,PLEDA,3329744.000,45840.631,1500,450
N-stabu1_250,1010445,PLEDA,7258535.000,33014.504,250,50
N-be75eec,6829527,PLEDA,233346.000,1347.353,500,150
N-stabu1_250,254101,PLEDA,7428488.000,290331.508,25000,5000
N-stabu70,2726084,PLEDA,358099.000,2527.684,6000,3000
N-stabu70,4713710,PLEDA,355357.000,675.898,60,18
N-t59b11xx,451960,PLEDA,208145.000,902.807,4400,2200
N-be75eec,714621,PLEDA,233252.000,556.178,5000,1000
N-be75eec,118160,PLEDA,233766.000,229.436,50,15
N-be75eec_150,717309,PLEDA,3338652.000,38733.213,15000,4500
N-stabu70,8820256,PLEDA,358012.000,973.014,6000,1200
N-be75eec,5511914,PLEDA,233744.000,82.691,50,10
N-t59b11xx,3224602,PLEDA,209035.000,588.410,440,132
N-stabu70,6719467,PLEDA,358648.000,981.051,600,120
N-stabu1_250,8730108,PLEDA,7460340.000,253827.682,2500,1250
N-stabu70,235070,PLEDA,357903.000,1298.550,600,180
N-stabu70,8024961,PLEDA,357517.000,2476.893,6000,1800
N-be75eec,7718384,PLEDA,232709.000,887.259,500,150
N-be75eec_150,211937,PLEDA,3287234.000,39045.703,150,75
N-stabu70,7710161,PLEDA,358051.000,1461.226,600,180
N-stabu70,6910809,PLEDA,358658.000,2383.926,600,300
N-be75eec,4319416,PLEDA,233123.000,848.508,5000,1000
N-t59b11xx,493448,PLEDA,208345.000,392.915,440,88
N-stabu70,526867,PLEDA,357803.000,967.996,6000,1200
N-be75eec,5624314,PLEDA,230512.000,250.226,50,15
N-be75eec,6022780,PLEDA,233187.000,1456.805,500,250
N-be75eec,8016258,PLEDA,233119.000,1363.968,5000,1500
N-be75eec_150,6212485,PLEDA,3339973.000,37299.343,15000,4500
N-be75eec_150,879814,PLEDA,3341245.000,43839.630,1500,750
N-t59b11xx,2530577,PLEDA,208115.000,606.897,4400,880
N-stabu70,8118295,PLEDA,358218.000,2874.533,6000,3000
N-be75eec,8928483,PLEDA,233101.000,1437.737,5000,1500
N-be75eec_150,531051,PLEDA,3338911.000,26064.265,1500,450
N-be75eec_150,112353,PLEDA,3266964.000,16964.427,150,45
N-stabu1_250,2316127,PLEDA,7434607.000,229750.989,2500,750
N-stabu70,866595,PLEDA,356613.000,1458.910,600,180
N-stabu1_250,2212439,PLEDA,7456997.000,277642.516,2500,500
N-t59b11xx,514679,PLEDA,209035.000,908.205,440,132
N-stabu1_250,911062,PLEDA,7433384.000,299774.334,25000,12500
N-stabu70,516619,PLEDA,356794.000,2037.988,600,180
N-stabu70,4919544,PLEDA,358754.000,877.998,600,120
N-stabu1_250,3011241,PLEDA,7347768.000,170458.773,250,125
N-be75eec,2825036,PLEDA,232226.000,166.378,50,10
N-stabu1_250,4329280,PLEDA,7455100.000,144920.317,25000,5000
N-be75eec,6112802,PLEDA,233123.000,574.208,5000,1000
N-be75eec,1510927,PLEDA,234028.000,1460.590,500,250
N-t59b11xx,6724975,PLEDA,209115.000,396.549,440,88
N-stabu1_250,6220994,PLEDA,7445033.000,223465.892,25000,7500
N-be75eec,7110630,PLEDA,233249.000,740.506,5000,1500
N-stabu70,5432358,PLEDA,357660.000,4158.806,6000,3000
N-be75eec_150,3413158,PLEDA,3336519.000,20145.808,15000,3000
N-t59b11xx,3016353,PLEDA,207770.000,163.642,44,22
N-be75eec,487389,PLEDA,234273.000,1222.575,50,25
N-be75eec,8827337,PLEDA,233120.000,570.357,5000,1000
N-stabu1_250,6621352,PLEDA,7419513.000,168028.649,250,125
N-stabu1_250,631850,PLEDA,7428641.000,312380.543,25000,12500
N-be75eec_150,903068,PLEDA,3323223.000,109792.464,15000,7500
N-stabu70,420453,PLEDA,358109.000,980.277,600,120
N-t59b11xx,1023287,PLEDA,206430.000,70.516,44,8
N-stabu1_250,766660,PLEDA,7443929.000,294058.453,2500,500
N-stabu70,7110026,PLEDA,357994.000,1896.608,6000,1800
N-t59b11xx,4926785,PLEDA,207995.000,550.885,440,88
