id,date,problem,instance,iterations,model,pop size,trunc size,min,elapsed time in secs
000d0ef8-a24d-4c33-9a95-6bdaf77f573b,2023-9-28 15:57,PFSP,tai20_5_8.fsp,2000,vj-inv,2000,0.5,14515,112
0063c3b8-f7e5-4075-8ff6-0b1919021aa6,2023-9-28 10:37,PFSP,tai200_10_9.fsp,20000,vj-inv,20000,0.5,1079435,68194
00913804-fcf5-4e5f-836a-293b2805eef5,2023-9-27 13:29,PFSP,tai50_10_9.fsp,5000,vj-inv,50,0.3,99542,2
00f70346-ae91-4cdd-82dd-3b5f75b1544c,2023-9-28 16:22,PFSP,tai200_10_9.fsp,20000,vj-inv,200,0.3,1211641,283
00fcb947-fbd4-4727-a105-0c369e5c5dae,2023-9-28 16:46,PFSP,tai50_10_9.fsp,5000,vj-inv,5000,0.3,90261,2040
0113e77c-61bc-4ae5-ae21-6772265154c3,2023-9-28 16:13,PFSP,tai100_10_9.fsp,10000,vj-inv,100,0.5,337964,29
01746d48-8b2f-4e33-b9a6-5994708e3d4b,2023-9-28 16:14,PFSP,tai20_20_8.fsp,2000,vj-inv,2000,0.2,33644,133
0196c15b-ad26-4f4f-a1cc-41bb4ac8cbc4,2023-9-27 13:30,PFSP,tai20_20_8.fsp,2000,vj-inv,2000,0.3,33600,79
01a50db2-671d-4915-9979-4b657086f6b4,2023-9-27 13:29,PFSP,tai20_5_8.fsp,2000,vj-inv,200,0.5,14377,2
01d1d3cd-09b0-49c3-bb21-9d686caa5407,2023-9-28 15:55,PFSP,tai20_5_8.fsp,2000,vj-inv,200,0.5,14515,2
01e83934-1636-4a75-8baf-101ca1055f65,2023-9-27 13:29,PFSP,tai50_10_9.fsp,5000,vj-inv,50,0.3,100144,2
01f5fa5d-a688-4bc4-962d-2c3b50db6006,2023-9-28 16:13,PFSP,tai20_20_8.fsp,2000,vj-inv,2000,0.5,33644,68
02c7bb54-9380-4b9b-9c38-14bc2ac9984b,2023-9-27 13:29,PFSP,tai20_20_8.fsp,2000,vj-inv,200,0.3,33850,3
02e6269a-444f-4055-bc0f-ea3fce4f6d0f,2023-9-28 16:13,PFSP,tai50_10_9.fsp,5000,vj-inv,500,0.5,90953,29
0337e693-8884-48ed-9e87-31780a3a2b38,2023-9-27 15:41,PFSP,tai100_10_9.fsp,10000,vj-inv,100,0.5,335759,45
03707798-c768-4a9f-bee2-4bbd6e07c967,2023-9-28 17:33,PFSP,tai200_10_9.fsp,20000,vj-inv,2000,0.2,1151064,4710
04472a5b-5bcf-4834-b28b-e7c11c856606,2023-9-27 13:31,PFSP,tai20_5_8.fsp,2000,vj-inv,2000,0.3,14515,148
045be7d4-671c-4312-ae34-de19264305a2,2023-9-28 16:20,PFSP,tai100_10_9.fsp,10000,vj-inv,1000,0.2,321209,429
045d6f5e-fdf5-42f8-839e-44a957fd7e5d,2023-9-27 15:41,PFSP,tai100_10_9.fsp,10000,vj-inv,100,0.3,343615,40
04beb5e0-f087-452d-87af-53ffaafb530c,2023-9-28 6:35,PFSP,tai100_10_9.fsp,10000,vj-inv,10000,0.5,296938,53691
04c4ecd0-d026-4977-98c7-26559000095f,2023-9-27 15:47,PFSP,tai100_10_9.fsp,10000,vj-inv,1000,0.2,321249,430
05025c09-fa76-452f-96b9-f1f0f1a50f53,2023-9-28 16:13,PFSP,tai100_10_9.fsp,10000,vj-inv,100,0.2,343372,37
0586ff3e-f56e-4c2c-a8b2-5765b157cf00,2023-9-28 16:17,PFSP,tai100_10_9.fsp,10000,vj-inv,1000,0.2,322860,260
06077545-7584-48a8-bae1-c3bd7b2b4a0c,2023-9-27 13:29,PFSP,tai20_5_8.fsp,2000,vj-inv,20,0.2,15180,0
0614147e-90f4-4b00-91a7-6024da068698,2023-9-28 15:57,PFSP,tai20_5_8.fsp,2000,vj-inv,2000,0.5,14353,129
0621389b-31b5-411f-b938-d3dd2b458d3c,2023-9-28 15:55,PFSP,tai20_5_8.fsp,2000,vj-inv,200,0.3,14436,1
06478f1b-086b-4e2f-b175-c3dac7f4d833,2023-9-28 1:50,PFSP,tai100_10_9.fsp,10000,vj-inv,10000,0.2,296839,36555
068d99b6-e5df-4ddd-8473-0b5b21b47163,2023-9-28 23:44,PFSP,tai100_10_9.fsp,10000,vj-inv,10000,0.2,297170,27095
06cf2b8b-8aba-4f95-838d-a8332d60b8c9,2023-9-28 16:12,PFSP,tai20_20_8.fsp,2000,vj-inv,20,0.2,35129,0
07f2854a-d941-4b2d-b34b-3bbe6c69d72d,2023-9-28 16:12,PFSP,tai20_20_8.fsp,2000,vj-inv,200,0.2,33698,2
082ddf7c-6449-4f88-9296-0b33ca1ab94e,2023-9-27 15:41,PFSP,tai100_10_9.fsp,10000,vj-inv,100,0.3,340691,24
083aa32f-ada8-46e7-b018-66c4426fa506,2023-9-28 16:12,PFSP,tai20_20_8.fsp,2000,vj-inv,200,0.5,33697,3
08559a82-4ef1-4611-8eb3-32539527193d,2023-9-28 16:14,PFSP,tai100_10_9.fsp,10000,vj-inv,100,0.5,334397,46
0878c8fd-0226-4f71-9a7c-ae4e02108b16,2023-9-27 15:45,PFSP,tai100_10_9.fsp,10000,vj-inv,1000,0.2,320703,281
08ebf2ed-7cb6-4c02-9ab5-67723d9a4a4a,2023-9-27 15:48,PFSP,tai100_10_9.fsp,10000,vj-inv,1000,0.3,319782,456
08f73e8d-4c95-4ecb-a3e2-e6a509259b33,2023-9-27 13:29,PFSP,tai20_5_8.fsp,2000,vj-inv,200,0.2,14359,1
08fdf3c3-1459-4cf0-8140-e6000b8039c0,2023-9-27 13:29,PFSP,tai50_10_9.fsp,5000,vj-inv,50,0.3,99612,4
0946a35e-e19e-4957-939f-b4768cda7ccf,2023-9-28 16:13,PFSP,tai20_20_8.fsp,2000,vj-inv,2000,0.5,33644,68
095e8abc-947e-459d-b8cb-1ff0ac0f7771,2023-9-27 17:12,PFSP,tai200_10_9.fsp,20000,vj-inv,2000,0.5,1123657,5450
0a43a16a-d4d3-44be-b649-e2f1fb1246ee,2023-9-28 16:14,PFSP,tai20_20_8.fsp,2000,vj-inv,2000,0.3,33644,129
0b11ccb4-24d0-456b-afcc-e7593849bb55,2023-9-28 15:55,PFSP,tai20_5_8.fsp,2000,vj-inv,200,0.2,14465,1
0baded29-a474-4d05-b6a3-28bf6b7393ef,2023-9-27 16:27,PFSP,tai200_10_9.fsp,20000,vj-inv,2000,0.2,1148006,2758
0bc1285b-a04b-48d3-b95f-42c801c45859,2023-9-28 16:12,PFSP,tai20_20_8.fsp,2000,vj-inv,200,0.2,33761,2
0c3add4d-824e-4014-bbdf-2790b2262231,2023-9-27 15:41,PFSP,tai100_10_9.fsp,10000,vj-inv,100,0.2,343155,38
0c994ba8-b7bb-40ba-83e9-968c858568be,2023-9-28 15:55,PFSP,tai20_5_8.fsp,2000,vj-inv,20,0.2,15320,0
0c9ccc9e-0411-492d-b8a1-6cab1161fd86,2023-9-28 8:10,PFSP,tai200_10_9.fsp,20000,vj-inv,20000,0.2,1090093,59380
0cb11d42-cbcc-4107-9bc4-052f9064c050,2023-9-27 13:29,PFSP,tai50_10_9.fsp,5000,vj-inv,50,0.5,99067,2
0cbb5e32-5126-4c59-900e-0323a422fad3,2023-9-28 16:42,PFSP,tai50_10_9.fsp,5000,vj-inv,5000,0.2,89908,1752
0d37917f-0a80-403c-bd7e-a975c64002ad,2023-9-28 8:9,PFSP,tai200_10_9.fsp,20000,vj-inv,20000,0.2,1082207,59317
0d6211c3-f5f5-453d-a13a-c5a4212f0e4f,2023-9-27 15:41,PFSP,tai100_10_9.fsp,10000,vj-inv,100,0.3,340516,40
0d697619-0ae4-433c-84da-8e7a182600d4,2023-9-29 22:59,PFSP,tai200_10_9.fsp,20000,vj-inv,20000,0.5,1083441,110681
0d79097d-7b29-4b98-a3bc-e7e7d3b27eaa,2023-9-27 13:29,PFSP,tai20_20_8.fsp,2000,vj-inv,20,0.5,34463,0
0d920bdb-fd1a-4b32-a364-c2dab12fc195,2023-9-28 16:21,PFSP,tai100_10_9.fsp,10000,vj-inv,1000,0.5,313777,522
0dbb0c14-2f38-492c-8010-46445a4a64c0,2023-9-27 13:31,PFSP,tai20_20_8.fsp,2000,vj-inv,2000,0.2,33644,127
0e5c77bc-f714-421a-b666-c92908dd8220,2023-9-30 1:58,PFSP,tai200_10_9.fsp,20000,vj-inv,20000,0.5,1082178,121473
0e87f841-3155-47d5-b75d-ba6a330031cb,2023-9-28 16:17,PFSP,tai100_10_9.fsp,10000,vj-inv,1000,0.2,322130,259
0f0fcfed-c98d-47c6-9757-985c66dc9363,2023-9-27 14:12,PFSP,tai50_10_9.fsp,5000,vj-inv,5000,0.5,91043,2573
0f98c078-cefa-4443-b6bc-80227972b5a5,2023-9-28 17:10,PFSP,tai50_10_9.fsp,5000,vj-inv,5000,0.3,89979,3445
0fa90c4f-85e4-438b-bd32-80326d0ea40b,2023-9-28 16:13,PFSP,tai100_10_9.fsp,10000,vj-inv,100,0.3,337693,24
104b3f1e-7191-404b-9e34-5cdeb276d0db,2023-9-27 13:31,PFSP,tai20_20_8.fsp,2000,vj-inv,2000,0.5,33644,116
10fcfbfa-5b67-4de8-86f0-d08d7988ca8e,2023-9-28 16:13,PFSP,tai20_20_8.fsp,2000,vj-inv,2000,0.5,33644,67
110de7bb-f256-4892-a627-8300cabce647,2023-9-28 16:13,PFSP,tai50_10_9.fsp,5000,vj-inv,50,0.5,99180,4
120d1240-43ac-406f-8508-65009569a0c5,2023-9-28 17:10,PFSP,tai200_10_9.fsp,20000,vj-inv,2000,0.3,1133501,3106
12315244-8043-4066-a671-b8a857c5bd82,2023-9-28 16:14,PFSP,tai20_20_8.fsp,2000,vj-inv,2000,0.5,33644,130
12aca0c2-43fb-4549-83a2-e4b5dded55ad,2023-9-28 5:42,PFSP,tai100_10_9.fsp,10000,vj-inv,10000,0.2,296451,50520
13b02cc0-f55f-46e0-b348-a03406507d42,2023-9-27 15:45,PFSP,tai100_10_9.fsp,10000,vj-inv,1000,0.3,316584,279
13fa3a2e-c5b1-4244-94e7-444b9418c830,2023-9-27 13:31,PFSP,tai20_5_8.fsp,2000,vj-inv,2000,0.3,14353,132
14067dfc-e8dc-4b06-9cb2-baef460a1cd0,2023-9-27 13:29,PFSP,tai20_5_8.fsp,2000,vj-inv,20,0.2,15336,0
1427ca61-76f4-4ff0-8042-9b161b3427fa,2023-9-28 3:41,PFSP,tai100_10_9.fsp,10000,vj-inv,10000,0.5,296129,43220
14388f51-c107-4653-90e7-da5710cba5dd,2023-9-27 13:29,PFSP,tai20_20_8.fsp,2000,vj-inv,200,0.2,33813,2
14534dd0-cb02-410d-a3d2-cb51791d5d70,2023-9-27 15:48,PFSP,tai100_10_9.fsp,10000,vj-inv,1000,0.3,317943,477
1456bea8-0525-4c0a-b0c2-7ec42f2116a1,2023-9-27 15:46,PFSP,tai100_10_9.fsp,10000,vj-inv,1000,0.5,314588,315
14a645b5-bd6f-423f-b817-d5e6d78b7dbe,2023-9-28 16:13,PFSP,tai50_10_9.fsp,5000,vj-inv,50,0.5,98386,4
14d69d1f-8d92-4adf-a979-26cc1d8c247c,2023-9-28 17:38,PFSP,tai200_10_9.fsp,20000,vj-inv,2000,0.2,1145004,4633
154e3d54-2cfa-460a-af45-98f4d83a9a3e,2023-9-28 15:57,PFSP,tai20_5_8.fsp,2000,vj-inv,2000,0.3,14499,133
1582b8a1-e520-4bda-8b95-026a58f38e1f,2023-9-27 13:29,PFSP,tai20_5_8.fsp,2000,vj-inv,20,0.2,15296,0
15b36b34-e022-4654-9c5a-d03af75de6b5,2023-9-28 16:42,PFSP,tai50_10_9.fsp,5000,vj-inv,5000,0.2,90660,1752
15eb226c-4001-4ceb-84a1-fa54b07e518b,2023-9-28 9:22,PFSP,tai200_10_9.fsp,20000,vj-inv,20000,0.3,1073661,63662
15f9efbe-03c3-45e5-8823-07b32941623d,2023-9-27 13:29,PFSP,tai20_20_8.fsp,2000,vj-inv,200,0.3,33697,4
1612e02e-0eaf-4ed2-ac2f-1b27903347bb,2023-9-28 9:18,PFSP,tai200_10_9.fsp,20000,vj-inv,20000,0.3,1084193,63430
1698dc87-db13-48a0-a9f1-a088616b3d9d,2023-9-28 16:18,PFSP,tai100_10_9.fsp,10000,vj-inv,1000,0.3,319095,280
16d5e0ac-3266-4349-a78b-dd52ddd745a7,2023-9-28 16:13,PFSP,tai50_10_9.fsp,5000,vj-inv,50,0.3,99374,4
17e8f864-e617-4b0f-9d51-6151ed5a99c6,2023-9-28 15:55,PFSP,tai20_5_8.fsp,2000,vj-inv,200,0.3,14377,1
18ca6f61-2fbf-40b0-9b80-08b0b0838e13,2023-9-27 15:45,PFSP,tai200_10_9.fsp,20000,vj-inv,200,0.2,1217558,251
18d95e39-be98-42b4-9cc9-c8d6c5599e88,2023-9-27 13:29,PFSP,tai20_20_8.fsp,2000,vj-inv,20,0.5,34677,0
196e43e6-1aac-4406-8d2d-c412d686001d,2023-9-27 15:49,PFSP,tai200_10_9.fsp,20000,vj-inv,200,0.5,1199048,477
19a42d48-1666-4ca8-bd77-0887e640f0bd,2023-9-27 13:29,PFSP,tai20_5_8.fsp,2000,vj-inv,200,0.3,14353,1
19da6700-cae6-463c-a082-79489b560b7c,2023-9-28 16:21,PFSP,tai100_10_9.fsp,10000,vj-inv,1000,0.3,318955,465
1a2736dd-386f-454c-a4c7-84cc3da6e7a8,2023-9-28 16:22,PFSP,tai200_10_9.fsp,20000,vj-inv,200,0.5,1195280,544
1a41261e-7aee-4b6e-a4fa-68de0ef913ee,2023-9-27 13:30,PFSP,tai20_20_8.fsp,2000,vj-inv,2000,0.2,33600,75
1a85d732-ddff-4946-bb86-f9dd218ae74e,2023-9-28 15:55,PFSP,tai20_5_8.fsp,2000,vj-inv,200,0.5,14352,1
1b6b2cd4-ce6e-49e6-ba5f-973f2ca7fac4,2023-9-28 9:23,PFSP,tai200_10_9.fsp,20000,vj-inv,20000,0.3,1084092,63752
1b945795-35c5-4f2f-a794-17d1644b3dfa,2023-9-27 13:30,PFSP,tai50_10_9.fsp,5000,vj-inv,500,0.2,94123,24
1c196a92-9a34-4855-bc71-86146c6439dd,2023-9-27 13:29,PFSP,tai20_5_8.fsp,2000,vj-inv,20,0.5,15178,0
1c3d01c7-44ba-435c-b92c-2a8471195d94,2023-9-28 16:39,PFSP,tai50_10_9.fsp,5000,vj-inv,5000,0.2,89862,1586
1cb4466c-27cd-49c2-86d5-feed3216d69f,2023-9-27 13:30,PFSP,tai50_10_9.fsp,5000,vj-inv,500,0.3,92118,25
1d23b6c6-435d-4dda-8768-2aa7f89b69f9,2023-9-27 13:30,PFSP,tai20_5_8.fsp,2000,vj-inv,2000,0.2,14370,98
1d25aa53-a362-4453-b1a8-ddbeda7217b1,2023-9-28 16:13,PFSP,tai50_10_9.fsp,5000,vj-inv,500,0.3,91321,27
1d2f7140-1e0b-45b5-bf38-8c194deddc46,2023-9-29 10:19,PFSP,tai200_10_9.fsp,20000,vj-inv,20000,0.3,1081108,65117
1d3ef081-1ef9-4d4b-9976-5c1794fb35ae,2023-9-27 15:48,PFSP,tai200_10_9.fsp,20000,vj-inv,200,0.3,1211783,413
1dab80c3-2c28-42e5-9184-2d1e68b25e2b,2023-9-28 16:17,PFSP,tai100_10_9.fsp,10000,vj-inv,1000,0.2,321411,260
1ddb40a9-fe9b-4181-98eb-8a0a58ef3f6e,2023-9-27 15:41,PFSP,tai100_10_9.fsp,10000,vj-inv,100,0.5,338135,47
1df34f0c-017d-4312-9da5-36e96c33b9f6,2023-9-27 13:30,PFSP,tai50_10_9.fsp,5000,vj-inv,500,0.2,93404,44
1e829000-18ac-4558-a428-681403de3861,2023-9-28 15:55,PFSP,tai20_5_8.fsp,2000,vj-inv,20,0.3,15082,0
1f168dc4-d51f-4b63-93ab-1393685f3127,2023-9-28 17:47,PFSP,tai200_10_9.fsp,20000,vj-inv,2000,0.5,1125135,5612
1f58f9ff-364e-4397-8375-23635c6e3fc5,2023-9-27 13:31,PFSP,tai20_20_8.fsp,2000,vj-inv,2000,0.5,33600,101
1f603e4c-4602-4c48-b37f-b7f15a04e14a,2023-9-27 13:29,PFSP,tai20_20_8.fsp,2000,vj-inv,20,0.2,34933,0
1fb38bb2-6ac7-4369-a018-92dfb1a16127,2023-9-28 16:13,PFSP,tai50_10_9.fsp,5000,vj-inv,50,0.2,100465,3
2018cccd-b928-4c85-ac89-42ea98f8c04f,2023-9-29 1:49,PFSP,tai100_10_9.fsp,10000,vj-inv,10000,0.5,297887,34575
20d5255d-e1dc-45c6-aa83-598cbd98f0e1,2023-9-28 16:18,PFSP,tai200_10_9.fsp,20000,vj-inv,200,0.3,1209212,284
20f3453b-faae-42e0-833e-1f45a8e80e59,2023-9-28 16:13,PFSP,tai100_10_9.fsp,10000,vj-inv,100,0.5,338361,29
211e6406-15a9-432c-99bc-e8c1dbaa3696,2023-9-27 13:29,PFSP,tai20_5_8.fsp,2000,vj-inv,20,0.3,15302,0
21329638-60d0-45f1-86e2-fd6e64da1b8f,2023-9-27 13:29,PFSP,tai20_5_8.fsp,2000,vj-inv,200,0.3,14377,1
219a9cd6-6f19-4436-aada-b9c420f523ae,2023-9-27 13:29,PFSP,tai20_5_8.fsp,2000,vj-inv,20,0.3,15237,0
21f1a3dc-4359-4600-ae82-d00a06491694,2023-9-28 16:13,PFSP,tai100_10_9.fsp,10000,vj-inv,100,0.2,343896,38
223148b2-87dc-42d4-9916-d0810666bb0d,2023-9-28 15:58,PFSP,tai20_5_8.fsp,2000,vj-inv,2000,0.2,14515,183
229f1252-c444-475b-aad8-a65ca189da81,2023-9-27 13:29,PFSP,tai20_20_8.fsp,2000,vj-inv,20,0.3,34849,0
22b71792-3919-4930-8c2a-77afb0208e5b,2023-9-27 13:31,PFSP,tai20_20_8.fsp,2000,vj-inv,2000,0.5,33644,137
23613105-8030-49dd-9ae0-7ff63cdcb938,2023-9-27 13:29,PFSP,tai20_5_8.fsp,2000,vj-inv,200,0.5,14418,1
23a6f166-9287-4426-81e6-8792792a9e97,2023-9-28 16:13,PFSP,tai50_10_9.fsp,5000,vj-inv,500,0.5,90654,28
23b765f9-72f6-476d-a646-bcc0457829e8,2023-9-28 16:13,PFSP,tai100_10_9.fsp,10000,vj-inv,100,0.3,340745,25
2434c142-d8f5-4f0e-bc42-c71edc88b41c,2023-9-27 13:30,PFSP,tai50_10_9.fsp,5000,vj-inv,500,0.3,93631,47
243854e3-fb0b-4c87-81b6-dbccb3e47949,2023-9-28 16:13,PFSP,tai50_10_9.fsp,5000,vj-inv,500,0.2,94122,46
251fd0ec-d141-4a44-ba03-347bede46284,2023-9-27 15:41,PFSP,tai100_10_9.fsp,10000,vj-inv,100,0.2,345070,23
2547ceba-3b78-4ece-81a9-5a7fffaf9968,2023-9-28 16:22,PFSP,tai100_10_9.fsp,10000,vj-inv,1000,0.5,314538,530
2570c655-a547-48ab-9916-5a50ee02d5a1,2023-9-27 13:31,PFSP,tai20_5_8.fsp,2000,vj-inv,2000,0.5,14515,111
261f483b-6c3f-4284-a4ea-60800d504cca,2023-9-27 13:29,PFSP,tai20_5_8.fsp,2000,vj-inv,20,0.5,15071,0
264981a2-c1dd-4013-94f3-146838a1211a,2023-9-28 16:13,PFSP,tai20_20_8.fsp,2000,vj-inv,2000,0.3,33600,65
2683a165-74e2-4421-a029-c0f0b9fd3b25,2023-9-28 15:57,PFSP,tai20_5_8.fsp,2000,vj-inv,2000,0.5,14515,76
26a7ba9e-259c-43d5-9d9c-d1877430675b,2023-9-27 13:30,PFSP,tai50_10_9.fsp,5000,vj-inv,500,0.5,90065,49
26f41d0a-7609-4088-9bb8-06f5b9995e66,2023-9-28 16:17,PFSP,tai100_10_9.fsp,10000,vj-inv,1000,0.2,320926,259
27dc82bb-5db4-4e12-853b-c638ce8ac1a3,2023-9-28 15:55,PFSP,tai20_5_8.fsp,2000,vj-inv,200,0.3,14359,2
28709388-a869-45c0-a1ca-59b6785c9c3d,2023-9-28 15:55,PFSP,tai20_5_8.fsp,2000,vj-inv,20,0.3,15150,0
2894a708-8913-4de5-b06e-504201cd2624,2023-9-28 16:12,PFSP,tai20_20_8.fsp,2000,vj-inv,20,0.3,34937,0
28dc09c4-14e3-4041-a021-6fe57c5e322b,2023-9-27 13:58,PFSP,tai50_10_9.fsp,5000,vj-inv,5000,0.2,90695,1718
295dcdc5-8039-44de-a768-96d5b97ffdef,2023-9-27 13:29,PFSP,tai20_20_8.fsp,2000,vj-inv,20,0.3,35157,0
2974bf87-9451-4629-ad03-bb07f3513ada,2023-9-28 22:52,PFSP,tai100_10_9.fsp,10000,vj-inv,10000,0.3,296820,23932
29fd5378-dafa-4f8a-bb6a-13d7f1e1c3de,2023-9-27 15:45,PFSP,tai100_10_9.fsp,10000,vj-inv,1000,0.3,317103,280
2a47bb3a-6224-44f8-aa1f-90905eb37a60,2023-9-28 16:12,PFSP,tai20_20_8.fsp,2000,vj-inv,20,0.3,35038,0
2a52264c-8d03-42fd-8303-6bc83ae46f05,2023-9-27 13:29,PFSP,tai20_5_8.fsp,2000,vj-inv,20,0.3,15098,0
2a7b4c74-5a60-49dc-8439-16b82af4b49b,2023-9-28 16:26,PFSP,tai200_10_9.fsp,20000,vj-inv,200,0.2,1211083,381
2b1ae1cb-33c8-4a77-b35f-60e760dcacf4,2023-9-28 16:13,PFSP,tai50_10_9.fsp,5000,vj-inv,500,0.2,93688,26
2b36b50a-9c17-40b8-9eba-3cd7d1c5f497,2023-9-27 13:29,PFSP,tai20_5_8.fsp,2000,vj-inv,200,0.2,14554,1
2ba17267-844b-4747-8625-07a0b47e800c,2023-9-28 16:43,PFSP,tai50_10_9.fsp,5000,vj-inv,5000,0.5,90632,1806
2c03431f-ac13-445b-b276-d88f942555bd,2023-9-27 13:29,PFSP,tai20_5_8.fsp,2000,vj-inv,200,0.2,14359,1
2c324d5e-b54b-4730-9416-2fdc1240e29a,2023-9-27 16:32,PFSP,tai200_10_9.fsp,20000,vj-inv,2000,0.3,1136239,3091
2d2e86cd-b56c-469b-b9aa-fd47dd126f14,2023-9-27 13:29,PFSP,tai20_20_8.fsp,2000,vj-inv,200,0.5,33697,2
2d3cf6a9-1069-4717-b0d4-a6ec1c4c39f1,2023-9-29 0:49,PFSP,tai100_10_9.fsp,10000,vj-inv,10000,0.5,296561,30979
2d851aa2-0f2a-43ea-9893-e2b58ce84149,2023-9-29 10:21,PFSP,tai200_10_9.fsp,20000,vj-inv,20000,0.3,1070852,65278
2de93801-444c-4c23-b2df-248cab48d7ba,2023-9-28 7:16,PFSP,tai100_10_9.fsp,10000,vj-inv,10000,0.5,297203,56151
2e226b33-7ca4-4fdf-a0af-050d80eedc50,2023-9-27 15:45,PFSP,tai200_10_9.fsp,20000,vj-inv,200,0.3,1210419,283
2ec52037-af60-4e5c-863e-841f1e8711d8,2023-9-28 16:13,PFSP,tai50_10_9.fsp,5000,vj-inv,500,0.3,93014,40
2f17ba6c-3150-460f-a96f-298890f606f5,2023-9-28 15:55,PFSP,tai20_5_8.fsp,2000,vj-inv,20,0.2,15193,0
2f1a596b-1b69-4731-a5fd-6f41b91b0479,2023-9-27 16:27,PFSP,tai200_10_9.fsp,20000,vj-inv,2000,0.2,1146743,2774
2fd543ad-fcbb-4863-834a-70454751bc41,2023-9-27 13:29,PFSP,tai20_20_8.fsp,2000,vj-inv,20,0.2,35069,0
300365c3-a69d-4bb8-8206-47918791419b,2023-9-27 13:29,PFSP,tai20_5_8.fsp,2000,vj-inv,200,0.2,14344,1
30b138c9-f741-4e8b-8ecf-bda4ef5346f6,2023-9-27 13:32,PFSP,tai20_5_8.fsp,2000,vj-inv,2000,0.2,14515,188
30b1de3e-6291-4a14-b9a0-a9dab0803990,2023-9-27 13:29,PFSP,tai50_10_9.fsp,5000,vj-inv,50,0.5,98979,2
30fb74a8-f5e6-47c0-bc8f-3bc9fb752c56,2023-9-27 13:30,PFSP,tai50_10_9.fsp,5000,vj-inv,500,0.5,90542,27
31231023-6675-431f-8da7-2a8a2b68b28d,2023-9-28 9:23,PFSP,tai200_10_9.fsp,20000,vj-inv,20000,0.3,1085807,63734
31896397-3f08-4231-b4b6-d730ab9601bb,2023-9-28 16:13,PFSP,tai50_10_9.fsp,5000,vj-inv,50,0.5,98409,4
31d44e3c-f63c-4746-b2c2-5e43e5db2f38,2023-9-28 8:31,PFSP,tai200_10_9.fsp,20000,vj-inv,20000,0.2,1085343,60612
31d470fd-55e5-4a8a-9405-fc715517e8e9,2023-9-28 15:55,PFSP,tai20_5_8.fsp,2000,vj-inv,200,0.2,14499,2
32239b48-5680-4eb2-beb4-b7d838a6f5d9,2023-9-28 16:22,PFSP,tai200_10_9.fsp,20000,vj-inv,200,0.3,1210928,476
32fd1b95-25c5-49aa-a6a5-efba82ec1a5d,2023-9-27 16:42,PFSP,tai200_10_9.fsp,20000,vj-inv,2000,0.5,1124859,3705
33692ad8-ed49-48a6-9047-53b3aff40698,2023-9-28 16:43,PFSP,tai50_10_9.fsp,5000,vj-inv,5000,0.3,90632,1860
337dd151-7110-418d-bc34-e03e6932a203,2023-9-28 23:27,PFSP,tai100_10_9.fsp,10000,vj-inv,10000,0.5,296570,26048
33d0c081-fb39-4410-9bf9-92afb7053729,2023-9-28 16:12,PFSP,tai50_10_9.fsp,5000,vj-inv,50,0.2,99895,2
341d088d-e70a-4c4c-8c81-332e58a1bb1f,2023-9-27 13:29,PFSP,tai20_20_8.fsp,2000,vj-inv,20,0.5,34784,0
3523b410-7dde-4ed8-b3a2-f7018425b9fd,2023-9-29 10:21,PFSP,tai100_10_9.fsp,10000,vj-inv,10000,0.2,296872,65311
356640c1-dc43-4cc1-8cc9-99d9979495eb,2023-9-28 16:12,PFSP,tai20_20_8.fsp,2000,vj-inv,200,0.2,33600,3
35c5a1ba-8dca-4b54-b6bd-caa96830ff82,2023-9-27 13:31,PFSP,tai20_5_8.fsp,2000,vj-inv,2000,0.2,14515,141
35d3a147-15d6-4356-9403-e9e2251be272,2023-9-28 15:55,PFSP,tai20_5_8.fsp,2000,vj-inv,200,0.5,14344,2
35f9ed44-6cac-4637-8d0e-5986101b8525,2023-9-27 13:30,PFSP,tai50_10_9.fsp,5000,vj-inv,500,0.2,93634,28
362e9e55-62db-458d-9020-2adddf7fd610,2023-9-28 16:13,PFSP,tai100_10_9.fsp,10000,vj-inv,100,0.3,341669,24
36f7a739-7fa6-4547-b57f-bb9410954649,2023-9-27 16:32,PFSP,tai200_10_9.fsp,20000,vj-inv,2000,0.3,1138793,3084
3732c9ba-9b49-4b53-9fab-5d31c508e2f2,2023-9-28 16:13,PFSP,tai50_10_9.fsp,5000,vj-inv,50,0.2,99905,4
374ce100-bf40-4c55-886a-792cd49d7d4b,2023-9-28 17:6,PFSP,tai50_10_9.fsp,5000,vj-inv,5000,0.2,90749,3189
37fbb3e3-af8c-4bd3-b7a0-93adf9288d3f,2023-9-28 17:12,PFSP,tai50_10_9.fsp,5000,vj-inv,5000,0.2,90851,3576
383658cd-c9ab-4f0a-8d6f-ff344247a861,2023-9-27 13:55,PFSP,tai50_10_9.fsp,5000,vj-inv,5000,0.3,89539,1533
385648a7-8147-4092-814c-99e1ecf2758d,2023-9-27 13:29,PFSP,tai20_20_8.fsp,2000,vj-inv,200,0.5,33749,4
397fe328-4cbd-46f7-86d3-6f5fde93c67c,2023-9-28 5:4,PFSP,tai100_10_9.fsp,10000,vj-inv,10000,0.3,296456,48245
39badf46-7d4c-4152-82dd-ed7a6d0f0483,2023-9-27 13:30,PFSP,tai50_10_9.fsp,5000,vj-inv,500,0.5,91016,27
39da887a-dfbd-4a04-8bf4-c976c910da44,2023-9-28 16:13,PFSP,tai50_10_9.fsp,5000,vj-inv,50,0.3,100040,2
39e278bf-7f12-4650-88d5-07f3e2ec155d,2023-9-27 13:31,PFSP,tai20_5_8.fsp,2000,vj-inv,2000,0.2,14396,106
3a645918-cdb0-4de7-9221-9ea3a07f616b,2023-9-27 13:29,PFSP,tai20_20_8.fsp,2000,vj-inv,200,0.3,33679,2
3aa25165-1856-471d-b28c-c8afd359865e,2023-9-28 15:58,PFSP,tai20_5_8.fsp,2000,vj-inv,2000,0.2,14515,135
3aa9e54a-e74b-49f0-8171-a4970a4ae153,2023-9-27 15:41,PFSP,tai100_10_9.fsp,10000,vj-inv,100,0.3,340804,41
3ab75400-4582-4f31-bd3b-f58c6dcf4e93,2023-9-27 13:31,PFSP,tai20_5_8.fsp,2000,vj-inv,2000,0.2,14401,146
3ab9d24d-ed82-439e-bda8-7cb894f3557d,2023-9-28 16:13,PFSP,tai100_10_9.fsp,10000,vj-inv,100,0.5,337259,29
3b284669-ed0d-405b-af1e-5fa80ce6045a,2023-9-27 13:30,PFSP,tai20_5_8.fsp,2000,vj-inv,2000,0.5,14353,75
3b2e1516-af8d-4313-901a-8cc0a064c13e,2023-9-28 16:12,PFSP,tai20_20_8.fsp,2000,vj-inv,200,0.3,33600,3
3b9e44dc-9b5e-4a20-955a-07b8419ef26a,2023-9-27 17:11,PFSP,tai200_10_9.fsp,20000,vj-inv,2000,0.5,1119425,5439
3bdf4bfd-9b39-4dcb-b711-76e5a80bde7d,2023-9-27 14:20,PFSP,tai50_10_9.fsp,5000,vj-inv,5000,0.3,89598,3041
3bfe805e-be7a-4884-8ccc-29e9e192e2c3,2023-9-27 13:31,PFSP,tai20_20_8.fsp,2000,vj-inv,2000,0.3,33644,138
3c0b0c19-61ed-4120-bb49-6c1ab0926343,2023-9-27 13:29,PFSP,tai20_20_8.fsp,2000,vj-inv,20,0.2,34732,0
3c5f252f-c92d-49fc-b0db-e2646feff9b2,2023-9-28 16:18,PFSP,tai100_10_9.fsp,10000,vj-inv,1000,0.5,314745,322
3cdf7971-ce60-41f4-9a19-53cef8a382c2,2023-9-27 13:29,PFSP,tai50_10_9.fsp,5000,vj-inv,50,0.2,100400,3
3dcd6021-b2d3-4adb-b154-0e3c2c96e080,2023-9-28 15:55,PFSP,tai20_5_8.fsp,2000,vj-inv,20,0.3,15096,0
3e09935d-982c-46cf-a919-f84628c62118,2023-9-29 0:34,PFSP,tai100_10_9.fsp,10000,vj-inv,10000,0.3,296902,30091
3e56d23d-a8de-443a-807a-04e7ac451223,2023-9-27 13:29,PFSP,tai50_10_9.fsp,5000,vj-inv,50,0.2,100417,3
3e65586e-8f2b-43b1-a391-bffc91f3c5ae,2023-9-28 17:0,PFSP,tai200_10_9.fsp,20000,vj-inv,2000,0.2,1148747,2787
3e762c07-d96a-4365-b585-69c621f8d50d,2023-9-27 13:29,PFSP,tai20_5_8.fsp,2000,vj-inv,20,0.3,14934,0
3e8dc986-29ce-481b-a531-2305c0101042,2023-9-27 13:31,PFSP,tai20_5_8.fsp,2000,vj-inv,2000,0.5,14515,110
3ea7f28e-c319-47ab-b26f-2f73d5dd5edc,2023-9-27 13:29,PFSP,tai20_5_8.fsp,2000,vj-inv,20,0.2,14923,0
3ea89e08-75bd-4140-8afb-da98a271f5a0,2023-9-27 15:45,PFSP,tai100_10_9.fsp,10000,vj-inv,1000,0.2,322416,260
3eb5a236-745e-4dea-9b18-62339b7c9d66,2023-9-28 16:12,PFSP,tai20_20_8.fsp,2000,vj-inv,200,0.2,33728,2
3eb74b82-410e-4f61-bebc-06312fd56573,2023-9-27 13:29,PFSP,tai20_5_8.fsp,2000,vj-inv,200,0.3,14338,2
3ef500d5-246d-4afa-9531-9f9497aa3134,2023-9-28 15:55,PFSP,tai20_5_8.fsp,2000,vj-inv,200,0.2,14372,1
3f00ebfc-8ccf-4c2c-b259-9ce5239accee,2023-9-27 14:18,PFSP,tai50_10_9.fsp,5000,vj-inv,5000,0.2,89910,2934
3f21e50a-74f0-4809-88fc-4a965f13026b,2023-9-28 16:13,PFSP,tai50_10_9.fsp,5000,vj-inv,500,0.3,92483,48
3f2df61a-31d1-4a32-8f2e-af4551fc1ca2,2023-9-28 15:55,PFSP,tai20_5_8.fsp,2000,vj-inv,20,0.3,15168,0
3f6fedf4-50ab-4a86-847d-ac77b962c9c4,2023-9-27 14:50,PFSP,tai50_10_9.fsp,5000,vj-inv,5000,0.3,89873,4839
3fe62d73-269f-4fdd-88bc-8a5624c811df,2023-9-28 16:12,PFSP,tai20_20_8.fsp,2000,vj-inv,20,0.2,35214,0
400a448f-3922-4141-8b7e-1b03c3043246,2023-9-27 13:30,PFSP,tai20_5_8.fsp,2000,vj-inv,2000,0.3,14344,95
41111704-34ff-439b-b5cf-3652af8a50a0,2023-9-27 16:27,PFSP,tai200_10_9.fsp,20000,vj-inv,2000,0.2,1147010,2785
413721de-625a-413b-babc-48750d43e841,2023-9-28 16:12,PFSP,tai20_20_8.fsp,2000,vj-inv,20,0.2,34958,0
41ee8639-2306-477e-aa63-b4bc5b904e10,2023-9-28 23:19,PFSP,tai100_10_9.fsp,10000,vj-inv,10000,0.5,297036,25584
42c9d4a8-8517-4803-ad1f-4f65dcbed39d,2023-9-27 14:12,PFSP,tai50_10_9.fsp,5000,vj-inv,5000,0.2,89801,2560
43852eed-f167-4c7e-ac32-b034349124d6,2023-9-27 16:32,PFSP,tai200_10_9.fsp,20000,vj-inv,2000,0.3,1134648,3098
4389c9e1-6b72-41e3-9a89-3706bb759b3f,2023-9-27 13:30,PFSP,tai50_10_9.fsp,5000,vj-inv,500,0.2,93845,45
43d946f0-8bbf-4faf-99b5-d58e728c8bf5,2023-9-28 17:8,PFSP,tai50_10_9.fsp,5000,vj-inv,5000,0.3,89752,3361
44984441-374d-4692-9fb3-a9995122dae5,2023-9-27 16:43,PFSP,tai200_10_9.fsp,20000,vj-inv,2000,0.5,1125856,3729
44a208af-f5e7-4ac2-b96b-ac71048e9837,2023-9-27 13:29,PFSP,tai20_5_8.fsp,2000,vj-inv,20,0.5,15180,0
44bb713c-cfbc-4cf3-a8a1-5cf91953c7e0,2023-9-28 16:13,PFSP,tai50_10_9.fsp,5000,vj-inv,50,0.5,98392,4
44cefdc4-a466-4d33-beb7-5f038037356b,2023-9-28 15:55,PFSP,tai20_5_8.fsp,2000,vj-inv,20,0.3,15287,0
44e05ae6-d2b2-42f0-81e9-e97c8db8b6a8,2023-9-27 13:29,PFSP,tai20_5_8.fsp,2000,vj-inv,20,0.3,15209,0
4514efb0-4d74-4ac0-ab16-43b50adec8f0,2023-9-28 1:49,PFSP,tai100_10_9.fsp,10000,vj-inv,10000,0.2,297147,36547
45575ab7-6eb4-49e4-9a01-226c389a11fa,2023-9-28 16:20,PFSP,tai100_10_9.fsp,10000,vj-inv,1000,0.2,320942,434
45635997-d010-4f1e-8fa9-bf6dd76e7ef1,2023-9-27 13:29,PFSP,tai20_20_8.fsp,2000,vj-inv,20,0.5,34655,0
4576c785-1e1e-4bc4-8d52-97b15e30a386,2023-9-28 16:18,PFSP,tai100_10_9.fsp,10000,vj-inv,1000,0.5,315237,322
460e1eee-f34f-4ff1-9089-be754bf2b119,2023-9-27 13:30,PFSP,tai20_20_8.fsp,2000,vj-inv,2000,0.2,33644,81
461f6272-feb9-487a-9e43-09374d269c48,2023-9-27 15:41,PFSP,tai100_10_9.fsp,10000,vj-inv,100,0.3,341689,40
463a4f5a-8191-46dd-bca3-f2139567226a,2023-9-29 2:39,PFSP,tai100_10_9.fsp,10000,vj-inv,10000,0.3,297687,37588
467c7cba-648f-488e-8641-317d8bb8abdd,2023-9-28 8:25,PFSP,tai200_10_9.fsp,20000,vj-inv,20000,0.2,1085042,60280
46a9aea6-e942-41c2-91e1-bd6e0bc8d2df,2023-9-27 14:28,PFSP,tai50_10_9.fsp,5000,vj-inv,5000,0.5,90133,3527
471c6bbd-64a5-472c-8550-f1821a40910e,2023-9-27 13:31,PFSP,tai20_20_8.fsp,2000,vj-inv,2000,0.2,33644,134
474b39b0-acfa-4693-bdda-cdf407852990,2023-9-28 16:12,PFSP,tai20_20_8.fsp,2000,vj-inv,200,0.5,33730,3
477ea1ea-edd5-4ccc-a895-7e6bd5519e05,2023-9-27 13:29,PFSP,tai20_5_8.fsp,2000,vj-inv,20,0.2,15507,0
47b6c9e2-89c5-4173-b3ca-72dc92208d3e,2023-9-28 9:21,PFSP,tai200_10_9.fsp,20000,vj-inv,20000,0.3,1084506,63624
4845e546-b5be-428c-98f0-7f3da686e498,2023-9-27 13:29,PFSP,tai20_20_8.fsp,2000,vj-inv,20,0.2,35164,0
487503e6-8443-4715-9c12-19fa0e1667db,2023-9-28 23:52,PFSP,tai100_10_9.fsp,10000,vj-inv,10000,0.2,296856,27566
487f215c-b55b-4c9c-ba42-1d7c5ccda284,2023-9-28 4:21,PFSP,tai100_10_9.fsp,10000,vj-inv,10000,0.5,297011,45629
48f499ce-ca00-45e1-bf24-fd729a2735fb,2023-9-27 15:47,PFSP,tai100_10_9.fsp,10000,vj-inv,1000,0.2,321828,423
49197b39-8b34-4cf3-bc7c-2b02f6925d63,2023-9-27 13:29,PFSP,tai20_20_8.fsp,2000,vj-inv,20,0.3,34925,0
49b13914-7c30-4a36-8302-0552ab28aaa7,2023-9-27 13:29,PFSP,tai20_20_8.fsp,2000,vj-inv,20,0.5,34668,0
4a183911-be76-419f-9bc4-a36ea2785858,2023-9-28 17:5,PFSP,tai200_10_9.fsp,20000,vj-inv,2000,0.2,1145901,2818
4a1967ef-9a49-4693-bd2e-c541aed54d71,2023-9-27 15:45,PFSP,tai200_10_9.fsp,20000,vj-inv,200,0.3,1211889,283
4a1ad520-af9a-43bb-86bf-ebecfb1330b3,2023-9-28 16:13,PFSP,tai50_10_9.fsp,5000,vj-inv,50,0.5,99300,2
4a2a0948-436b-42ef-854b-5b71428cf69a,2023-9-28 16:45,PFSP,tai50_10_9.fsp,5000,vj-inv,5000,0.3,91125,1954
4a535bcb-9935-4c38-abbc-c5705aa5cd1b,2023-9-28 16:17,PFSP,tai100_10_9.fsp,10000,vj-inv,1000,0.3,318401,280
4bc0add3-933c-489d-8617-fc4c3c231130,2023-9-27 14:0,PFSP,tai50_10_9.fsp,5000,vj-inv,5000,0.3,90212,1808
4c046575-a744-4899-bc53-d976272459ab,2023-9-28 15:55,PFSP,tai20_5_8.fsp,2000,vj-inv,20,0.3,15251,0
4c4bb1de-22c4-4592-9b17-e19aa9049e29,2023-9-28 16:13,PFSP,tai100_10_9.fsp,10000,vj-inv,100,0.5,337512,29
4d50fec6-fa36-4e63-a3d2-9142a2f689ed,2023-9-27 14:42,PFSP,tai50_10_9.fsp,5000,vj-inv,5000,0.2,90772,4383
4d92d944-047d-481d-8aed-99eda741598c,2023-9-28 16:13,PFSP,tai50_10_9.fsp,5000,vj-inv,500,0.2,93753,26
4de0bfdd-b24a-4798-8035-8fe1bf482083,2023-9-28 16:12,PFSP,tai20_20_8.fsp,2000,vj-inv,20,0.3,34947,0
4e02ec13-77e0-4eca-8009-123cd8d846a0,2023-9-28 16:13,PFSP,tai50_10_9.fsp,5000,vj-inv,500,0.5,89983,50
4e839bdd-4f72-48b9-9c6a-8927ebf2e736,2023-9-27 13:29,PFSP,tai50_10_9.fsp,5000,vj-inv,50,0.3,99792,2
4e8a311b-318e-4fd0-aeb9-a3d6f441590a,2023-9-28 17:5,PFSP,tai200_10_9.fsp,20000,vj-inv,2000,0.2,1148518,2784
4ee371a3-00f9-425f-bc1d-b98bf8d2ff3f,2023-9-27 13:30,PFSP,tai50_10_9.fsp,5000,vj-inv,500,0.5,90294,29
4f71e582-b913-45ba-8fac-30962a7672ad,2023-9-28 16:13,PFSP,tai20_20_8.fsp,2000,vj-inv,2000,0.5,33644,68
4f8da95e-63aa-41be-aeb3-368e91eb1ae5,2023-9-29 9:29,PFSP,tai200_10_9.fsp,20000,vj-inv,20000,0.2,1085468,61930
4f8f3ad1-c3a6-44f7-ac60-1eb6e74455d2,2023-9-28 16:42,PFSP,tai50_10_9.fsp,5000,vj-inv,5000,0.5,90467,1742
4facf878-611c-4211-9be4-0df4c0bb0137,2023-9-27 15:41,PFSP,tai100_10_9.fsp,10000,vj-inv,100,0.5,337497,28
4fd3e119-600f-4871-b2c8-d70b6f1aa932,2023-9-28 16:12,PFSP,tai20_20_8.fsp,2000,vj-inv,200,0.3,33698,2
503aecf1-3c7c-4b39-bf88-d316c80b4e9a,2023-9-28 15:55,PFSP,tai20_5_8.fsp,2000,vj-inv,20,0.5,15035,0
50683ead-193a-436c-826b-1ce5e001df64,2023-9-27 15:45,PFSP,tai200_10_9.fsp,20000,vj-inv,200,0.3,1208349,283
50755af6-8f2a-4d54-9c94-8b0db1df7949,2023-9-27 13:29,PFSP,tai20_20_8.fsp,2000,vj-inv,20,0.3,35048,0
50a769f4-a943-409d-b3dd-a12bc18bf378,2023-9-27 15:45,PFSP,tai200_10_9.fsp,20000,vj-inv,200,0.2,1214621,252
50fccec3-4a85-4967-b85c-9d3de43cb13c,2023-9-27 13:31,PFSP,tai20_20_8.fsp,2000,vj-inv,2000,0.3,33697,122
510d2216-f7ef-409b-862e-cc93101cc8bc,2023-9-28 17:55,PFSP,tai200_10_9.fsp,20000,vj-inv,2000,0.5,1126711,6020
516af454-b61d-408f-9699-96bc5a2dd195,2023-9-27 13:30,PFSP,tai50_10_9.fsp,5000,vj-inv,500,0.3,92108,25
518d2c6c-4448-4d52-a3cb-2246ff5bc480,2023-9-28 16:13,PFSP,tai50_10_9.fsp,5000,vj-inv,50,0.5,98519,2
51b935f8-d4a8-4bac-a9df-fecb801685b8,2023-9-28 15:55,PFSP,tai20_5_8.fsp,2000,vj-inv,200,0.3,14352,2
51be9e2b-2dce-4ae5-b660-66eb70c27267,2023-9-29 4:3,PFSP,tai100_10_9.fsp,10000,vj-inv,10000,0.5,296874,42655
51cbfd83-052d-454d-809e-4284414983c3,2023-9-27 13:30,PFSP,tai20_20_8.fsp,2000,vj-inv,2000,0.5,33644,83
5343bd77-0020-455e-9724-6cb4250178e5,2023-9-28 17:4,PFSP,tai200_10_9.fsp,20000,vj-inv,2000,0.2,1149157,2786
53ae2265-debf-4436-9c2c-29037a0d6587,2023-9-28 16:12,PFSP,tai20_20_8.fsp,2000,vj-inv,200,0.5,33600,3
53e2f591-607f-4ee0-b133-10c07625afea,2023-9-27 13:31,PFSP,tai20_20_8.fsp,2000,vj-inv,2000,0.2,33697,146
540c7592-b623-4a4c-a11b-ef2ba525012b,2023-9-27 13:29,PFSP,tai20_20_8.fsp,2000,vj-inv,200,0.3,33898,2
5449e1db-81a7-461e-bf6c-294832f5038f,2023-9-28 15:55,PFSP,tai20_5_8.fsp,2000,vj-inv,20,0.5,15129,0
545a9caa-a632-4936-beff-c79dc50bd5e6,2023-9-28 16:12,PFSP,tai20_20_8.fsp,2000,vj-inv,20,0.3,35060,0
5513ca92-7d89-4642-8ac1-a47d57ebdd9f,2023-9-28 16:18,PFSP,tai200_10_9.fsp,20000,vj-inv,200,0.3,1205501,285
5530d47d-496e-4025-9fcb-0cc5a283e983,2023-9-28 16:13,PFSP,tai100_10_9.fsp,10000,vj-inv,100,0.2,341542,22
554258f3-4183-4f1d-b537-4bea53111a54,2023-9-27 13:30,PFSP,tai50_10_9.fsp,5000,vj-inv,500,0.5,90270,49
5542f2a3-9cae-4a91-9289-4715bff32dc3,2023-9-27 15:46,PFSP,tai200_10_9.fsp,20000,vj-inv,200,0.5,1197066,345
555c1af5-8697-4ac6-9dc9-e19ebaa01d35,2023-9-27 13:31,PFSP,tai20_20_8.fsp,2000,vj-inv,2000,0.5,33644,125
55aa49e0-008f-43eb-bd6a-6971a91cdb9a,2023-9-27 13:58,PFSP,tai50_10_9.fsp,5000,vj-inv,5000,0.3,90619,1742
564c370c-8bbd-4c1f-8255-2b3562fdb110,2023-9-27 15:46,PFSP,tai200_10_9.fsp,20000,vj-inv,200,0.5,1197745,344
569a7f5b-6686-4adc-9d53-055582c6f3fc,2023-9-28 16:12,PFSP,tai20_20_8.fsp,2000,vj-inv,200,0.3,33625,3
56ae5c3f-d0e8-43f9-a4bf-f7f93bf2cc88,2023-9-28 16:13,PFSP,tai50_10_9.fsp,5000,vj-inv,50,0.5,98767,2
56c5957b-7584-4999-b981-b6305d92feaf,2023-9-27 14:33,PFSP,tai50_10_9.fsp,5000,vj-inv,5000,0.5,90573,3842
56d9674d-741f-4484-a01f-424eacfcd9ba,2023-9-27 13:30,PFSP,tai50_10_9.fsp,5000,vj-inv,500,0.5,90854,49
56da97c1-0bca-4b68-9bff-ffe46379dfc0,2023-9-27 13:29,PFSP,tai20_5_8.fsp,2000,vj-inv,20,0.5,15297,0
571c3fc4-5c6f-4dbf-b93d-6e94db2519d9,2023-9-28 11:2,PFSP,tai200_10_9.fsp,20000,vj-inv,20000,0.5,1070666,69690
57a7a72c-11f7-49a8-a099-695419c4d5b2,2023-9-29 12:23,PFSP,tai200_10_9.fsp,20000,vj-inv,20000,0.5,1078348,72377
581db853-08d0-42a7-8ffa-e748aea5dcfc,2023-9-28 16:14,PFSP,tai100_10_9.fsp,10000,vj-inv,100,0.2,341341,38
58a62b8f-ed0d-4295-815c-953cee5328ca,2023-9-28 5:45,PFSP,tai100_10_9.fsp,10000,vj-inv,10000,0.3,296456,50680
58ba4c80-3435-4845-876e-e5c7fda49903,2023-9-29 22:8,PFSP,tai200_10_9.fsp,20000,vj-inv,20000,0.3,1081201,107604
59069e6a-9da2-48fb-9532-4d64c1bb1389,2023-9-28 16:23,PFSP,tai200_10_9.fsp,20000,vj-inv,200,0.5,1200772,347
5914e7c6-6ca8-4e6c-af05-b0d01aa4366b,2023-9-27 15:41,PFSP,tai100_10_9.fsp,10000,vj-inv,100,0.3,341422,24
59a577de-4dd4-4b20-80de-fa8fd71d305a,2023-9-27 15:45,PFSP,tai200_10_9.fsp,20000,vj-inv,200,0.3,1213356,284
59e3e531-4fe4-4208-ad85-9eac237160b3,2023-9-28 16:12,PFSP,tai20_20_8.fsp,2000,vj-inv,200,0.2,33600,2
5a18b30e-ac1f-49b5-a82d-b3494f5ac6f4,2023-9-27 16:27,PFSP,tai200_10_9.fsp,20000,vj-inv,2000,0.2,1150341,2769
5a5e64eb-a9aa-44d7-be1d-a3dba05f1c21,2023-9-28 16:14,PFSP,tai20_20_8.fsp,2000,vj-inv,2000,0.3,33644,130
5abbdfae-e5ef-4cbd-a9c9-5c73588a72aa,2023-9-28 3:7,PFSP,tai100_10_9.fsp,10000,vj-inv,10000,0.3,296067,41174
5afa4715-1b7b-40aa-a953-8596b1b4611e,2023-9-27 13:30,PFSP,tai50_10_9.fsp,5000,vj-inv,500,0.2,93899,45
5bbb8604-2ca2-43d2-9e06-6c1320b3ab4d,2023-9-28 17:16,PFSP,tai200_10_9.fsp,20000,vj-inv,2000,0.5,1125006,3745
5c93e4a2-43fb-4739-95bc-c9f1ccd14c59,2023-9-27 15:45,PFSP,tai200_10_9.fsp,20000,vj-inv,200,0.2,1215099,253
5cb2034a-6fed-4756-b89e-25c4c7d51bed,2023-9-29 18:55,PFSP,tai200_10_9.fsp,20000,vj-inv,20000,0.2,1088021,95999
5cf38a94-fa20-48ad-81b9-8045457ea87a,2023-9-28 16:13,PFSP,tai50_10_9.fsp,5000,vj-inv,50,0.3,99663,2
5d85009f-d562-40f1-b198-2f8f6eb7c098,2023-9-27 13:31,PFSP,tai20_5_8.fsp,2000,vj-inv,2000,0.5,14515,111
5dd75863-9bce-470c-9c2c-ec9fa11e07eb,2023-9-27 13:29,PFSP,tai20_5_8.fsp,2000,vj-inv,20,0.3,15226,0
5ec6b0ba-7420-4c52-8089-e78d80e10264,2023-9-27 15:41,PFSP,tai100_10_9.fsp,10000,vj-inv,100,0.2,343721,37
5ed15fa3-ed6f-42bb-8c77-9ed6dbadc533,2023-9-27 13:32,PFSP,tai20_5_8.fsp,2000,vj-inv,2000,0.5,14515,173
5ef03f1c-7eb2-467e-8c7f-94b49f35ef8e,2023-9-28 16:13,PFSP,tai100_10_9.fsp,10000,vj-inv,100,0.3,338827,25
5f20e54a-4a91-46a2-b246-b493c0b7dffc,2023-9-28 16:13,PFSP,tai50_10_9.fsp,5000,vj-inv,500,0.3,92645,47
5f744e4a-bb77-41e1-b4ef-5113b854a94a,2023-9-28 15:55,PFSP,tai20_5_8.fsp,2000,vj-inv,200,0.3,14515,1
5f7d4d0a-ea7c-4d17-8e5f-9e6b1c5f22fc,2023-9-27 13:32,PFSP,tai20_5_8.fsp,2000,vj-inv,2000,0.5,14353,170
5fc4d8e9-df31-4158-b8b8-2db3e3bc6687,2023-9-27 15:47,PFSP,tai200_10_9.fsp,20000,vj-inv,200,0.2,1223294,382
603d8ec7-69d7-415e-92e9-9fc9fb8050e4,2023-9-27 13:29,PFSP,tai20_5_8.fsp,2000,vj-inv,20,0.3,15350,0
6044a97b-37ad-4d1e-9610-ff2fb744f6ce,2023-9-27 13:31,PFSP,tai20_20_8.fsp,2000,vj-inv,2000,0.3,33643,129
608e7ade-bf71-4b1f-85d3-463abab3478c,2023-9-28 16:20,PFSP,tai100_10_9.fsp,10000,vj-inv,1000,0.2,321494,449
60f6b9f0-85a7-4651-b719-7224fc55f7d3,2023-9-27 16:32,PFSP,tai200_10_9.fsp,20000,vj-inv,2000,0.3,1139349,3060
613884a3-8b96-4dd5-a94e-6cf44174ed03,2023-9-28 16:13,PFSP,tai50_10_9.fsp,5000,vj-inv,500,0.5,90436,28
615b753f-d114-4e54-a865-2f7457e3ca5e,2023-9-28 16:13,PFSP,tai100_10_9.fsp,10000,vj-inv,100,0.3,341193,24
61ea1e53-0aab-488e-94c7-40995077f4b8,2023-9-27 13:29,PFSP,tai50_10_9.fsp,5000,vj-inv,50,0.2,99644,2
61f68960-6050-4f01-8458-3cd2c97bb89e,2023-9-28 16:12,PFSP,tai20_20_8.fsp,2000,vj-inv,20,0.5,34659,0
6253069c-fc75-4e0f-b43c-99096b01bd90,2023-9-28 15:56,PFSP,tai20_5_8.fsp,2000,vj-inv,2000,0.2,14344,63
6266d4c3-cca8-4892-8127-9443010e809e,2023-9-27 15:45,PFSP,tai100_10_9.fsp,10000,vj-inv,1000,0.3,317881,279
62ba913e-d5fc-4932-926b-c380f493a3ea,2023-9-27 13:29,PFSP,tai20_5_8.fsp,2000,vj-inv,20,0.2,15398,0
62c5a791-0c2c-47b0-913d-bf920291399c,2023-9-28 15:55,PFSP,tai20_5_8.fsp,2000,vj-inv,20,0.5,15252,0
632b0e25-d5fd-49e2-b2b1-53f7231d41db,2023-9-28 16:13,PFSP,tai50_10_9.fsp,5000,vj-inv,50,0.3,99973,4
639c64d0-5b6d-481d-92b8-059282fd52a4,2023-9-27 15:46,PFSP,tai100_10_9.fsp,10000,vj-inv,1000,0.5,312900,316
63dd4711-1bf2-4c9d-818c-d8f85a3c7503,2023-9-29 3:37,PFSP,tai100_10_9.fsp,10000,vj-inv,10000,0.3,297772,41020
63f95a1b-5902-4717-a774-6a8a56244c03,2023-9-28 16:13,PFSP,tai50_10_9.fsp,5000,vj-inv,500,0.2,94439,47
645afe18-ead0-4176-ab9a-80c37bfed23a,2023-9-27 13:29,PFSP,tai20_20_8.fsp,2000,vj-inv,20,0.3,34601,0
64af5218-6d9a-45d4-9fdb-5c3ccaf8fbc4,2023-9-28 17:23,PFSP,tai50_10_9.fsp,5000,vj-inv,5000,0.5,91177,4219
650cce2d-98e9-4fcf-a1c7-3110403708e3,2023-9-28 16:12,PFSP,tai20_20_8.fsp,2000,vj-inv,200,0.5,33709,3
654d23c4-f394-4aed-9637-291d3654aad3,2023-9-27 13:30,PFSP,tai50_10_9.fsp,5000,vj-inv,500,0.3,92298,27
658f7771-1a04-4184-88f6-bc35902e0725,2023-9-28 17:40,PFSP,tai200_10_9.fsp,20000,vj-inv,2000,0.3,1136847,5126
6595e31f-e6ee-4a1a-92aa-4c0d9622cae3,2023-9-27 15:41,PFSP,tai100_10_9.fsp,10000,vj-inv,100,0.3,342170,38
65d34547-bdd8-4d2f-b8c9-5c49ea7ad452,2023-9-27 13:29,PFSP,tai20_20_8.fsp,2000,vj-inv,20,0.2,34951,0
65dd8dbf-41b3-4087-98ee-bd93e9f0d4cc,2023-9-27 13:30,PFSP,tai20_5_8.fsp,2000,vj-inv,2000,0.5,14353,94
666c3e4b-bcd4-4674-8af2-0909f94fbc40,2023-9-27 13:57,PFSP,tai50_10_9.fsp,5000,vj-inv,5000,0.2,90034,1665
668c0973-2123-415d-86e1-289581f08435,2023-9-28 16:13,PFSP,tai50_10_9.fsp,5000,vj-inv,50,0.5,97393,2
66d5ef95-2c9d-4a3d-a5e3-151ea474586d,2023-9-28 16:23,PFSP,tai200_10_9.fsp,20000,vj-inv,200,0.3,1210070,283
66d99969-de6f-4de1-80fb-b4df16d05aac,2023-9-28 16:13,PFSP,tai50_10_9.fsp,5000,vj-inv,500,0.2,93745,45
66e62109-9b53-48f5-aac5-89bb023538dc,2023-9-27 15:48,PFSP,tai200_10_9.fsp,20000,vj-inv,200,0.3,1195582,430
673fd977-ef86-4835-8a28-d81d3b40dc0a,2023-9-28 15:55,PFSP,tai20_5_8.fsp,2000,vj-inv,20,0.2,15425,0
6743abe8-c8d3-4d1f-82f4-447a628e8e4c,2023-9-28 8:20,PFSP,tai200_10_9.fsp,20000,vj-inv,20000,0.2,1089094,59955
674dbad5-765c-49fe-8348-0b66dfc17a6c,2023-9-27 13:30,PFSP,tai50_10_9.fsp,5000,vj-inv,500,0.2,93614,26
6758288f-d522-495d-8487-abf87ba9072e,2023-9-28 16:51,PFSP,tai50_10_9.fsp,5000,vj-inv,5000,0.3,90596,2310
67fb576f-770f-4fe8-b8a0-9aaf8def0416,2023-9-27 15:46,PFSP,tai200_10_9.fsp,20000,vj-inv,200,0.5,1197922,345
6854ae30-05d9-4d23-96f5-47d52367589c,2023-9-27 13:29,PFSP,tai20_5_8.fsp,2000,vj-inv,20,0.3,14908,0
686616b6-4791-477d-ae92-bf14b320884b,2023-9-29 0:14,PFSP,tai100_10_9.fsp,10000,vj-inv,10000,0.2,297508,28912
69ecec41-4526-48c5-a0ca-c2e20d0f55af,2023-9-28 16:12,PFSP,tai20_20_8.fsp,2000,vj-inv,20,0.2,35112,0
69f7cd52-4d05-408e-a66c-2ee8619dfa19,2023-9-28 16:18,PFSP,tai100_10_9.fsp,10000,vj-inv,1000,0.5,312695,321
6a311490-e9de-4746-94a8-197f49e1d645,2023-9-28 16:13,PFSP,tai100_10_9.fsp,10000,vj-inv,100,0.5,337398,29
6a35668f-67e0-4603-90b4-2a8c0489f94a,2023-9-28 16:12,PFSP,tai20_20_8.fsp,2000,vj-inv,20,0.5,34484,0
6a5ad943-5366-4537-b55b-413f268ecd9d,2023-9-27 13:29,PFSP,tai20_5_8.fsp,2000,vj-inv,200,0.5,14515,2
6a74e02e-b7bb-4c9c-bc9a-93d394a6fe13,2023-9-28 15:55,PFSP,tai20_5_8.fsp,2000,vj-inv,200,0.5,14484,2
6a874628-48b7-467e-adf9-7deba00243ef,2023-9-27 17:0,PFSP,tai200_10_9.fsp,20000,vj-inv,2000,0.3,1140277,4773
6a93c98b-2844-409e-8941-fae53171bc57,2023-9-28 16:20,PFSP,tai100_10_9.fsp,10000,vj-inv,1000,0.3,319561,453
6ae58513-d45f-4961-b730-6f506b4b636a,2023-9-27 13:29,PFSP,tai20_20_8.fsp,2000,vj-inv,200,0.5,33600,2
6b28016a-1a14-47d7-b174-3e8eae29afdc,2023-9-27 13:29,PFSP,tai20_5_8.fsp,2000,vj-inv,20,0.5,14937,0
6b434daa-6a84-4a5c-89d3-ccf0bc05687d,2023-9-28 17:30,PFSP,tai50_10_9.fsp,5000,vj-inv,5000,0.5,90460,4636
6b96c961-e57b-428e-8149-e330353a9933,2023-9-28 16:21,PFSP,tai200_10_9.fsp,20000,vj-inv,200,0.3,1208311,461
6bc593aa-3d31-4ea9-9fcf-7e347ed95d18,2023-9-28 16:17,PFSP,tai100_10_9.fsp,10000,vj-inv,1000,0.2,319852,259
6c6ed1c9-7abd-4090-ab35-abc226f3045b,2023-9-28 16:12,PFSP,tai50_10_9.fsp,5000,vj-inv,50,0.2,100680,2
6cd2fb95-31c1-44c4-960b-d1ee1e617022,2023-9-28 8:28,PFSP,tai200_10_9.fsp,20000,vj-inv,20000,0.2,1081246,60460
6d28d67d-e292-427f-b9ba-a82fd129e2ba,2023-9-29 0:56,PFSP,tai100_10_9.fsp,10000,vj-inv,10000,0.5,297551,31427
6d83f8d6-1de9-4303-8120-d65fb7846949,2023-9-27 13:29,PFSP,tai20_20_8.fsp,2000,vj-inv,200,0.5,33634,2
6da22aed-f1b9-4077-bcaa-d40f22cf1d46,2023-9-28 16:24,PFSP,tai200_10_9.fsp,20000,vj-inv,200,0.5,1191932,348
6e46f5d1-de85-49a0-b431-1085f622cfda,2023-9-27 13:30,PFSP,tai20_20_8.fsp,2000,vj-inv,2000,0.5,33644,83
6e500a55-1a2b-459f-8bc4-9defff0f3d63,2023-9-27 14:1,PFSP,tai50_10_9.fsp,5000,vj-inv,5000,0.3,91006,1915
6e9641f4-576e-4611-975e-acee663ad344,2023-9-27 13:31,PFSP,tai20_5_8.fsp,2000,vj-inv,2000,0.3,14608,143
6ef03cf5-d9d8-4f37-b844-c4e35d67f4b1,2023-9-27 15:45,PFSP,tai100_10_9.fsp,10000,vj-inv,1000,0.2,322389,262
6f06191a-7cb6-468f-9d14-71d9c2504711,2023-9-27 13:29,PFSP,tai20_20_8.fsp,2000,vj-inv,20,0.3,35064,0
6f905689-21f4-4292-af40-7608a9d76480,2023-9-28 17:13,PFSP,tai50_10_9.fsp,5000,vj-inv,5000,0.5,90716,3613
6fa6f8e3-dca2-4dd1-8632-66c328138230,2023-9-27 14:2,PFSP,tai50_10_9.fsp,5000,vj-inv,5000,0.5,90920,1979
6ff49f52-ec26-441a-8b54-2eef73a3ea70,2023-9-27 14:0,PFSP,tai50_10_9.fsp,5000,vj-inv,5000,0.2,90467,1809
6ffcba94-1c2b-43db-b7a0-f071ac2e7130,2023-9-27 13:29,PFSP,tai20_20_8.fsp,2000,vj-inv,200,0.3,33857,2
701d55ad-016c-4eba-8954-299a0d146015,2023-9-27 13:30,PFSP,tai50_10_9.fsp,5000,vj-inv,500,0.5,90457,29
707194f2-3c73-472b-bb5f-ab8bf19d4952,2023-9-28 15:55,PFSP,tai20_5_8.fsp,2000,vj-inv,20,0.3,14887,0
71045751-cf7a-47a7-a733-04911771c58b,2023-9-27 13:29,PFSP,tai50_10_9.fsp,5000,vj-inv,50,0.2,100110,2
719df5f3-ff07-43a3-9ba5-ba3e8b0e3ec0,2023-9-28 16:28,PFSP,tai200_10_9.fsp,20000,vj-inv,200,0.3,1208876,459
71f2fed9-bd9a-472a-8a30-8fcfa43077fd,2023-9-28 16:18,PFSP,tai100_10_9.fsp,10000,vj-inv,1000,0.3,316290,280
7227a7fd-9359-451d-aec9-1f5467c43689,2023-9-29 20:57,PFSP,tai200_10_9.fsp,20000,vj-inv,20000,0.3,1084440,103026
724d05e8-1f35-4ad0-898b-d7e5a7b83236,2023-9-27 13:29,PFSP,tai20_5_8.fsp,2000,vj-inv,20,0.5,14781,0
7254cd2d-1288-4cc2-8b82-ee6fe6d83d0a,2023-9-27 13:30,PFSP,tai50_10_9.fsp,5000,vj-inv,500,0.3,91355,47
72fbd63b-9599-4ba7-bed3-d180b09e8b08,2023-9-27 14:1,PFSP,tai50_10_9.fsp,5000,vj-inv,5000,0.5,90008,1914
73330be9-7c92-4eb1-9726-884f2f176ebc,2023-9-27 14:0,PFSP,tai50_10_9.fsp,5000,vj-inv,5000,0.5,90793,1853
73de8599-1f47-419c-a58c-60a6c1371e0d,2023-9-28 16:12,PFSP,tai50_10_9.fsp,5000,vj-inv,50,0.2,100902,2
73fafc39-a29b-4f5e-9958-efcef7b07c19,2023-9-28 15:56,PFSP,tai20_5_8.fsp,2000,vj-inv,2000,0.2,14370,70
7432b69b-d315-44ab-a8e7-fe64cd54a76b,2023-9-27 15:41,PFSP,tai100_10_9.fsp,10000,vj-inv,100,0.5,337445,46
7442f559-0a8e-4e39-824a-92d9de5f5ce7,2023-9-28 16:13,PFSP,tai50_10_9.fsp,5000,vj-inv,500,0.3,91407,27
7488a1b5-a254-40a5-aba5-d2fe9bd1a451,2023-9-27 16:43,PFSP,tai200_10_9.fsp,20000,vj-inv,2000,0.5,1117134,3730
74a2cc84-7fcd-4888-8756-97caa12abae2,2023-9-28 8:58,PFSP,tai200_10_9.fsp,20000,vj-inv,20000,0.3,1084249,62246
75924dc9-3496-4d79-a124-eabf323968db,2023-9-29 10:19,PFSP,tai200_10_9.fsp,20000,vj-inv,20000,0.3,1080420,64860
75c02fec-12ff-4739-b157-393ba8400bb4,2023-9-28 16:21,PFSP,tai200_10_9.fsp,20000,vj-inv,200,0.2,1218175,252
7603598e-afa7-44e9-9828-cfa8b80c7fd5,2023-9-27 13:30,PFSP,tai50_10_9.fsp,5000,vj-inv,500,0.3,91936,47
76770a70-b636-4ef6-bdf3-8f4c3169533f,2023-9-27 13:30,PFSP,tai50_10_9.fsp,5000,vj-inv,500,0.2,93793,24
76bd1c6b-5f07-47c1-a740-fd97c33fd2c3,2023-9-28 16:12,PFSP,tai20_20_8.fsp,2000,vj-inv,200,0.3,33672,3
7744eca3-bb64-411b-a7cc-722dde522226,2023-9-27 13:30,PFSP,tai20_20_8.fsp,2000,vj-inv,2000,0.3,33644,63
777eca2b-3705-4a7d-8e79-207f5d9fb23c,2023-9-28 16:12,PFSP,tai20_20_8.fsp,2000,vj-inv,200,0.2,33795,3
77896857-0278-4287-9d23-e6b0af79775f,2023-9-27 15:45,PFSP,tai200_10_9.fsp,20000,vj-inv,200,0.2,1220825,251
77e785c6-3cb9-4478-8dc9-4913e299f39a,2023-9-27 13:30,PFSP,tai20_20_8.fsp,2000,vj-inv,2000,0.3,33644,82
789c5f2d-86cb-4539-b2db-7d91f13b2679,2023-9-27 13:29,PFSP,tai20_20_8.fsp,2000,vj-inv,200,0.3,33600,3
78bbe333-459c-4e0d-8f3b-83173e201360,2023-9-28 16:18,PFSP,tai100_10_9.fsp,10000,vj-inv,1000,0.5,314158,321
793bc93a-34d6-44e2-b843-df67b62b285e,2023-9-27 13:30,PFSP,tai20_20_8.fsp,2000,vj-inv,2000,0.5,33600,79
79b02d33-6076-4478-808b-e86e99b66467,2023-9-28 16:12,PFSP,tai20_20_8.fsp,2000,vj-inv,20,0.5,34598,0
7a53eb52-61b8-4f31-9f5c-e33b502492bb,2023-9-27 15:41,PFSP,tai100_10_9.fsp,10000,vj-inv,100,0.3,342727,24
7a6b2be2-67a4-4853-9f0f-4f0c1621a21d,2023-9-27 13:31,PFSP,tai20_5_8.fsp,2000,vj-inv,2000,0.3,14515,109
7ab11b60-c211-4de4-8bbd-abcd57c1c497,2023-9-27 13:29,PFSP,tai20_5_8.fsp,2000,vj-inv,200,0.2,14538,1
7b39dbf8-173b-4d34-90c3-551233fc9c6d,2023-9-27 15:48,PFSP,tai200_10_9.fsp,20000,vj-inv,200,0.3,1205625,429
7bc69b60-6ca7-4e02-ac9e-f3d5df73bb9f,2023-9-27 15:45,PFSP,tai200_10_9.fsp,20000,vj-inv,200,0.3,1204848,284
7c2c405b-18d8-4e0f-b763-a4d77f42b220,2023-9-28 16:18,PFSP,tai200_10_9.fsp,20000,vj-inv,200,0.3,1207783,284
7c351857-9cf9-4777-8010-280ecb96a66b,2023-9-28 16:12,PFSP,tai20_20_8.fsp,2000,vj-inv,200,0.3,33983,2
7c50427d-d734-469b-8402-5bbe45ee5244,2023-9-27 13:29,PFSP,tai20_5_8.fsp,2000,vj-inv,20,0.2,15489,0
7c54251d-0813-4a14-999c-5d63f2e48741,2023-9-28 6:54,PFSP,tai100_10_9.fsp,10000,vj-inv,10000,0.5,296648,54848
7c9d0643-5832-4dca-aaf2-aacb1a9fe704,2023-9-28 16:12,PFSP,tai20_20_8.fsp,2000,vj-inv,200,0.5,33691,2
7cc695cc-d28a-4cc8-b69a-e9a0451b69bb,2023-9-27 14:8,PFSP,tai50_10_9.fsp,5000,vj-inv,5000,0.5,89584,2346
7d03748c-1dee-4ede-b715-4fe14857a398,2023-9-28 7:27,PFSP,tai100_10_9.fsp,10000,vj-inv,10000,0.5,297202,56771
7db54ecf-f765-4ce1-ac60-ba6fee67e0bc,2023-9-27 13:29,PFSP,tai20_5_8.fsp,2000,vj-inv,200,0.2,14486,2
7e42eadb-5d4f-4aad-b7cc-8866503a0e83,2023-9-28 16:13,PFSP,tai50_10_9.fsp,5000,vj-inv,50,0.3,99487,2
7e6f5860-3fe0-4d0f-889c-08f1c8c84bc4,2023-9-27 13:29,PFSP,tai20_5_8.fsp,2000,vj-inv,20,0.2,15500,0
7ef97114-30fa-4a74-b0a6-35fc6dd7ecb3,2023-9-29 9:21,PFSP,tai200_10_9.fsp,20000,vj-inv,20000,0.2,1087335,61664
7f6b24eb-f93c-4214-9eb9-649fafe1b976,2023-9-27 13:29,PFSP,tai20_5_8.fsp,2000,vj-inv,200,0.3,14353,1
7f6f6fdd-d44a-4185-8429-a77f3c158e11,2023-9-28 3:23,PFSP,tai100_10_9.fsp,10000,vj-inv,10000,0.3,295992,42132
7f9e26b4-1ae8-4460-9006-6bac08eb5a83,2023-9-28 16:14,PFSP,tai20_20_8.fsp,2000,vj-inv,2000,0.2,33644,128
7fb8bfa9-9e84-4ec0-8afb-4b177bf427cd,2023-9-27 15:46,PFSP,tai200_10_9.fsp,20000,vj-inv,200,0.5,1202516,345
7fe72d27-3ba6-4e54-b9fb-86d3c484c6b2,2023-9-27 13:31,PFSP,tai20_5_8.fsp,2000,vj-inv,2000,0.3,14515,110
80495c0b-030f-4eb9-94a6-5b7c92ff3ac1,2023-9-28 15:55,PFSP,tai20_5_8.fsp,2000,vj-inv,20,0.3,15354,0
80639c1a-e87f-4812-a8ce-4190cb4d7a17,2023-9-27 15:41,PFSP,tai100_10_9.fsp,10000,vj-inv,100,0.5,338708,28
8067a297-0d7f-42ad-9fe8-55b7bd92cbf2,2023-9-28 16:13,PFSP,tai50_10_9.fsp,5000,vj-inv,50,0.5,97991,2
81391cb0-e746-469d-9370-23ed4bbf6d35,2023-9-27 16:43,PFSP,tai200_10_9.fsp,20000,vj-inv,2000,0.5,1125482,3738
81efa443-ff22-4485-8eb9-7d899d1a462a,2023-9-28 15:58,PFSP,tai20_5_8.fsp,2000,vj-inv,2000,0.2,14502,138
823cdb88-c6b2-441b-8b36-3189648bd992,2023-9-27 15:41,PFSP,tai100_10_9.fsp,10000,vj-inv,100,0.2,342437,22
824fedb7-79cf-48d0-93d7-c9de3f292482,2023-9-29 6:18,PFSP,tai100_10_9.fsp,10000,vj-inv,10000,0.2,297160,50707
82a82818-ba1a-471e-9968-3b90954966af,2023-9-28 16:49,PFSP,tai50_10_9.fsp,5000,vj-inv,5000,0.3,90874,2172
82cf05c3-8746-4d23-85da-89af05ae703c,2023-9-28 16:48,PFSP,tai50_10_9.fsp,5000,vj-inv,5000,0.2,89887,2132
82e27b32-231a-4740-a263-9a86d9d2136b,2023-9-30 0:18,PFSP,tai200_10_9.fsp,20000,vj-inv,20000,0.2,1087989,115023
835a5336-309e-4a85-bf70-b64a7b615a0b,2023-9-27 13:29,PFSP,tai20_20_8.fsp,2000,vj-inv,200,0.2,33728,2
83e30f5a-c21b-4975-9479-ab8eab28099b,2023-9-27 13:29,PFSP,tai20_5_8.fsp,2000,vj-inv,200,0.5,14496,2
83fcde96-7544-4c7a-86a6-679b7000f8cf,2023-9-28 15:57,PFSP,tai20_5_8.fsp,2000,vj-inv,2000,0.3,14344,127
84b55f8e-0313-4341-8bdb-29325bcd7397,2023-9-28 16:12,PFSP,tai20_20_8.fsp,2000,vj-inv,20,0.3,34939,0
850e57a0-810e-4fb7-a100-0a09b1b5a96d,2023-9-27 15:48,PFSP,tai100_10_9.fsp,10000,vj-inv,1000,0.2,321103,444
858474a0-df33-4057-8d8e-bb313c9df4f8,2023-9-27 15:45,PFSP,tai100_10_9.fsp,10000,vj-inv,1000,0.2,321151,279
8594dc9e-39c2-44ca-b7fa-6f697e7d28d0,2023-9-27 13:29,PFSP,tai20_5_8.fsp,2000,vj-inv,20,0.2,15152,0
85ea7043-050d-4d12-94ea-a40bf9dccc7c,2023-9-27 13:29,PFSP,tai20_20_8.fsp,2000,vj-inv,200,0.2,33697,3
86225a00-164b-4ab4-9d5b-0695e9f2197d,2023-9-28 16:21,PFSP,tai100_10_9.fsp,10000,vj-inv,1000,0.3,316517,485
862c60ae-f247-4f75-84a0-3dcc6fd9176d,2023-9-28 15:55,PFSP,tai20_5_8.fsp,2000,vj-inv,20,0.2,15434,0
8648714f-fea8-4f0e-84cd-3fd9ad525c0f,2023-9-27 13:29,PFSP,tai20_5_8.fsp,2000,vj-inv,20,0.5,15225,0
86b4a0a8-d4cc-48ee-aa4d-4d48577c7d9e,2023-9-28 15:55,PFSP,tai20_5_8.fsp,2000,vj-inv,200,0.5,14515,2
86ceb321-b073-4a45-bb64-c9143cb511bc,2023-9-28 16:13,PFSP,tai50_10_9.fsp,5000,vj-inv,500,0.3,91521,47
87426542-7199-4599-ad0f-32aba8a9d3bb,2023-9-27 13:32,PFSP,tai20_5_8.fsp,2000,vj-inv,2000,0.3,14515,182
87ceb00a-ae88-4126-955d-4d5c5d488bf8,2023-9-28 17:48,PFSP,tai200_10_9.fsp,20000,vj-inv,2000,0.3,1139101,5212
8874f4a3-9c3b-497a-8f4d-cd9b6d77a473,2023-9-28 16:13,PFSP,tai50_10_9.fsp,5000,vj-inv,500,0.2,93126,44
88bee677-2885-4987-8f56-081aeb3c1a4c,2023-9-28 16:23,PFSP,tai200_10_9.fsp,20000,vj-inv,200,0.5,1198931,502
88cc3336-212d-4565-ae02-c57832a464db,2023-9-28 16:14,PFSP,tai20_20_8.fsp,2000,vj-inv,2000,0.2,33697,133
88d7bbde-4993-48ed-a029-16b19d67205f,2023-9-28 16:13,PFSP,tai50_10_9.fsp,5000,vj-inv,50,0.3,100128,2
88f3d0d7-ace6-4e2f-aef0-07cb35268835,2023-9-28 16:23,PFSP,tai200_10_9.fsp,20000,vj-inv,200,0.5,1194905,348
89ce5a36-ae4e-4383-9428-519ed5fb54c9,2023-9-28 17:39,PFSP,tai200_10_9.fsp,20000,vj-inv,2000,0.3,1132540,5119
8a055433-227b-4c0b-8a75-9af1da2cf1f1,2023-9-28 16:13,PFSP,tai100_10_9.fsp,10000,vj-inv,100,0.3,342546,41
8a0c968b-45c2-4ea2-8a44-8eed9161e2fb,2023-9-28 10:55,PFSP,tai200_10_9.fsp,20000,vj-inv,20000,0.5,1083550,69226
8a179a24-be8b-4646-81ff-d84ef57ed03a,2023-9-28 15:58,PFSP,tai20_5_8.fsp,2000,vj-inv,2000,0.3,14515,143
8ad445a4-e5b5-43cc-a18d-be379c77f222,2023-9-28 16:13,PFSP,tai50_10_9.fsp,5000,vj-inv,500,0.5,89951,49
8ae2b9d0-1203-477e-851d-5696c4da2c7c,2023-9-28 15:55,PFSP,tai20_5_8.fsp,2000,vj-inv,200,0.3,14372,2
8af07a40-7f1e-4d0c-974e-e3ad1915d0be,2023-9-28 15:55,PFSP,tai20_5_8.fsp,2000,vj-inv,200,0.2,14477,1
8afea844-b4fe-4e5a-bc38-22892edc10e9,2023-9-27 13:29,PFSP,tai20_20_8.fsp,2000,vj-inv,20,0.5,34883,0
8b1833ab-afa3-4c31-a2f4-bed7b9d9b759,2023-9-27 13:30,PFSP,tai50_10_9.fsp,5000,vj-inv,500,0.5,90161,48
8b1aa231-492d-44fd-9882-158b3e6eae8b,2023-9-29 6:33,PFSP,tai100_10_9.fsp,10000,vj-inv,10000,0.3,298204,51615
8b20ced2-4008-4684-944f-02077fb3b5ee,2023-9-28 16:13,PFSP,tai50_10_9.fsp,5000,vj-inv,500,0.5,90357,50
8b296689-9b32-4163-a84b-d07eb401ac39,2023-9-28 15:55,PFSP,tai20_5_8.fsp,2000,vj-inv,200,0.5,14352,1
8b6c16a5-a141-4ace-a1ae-aaa3ed79d6f6,2023-9-27 13:29,PFSP,tai20_20_8.fsp,2000,vj-inv,20,0.5,34201,0
8bc8a297-c271-479f-afdb-77dc6db7cd6b,2023-9-27 15:48,PFSP,tai100_10_9.fsp,10000,vj-inv,1000,0.5,313075,489
8c21cb74-afa5-4a9c-841d-aee1d90fe9e0,2023-9-27 13:29,PFSP,tai20_20_8.fsp,2000,vj-inv,20,0.3,34772,0
8c530210-903b-40a6-81e4-6f72bb63e5f6,2023-9-28 16:13,PFSP,tai50_10_9.fsp,5000,vj-inv,50,0.2,100002,3
8c5e3d78-61ae-4ca7-9a55-b32744fea88e,2023-9-27 15:45,PFSP,tai200_10_9.fsp,20000,vj-inv,200,0.2,1218710,251
8d626b00-6fb2-42a5-be75-72e2959a3fff,2023-9-28 16:13,PFSP,tai20_20_8.fsp,2000,vj-inv,2000,0.3,33644,66
8d87f167-f5f2-4ced-ba10-fd482a9b7d14,2023-9-28 16:18,PFSP,tai100_10_9.fsp,10000,vj-inv,1000,0.5,314948,320
8d8b0988-d533-4544-a1f1-5241976c218a,2023-9-27 13:29,PFSP,tai20_5_8.fsp,2000,vj-inv,200,0.2,14344,2
8d9a040a-7abe-4eee-a4e8-107d4c33428c,2023-9-27 13:31,PFSP,tai20_5_8.fsp,2000,vj-inv,2000,0.5,14515,143
8db8aa77-dbb1-4808-9837-f2cd9a747715,2023-9-28 4:9,PFSP,tai100_10_9.fsp,10000,vj-inv,10000,0.2,296651,44907
8dc57283-0e6c-435e-a937-82d098ee8beb,2023-9-27 13:29,PFSP,tai20_20_8.fsp,2000,vj-inv,200,0.2,33625,2
8dcee012-8e66-4d3d-9556-893ce385919a,2023-9-27 13:29,PFSP,tai50_10_9.fsp,5000,vj-inv,50,0.3,99945,4
8de19015-344f-46a7-ad02-f1fc54313047,2023-9-27 13:30,PFSP,tai20_5_8.fsp,2000,vj-inv,2000,0.5,14353,94
9006e515-c5d9-44b2-a39f-1d9d38f80797,2023-9-27 15:41,PFSP,tai100_10_9.fsp,10000,vj-inv,100,0.2,342136,22
902aa505-b358-4cd9-a27c-6412e04f672f,2023-9-28 17:16,PFSP,tai200_10_9.fsp,20000,vj-inv,2000,0.5,1121768,3739
90481c69-8bc9-4f5f-a5ce-9c2b30660f11,2023-9-28 16:15,PFSP,tai20_20_8.fsp,2000,vj-inv,2000,0.2,33644,135
91a3dba3-b069-4f55-ae76-d93a7ec26963,2023-9-29 6:16,PFSP,tai100_10_9.fsp,10000,vj-inv,10000,0.5,297530,50581
91e1bd91-9d30-4351-810e-a55f7ecbca49,2023-9-29 22:18,PFSP,tai200_10_9.fsp,20000,vj-inv,20000,0.3,1081463,108239
91f48192-abef-48c5-b114-56ef899aca5f,2023-9-28 1:46,PFSP,tai100_10_9.fsp,10000,vj-inv,10000,0.2,297541,36315
921ba7a4-0367-461e-bf43-34f346e49d39,2023-9-27 13:30,PFSP,tai50_10_9.fsp,5000,vj-inv,500,0.2,94906,24
923c8d37-efa8-4d6f-b573-99e2800339ef,2023-9-27 13:29,PFSP,tai20_20_8.fsp,2000,vj-inv,200,0.3,33673,2
9251f6c1-29ff-419b-809a-58f49a297cac,2023-9-29 9:33,PFSP,tai200_10_9.fsp,20000,vj-inv,20000,0.2,1080576,62048
932782ea-cd31-492a-bd56-585ced3b001b,2023-9-27 13:29,PFSP,tai20_5_8.fsp,2000,vj-inv,200,0.3,14353,2
93655c00-cced-40d1-88ba-b455e6dae861,2023-9-27 13:29,PFSP,tai20_5_8.fsp,2000,vj-inv,200,0.5,14477,2
93dd9503-bcb4-4b56-9e00-572303957cf3,2023-9-27 13:30,PFSP,tai20_5_8.fsp,2000,vj-inv,2000,0.2,14484,100
93ee631c-24e9-45c9-9460-e70840e891ba,2023-9-27 15:49,PFSP,tai100_10_9.fsp,10000,vj-inv,1000,0.5,315499,494
94290fda-960d-4179-b5fe-1739dc43fb3f,2023-9-27 15:46,PFSP,tai200_10_9.fsp,20000,vj-inv,200,0.5,1199412,342
94366c56-d1ce-48d1-9efb-1539999aac5b,2023-9-27 15:49,PFSP,tai100_10_9.fsp,10000,vj-inv,1000,0.5,315243,497
943eb3ae-5402-47b2-b63b-4ca34412ecd6,2023-9-27 13:29,PFSP,tai20_20_8.fsp,2000,vj-inv,200,0.2,33857,2
9487c09d-0842-45b7-8dfe-c777609bdce6,2023-9-28 16:14,PFSP,tai20_20_8.fsp,2000,vj-inv,2000,0.3,33644,129
953341be-a955-43b1-a39a-92c6837b9464,2023-9-28 15:56,PFSP,tai20_5_8.fsp,2000,vj-inv,2000,0.2,14515,73
953cbf46-4746-447a-b005-6ceb8510d355,2023-9-28 16:13,PFSP,tai50_10_9.fsp,5000,vj-inv,500,0.2,94127,45
95686e88-03a1-41d1-893a-55c13f84ab18,2023-9-28 15:56,PFSP,tai20_5_8.fsp,2000,vj-inv,2000,0.2,14344,64
95963ae0-a826-4b1e-b460-b2cbd46f20aa,2023-9-28 16:15,PFSP,tai20_20_8.fsp,2000,vj-inv,2000,0.5,33644,136
959e5126-9ec9-42c0-9fe6-106ca90a57fb,2023-9-28 15:55,PFSP,tai20_5_8.fsp,2000,vj-inv,20,0.3,15222,0
96aa9c54-9a54-4be6-907c-8a30f911390d,2023-9-27 13:29,PFSP,tai20_5_8.fsp,2000,vj-inv,20,0.5,15195,0
96d6ca81-6998-4c7d-a276-4f4dbe3ed979,2023-9-27 16:26,PFSP,tai200_10_9.fsp,20000,vj-inv,2000,0.2,1148728,2743
97b50b82-c7a9-474b-b7f3-57dc3c68f228,2023-9-28 15:55,PFSP,tai20_5_8.fsp,2000,vj-inv,20,0.5,15090,0
984e31b9-7a9f-4450-824d-f4676856830e,2023-9-27 13:29,PFSP,tai20_20_8.fsp,2000,vj-inv,200,0.5,33834,4
99341f13-341a-45ef-b474-aab3f8ca0a7f,2023-9-28 16:13,PFSP,tai50_10_9.fsp,5000,vj-inv,500,0.3,92137,27
994617dc-6cfd-4f3b-a3f4-5d090085583e,2023-9-28 16:50,PFSP,tai50_10_9.fsp,5000,vj-inv,5000,0.5,89828,2266
99c3dda4-7b0e-4738-bd38-4df3e1c4f28f,2023-9-27 13:30,PFSP,tai50_10_9.fsp,5000,vj-inv,500,0.3,92218,46
99fdfc7c-7156-4b48-a962-564645a633e1,2023-9-27 15:41,PFSP,tai100_10_9.fsp,10000,vj-inv,100,0.2,342587,38
9a6e962e-3261-4d94-a2bb-0a818a1032f6,2023-9-28 16:12,PFSP,tai20_20_8.fsp,2000,vj-inv,20,0.2,35071,0
9aae43c8-127f-41ea-9f52-63de9ac6ea97,2023-9-27 15:41,PFSP,tai100_10_9.fsp,10000,vj-inv,100,0.2,344422,37
9b12b28f-f515-43fb-866a-1f560156680d,2023-9-27 15:47,PFSP,tai200_10_9.fsp,20000,vj-inv,200,0.2,1211359,390
9b2bcaba-e7c0-4292-9f45-56755fa9cf2a,2023-9-27 13:29,PFSP,tai20_5_8.fsp,2000,vj-inv,200,0.5,14370,2
9b8f7959-f750-4b85-8e39-0d2b4e06751a,2023-9-28 17:36,PFSP,tai50_10_9.fsp,5000,vj-inv,5000,0.2,90980,4997
9b90e031-fa25-4402-b4ea-af2bf812b8dc,2023-9-28 6:54,PFSP,tai100_10_9.fsp,10000,vj-inv,10000,0.5,296669,54843
9ba973be-1a06-45af-a6b5-b217347172af,2023-9-29 3:15,PFSP,tai100_10_9.fsp,10000,vj-inv,10000,0.5,297388,39719
9be852b0-83ff-4c07-8b79-da3d052b77b1,2023-9-29 0:16,PFSP,tai100_10_9.fsp,10000,vj-inv,10000,0.3,296737,29006
9c5e3aea-8ed6-4723-82f7-4e92c6df42f7,2023-9-27 13:31,PFSP,tai20_20_8.fsp,2000,vj-inv,2000,0.5,33644,143
9cdba514-058d-488a-9137-b6ea4b273673,2023-9-28 16:14,PFSP,tai20_20_8.fsp,2000,vj-inv,2000,0.2,33644,129
9cef1fb3-14db-4910-9034-7efd32c47cef,2023-9-28 16:13,PFSP,tai50_10_9.fsp,5000,vj-inv,500,0.3,92714,27
9d1e1ac1-436d-4e32-abd8-743066924b96,2023-9-28 16:13,PFSP,tai100_10_9.fsp,10000,vj-inv,100,0.3,338160,25
9d2221fb-66ae-4b3d-a24b-a0b02125051d,2023-9-28 16:12,PFSP,tai20_20_8.fsp,2000,vj-inv,200,0.5,33832,4
9d545e47-7ba0-4b8f-91da-c321095c717a,2023-9-28 16:17,PFSP,tai100_10_9.fsp,10000,vj-inv,1000,0.3,318213,280
9d88d65b-e815-4007-a403-fb91675a7be9,2023-9-28 16:47,PFSP,tai50_10_9.fsp,5000,vj-inv,5000,0.5,90820,2094
9e62e349-f949-433d-be43-7d9004308a5c,2023-9-28 23:58,PFSP,tai100_10_9.fsp,10000,vj-inv,10000,0.2,296997,27900
9ee19f92-54c6-418b-8c27-0f0e35769b9e,2023-9-27 16:46,PFSP,tai200_10_9.fsp,20000,vj-inv,2000,0.2,1145158,3895
9f248a2d-642a-472d-a967-df0fbd0b6545,2023-9-27 13:29,PFSP,tai50_10_9.fsp,5000,vj-inv,50,0.5,98704,4
9f313ee9-b4e0-4801-9bb4-170da73dd9d3,2023-9-29 1:14,PFSP,tai100_10_9.fsp,10000,vj-inv,10000,0.2,298125,32475
9f350de2-4d19-4736-806d-53e9d1a92b69,2023-9-28 16:12,PFSP,tai20_20_8.fsp,2000,vj-inv,20,0.3,34912,0
9f495036-f379-438d-8ace-8ff1a0d307f7,2023-9-28 15:57,PFSP,tai20_5_8.fsp,2000,vj-inv,2000,0.2,14515,110
9fd7668b-e022-4b0d-8802-9c0a81676a31,2023-9-27 16:43,PFSP,tai200_10_9.fsp,20000,vj-inv,2000,0.5,1127766,3746
a01c78bc-efa1-4f5d-a805-4835dfc1cd81,2023-9-27 14:49,PFSP,tai50_10_9.fsp,5000,vj-inv,5000,0.2,90752,4789
a04acc42-d3e2-4af3-bf44-3ab1958fca3a,2023-9-28 16:17,PFSP,tai100_10_9.fsp,10000,vj-inv,1000,0.3,319131,280
a0f6485c-26e0-4e92-a677-89a0b3c3f130,2023-9-28 16:12,PFSP,tai20_20_8.fsp,2000,vj-inv,20,0.2,34829,0
a10aeb2c-6923-419d-8860-7f6954f2a045,2023-9-28 16:12,PFSP,tai20_20_8.fsp,2000,vj-inv,200,0.2,33776,2
a173274d-f2b5-4e9e-b9dc-3131f7b903a7,2023-9-27 15:41,PFSP,tai100_10_9.fsp,10000,vj-inv,100,0.3,341957,24
a190dfdf-7ac8-48d2-925f-ae887cf8d024,2023-9-28 17:5,PFSP,tai200_10_9.fsp,20000,vj-inv,2000,0.3,1138742,3113
a1ac3c62-00ed-4fdd-a954-b3dc64f50323,2023-9-27 13:29,PFSP,tai20_20_8.fsp,2000,vj-inv,200,0.3,33600,3
a1be5fae-3da7-4c94-bb1b-a6a72950d80f,2023-9-28 15:58,PFSP,tai20_5_8.fsp,2000,vj-inv,2000,0.3,14487,137
a1bf788b-2391-4f77-8b2d-4f86177a5cf8,2023-9-29 10:21,PFSP,tai200_10_9.fsp,20000,vj-inv,20000,0.3,1085295,65052
a29b7a3b-0aee-4b2f-8b0c-947e00cbb4ac,2023-9-28 16:21,PFSP,tai200_10_9.fsp,20000,vj-inv,200,0.2,1216074,387
a2be6a82-b7fd-4069-8045-58bf7f0be9dc,2023-9-28 15:55,PFSP,tai20_5_8.fsp,2000,vj-inv,200,0.3,14435,2
a32e4d03-f493-4487-b256-94c59db82612,2023-9-27 13:29,PFSP,tai20_20_8.fsp,2000,vj-inv,200,0.3,33834,4
a366196e-86fc-48b6-be79-d05a4fdc6546,2023-9-27 14:28,PFSP,tai50_10_9.fsp,5000,vj-inv,5000,0.3,91118,3493
a39afac3-f063-473c-b0e3-3e4f873ff607,2023-9-27 13:29,PFSP,tai20_20_8.fsp,2000,vj-inv,200,0.2,33834,3
a3aa658a-cd5c-4d1d-84ad-01b62bd5afca,2023-9-29 0:59,PFSP,tai100_10_9.fsp,10000,vj-inv,10000,0.3,298085,31605
a3d79af5-9cc8-4bce-a480-4c2baf00c2ba,2023-9-28 15:55,PFSP,tai20_5_8.fsp,2000,vj-inv,20,0.5,14901,0
a468d316-0bc0-4f44-b5e2-ecb95a8b84cb,2023-9-27 17:12,PFSP,tai200_10_9.fsp,20000,vj-inv,2000,0.5,1122392,5483
a4b07fe3-7882-427b-ba0d-2d5e4654f890,2023-9-28 16:12,PFSP,tai20_20_8.fsp,2000,vj-inv,20,0.5,34240,0
a4b14557-041c-4f1b-be50-d2e220da4c1b,2023-9-27 13:29,PFSP,tai50_10_9.fsp,5000,vj-inv,50,0.2,100219,2
a4e993b8-8c23-43d3-b449-a9fbf9e6ce5f,2023-9-28 15:55,PFSP,tai20_5_8.fsp,2000,vj-inv,200,0.5,14515,1
a5a911b3-aaba-4021-a8fa-98ad5576cb5d,2023-9-27 13:31,PFSP,tai20_5_8.fsp,2000,vj-inv,2000,0.5,14344,142
a6581116-c387-4471-b443-6b6bbfe6f7b4,2023-9-28 15:55,PFSP,tai20_5_8.fsp,2000,vj-inv,200,0.2,14429,2
a6d1595d-252d-408d-ac15-4415a194d03d,2023-9-27 15:45,PFSP,tai100_10_9.fsp,10000,vj-inv,1000,0.2,321395,265
a7aa5c79-8862-49a9-9bce-b8ae5857f3fc,2023-9-27 15:48,PFSP,tai100_10_9.fsp,10000,vj-inv,1000,0.3,318423,460
a7b3121c-6ddc-4d70-8e75-d6a5f8d96515,2023-9-28 16:12,PFSP,tai20_20_8.fsp,2000,vj-inv,20,0.3,34991,0
a7d2ada2-456a-4997-a4cd-4003ba48c3ea,2023-9-28 16:13,PFSP,tai100_10_9.fsp,10000,vj-inv,100,0.5,338139,43
a7e15102-ff02-4900-9d88-6a6c38cd566b,2023-9-27 13:29,PFSP,tai50_10_9.fsp,5000,vj-inv,50,0.5,98511,2
a902c6c2-4453-4e5a-b37c-3f5a3bafd850,2023-9-27 13:30,PFSP,tai50_10_9.fsp,5000,vj-inv,500,0.2,93452,26
a961f886-bbfb-4829-9f15-14255abe3148,2023-9-27 13:29,PFSP,tai50_10_9.fsp,5000,vj-inv,50,0.5,98717,2
a967a7f1-cdda-4b07-b8f7-f6e1c6ab47b4,2023-9-28 16:13,PFSP,tai20_20_8.fsp,2000,vj-inv,2000,0.2,33644,65
a9b5fb44-0151-430c-b090-dbb0a58b6114,2023-9-27 15:48,PFSP,tai100_10_9.fsp,10000,vj-inv,1000,0.3,317918,439
aa0eb3f8-31a2-4019-8804-206cff259348,2023-9-27 13:29,PFSP,tai20_20_8.fsp,2000,vj-inv,200,0.5,33644,3
aa635268-fe17-4fbb-906f-587788ba1472,2023-9-28 16:13,PFSP,tai50_10_9.fsp,5000,vj-inv,500,0.2,94197,26
ab35ad74-8422-4352-b4c0-aa6d908a5c6c,2023-9-28 15:57,PFSP,tai20_5_8.fsp,2000,vj-inv,2000,0.5,14353,129
ab78415a-6c03-49bf-8415-63951be481ac,2023-9-28 22:4,PFSP,tai100_10_9.fsp,10000,vj-inv,10000,0.2,297137,21058
abe5ec30-5b24-4b0b-8772-0f6d71d21fc4,2023-9-28 15:58,PFSP,tai20_5_8.fsp,2000,vj-inv,2000,0.5,14353,167
ac148870-234a-4dcf-b8e4-296770a8574b,2023-9-28 15:55,PFSP,tai20_5_8.fsp,2000,vj-inv,20,0.2,15491,0
ac28d09d-456b-4bd7-bb16-e5b3548aeecd,2023-9-27 13:56,PFSP,tai50_10_9.fsp,5000,vj-inv,5000,0.2,89915,1568
ac3a58ed-e739-4573-bca9-df1726a75c64,2023-9-29 0:10,PFSP,tai100_10_9.fsp,10000,vj-inv,10000,0.3,297666,28653
acbabae2-a012-4975-a9bb-f01d099fa279,2023-9-27 13:29,PFSP,tai20_5_8.fsp,2000,vj-inv,200,0.5,14377,1
acd1e00b-fe05-4558-bfc6-b6da86894a69,2023-9-28 16:12,PFSP,tai20_20_8.fsp,2000,vj-inv,20,0.5,34701,0
ad0771a9-638b-42be-92dc-5c6643bc49a4,2023-9-28 16:20,PFSP,tai200_10_9.fsp,20000,vj-inv,200,0.2,1221504,415
ad12e385-5efa-492c-bbbc-18af9f3a32dd,2023-9-28 15:58,PFSP,tai20_5_8.fsp,2000,vj-inv,2000,0.3,14456,138
ad78f3e7-6f43-4517-9332-d4023ab9f897,2023-9-28 16:12,PFSP,tai20_20_8.fsp,2000,vj-inv,200,0.5,33697,2
adb571f6-67bd-45da-bb53-3853cd335d93,2023-9-27 15:41,PFSP,tai100_10_9.fsp,10000,vj-inv,100,0.2,343118,22
add931f0-8196-4d8d-88bf-a9882a44c905,2023-9-28 15:56,PFSP,tai20_5_8.fsp,2000,vj-inv,2000,0.5,14353,66
adf413ba-d2fa-4c81-927b-01963db2866d,2023-9-27 13:29,PFSP,tai20_20_8.fsp,2000,vj-inv,20,0.5,34564,0
ae0eaf3d-5f53-43a0-ad38-69f7189b8623,2023-9-28 16:14,PFSP,tai100_10_9.fsp,10000,vj-inv,100,0.3,341513,39
ae197310-a65d-4636-9cf1-c4dc2d1728b4,2023-9-28 15:55,PFSP,tai20_5_8.fsp,2000,vj-inv,20,0.2,15376,0
af7d9140-0e2b-4175-a354-6404aa6a7b51,2023-9-27 13:30,PFSP,tai50_10_9.fsp,5000,vj-inv,500,0.5,90724,26
afb42f2c-2280-4cf2-837c-1fd87120baf0,2023-9-27 13:31,PFSP,tai20_20_8.fsp,2000,vj-inv,2000,0.3,33697,134
afbe1995-0d33-4c47-a8c7-8fcdcefd5f6e,2023-9-29 22:20,PFSP,tai200_10_9.fsp,20000,vj-inv,20000,0.2,1087048,108330
b00e0464-9875-4614-8d08-04f8481a8e80,2023-9-28 17:46,PFSP,tai200_10_9.fsp,20000,vj-inv,2000,0.5,1128837,5459
b01c2023-893f-495f-8244-651b55ebf1fa,2023-9-27 13:29,PFSP,tai20_20_8.fsp,2000,vj-inv,200,0.5,33644,2
b0769479-a095-4dda-8b4b-b67e2fa6e5cb,2023-9-28 8:26,PFSP,tai200_10_9.fsp,20000,vj-inv,20000,0.2,1085481,60336
b0a7d540-6410-4631-b9c8-65e9afaba151,2023-9-28 17:10,PFSP,tai200_10_9.fsp,20000,vj-inv,2000,0.3,1138440,3099
b0c7907f-2e7b-4471-bafa-30d11df39eab,2023-9-27 15:46,PFSP,tai100_10_9.fsp,10000,vj-inv,1000,0.5,314775,315
b1ce616a-3e2c-4f2c-aecc-2d8ed40061df,2023-9-28 15:57,PFSP,tai20_5_8.fsp,2000,vj-inv,2000,0.2,14401,109
b2504889-870b-4a34-91da-5a0330230b9a,2023-9-28 16:12,PFSP,tai20_20_8.fsp,2000,vj-inv,200,0.2,33728,2
b28670bc-5b1c-4f88-b170-0770eabe69cb,2023-9-28 16:22,PFSP,tai200_10_9.fsp,20000,vj-inv,200,0.2,1215502,252
b303bc11-5e33-429a-b9da-fa9fd151fec1,2023-9-28 15:56,PFSP,tai20_5_8.fsp,2000,vj-inv,2000,0.3,14515,74
b3163a63-d7aa-49d8-a4fa-6cee27542440,2023-9-27 15:45,PFSP,tai100_10_9.fsp,10000,vj-inv,1000,0.3,319343,279
b320aec1-6cd1-4712-9c6b-c40ccb999b21,2023-9-28 17:27,PFSP,tai50_10_9.fsp,5000,vj-inv,5000,0.5,90729,4485
b33a0856-3ddd-4b49-9b58-0bd9e20b1048,2023-9-28 16:13,PFSP,tai100_10_9.fsp,10000,vj-inv,100,0.5,337185,47
b38983b2-2e30-438f-98f2-4e5f8e5803cb,2023-9-27 13:29,PFSP,tai50_10_9.fsp,5000,vj-inv,50,0.3,99581,4
b39bd09e-6651-403a-8888-1d4dd0436075,2023-9-27 13:31,PFSP,tai20_20_8.fsp,2000,vj-inv,2000,0.2,33600,121
b44d7c20-01cf-4481-a08a-3eea425e8602,2023-9-28 16:13,PFSP,tai50_10_9.fsp,5000,vj-inv,500,0.3,93529,48
b464e51d-39f3-4f71-a2b3-a6f187c21555,2023-9-28 16:13,PFSP,tai100_10_9.fsp,10000,vj-inv,100,0.2,343799,22
b50e9657-58ed-450a-a9b8-f8102d6f2029,2023-9-28 17:34,PFSP,tai200_10_9.fsp,20000,vj-inv,2000,0.3,1137499,4746
b5510fdc-b3f6-43bb-b053-52bf0553f0c0,2023-9-28 16:18,PFSP,tai200_10_9.fsp,20000,vj-inv,200,0.2,1215873,252
b5797c92-f5f2-42e3-9a42-996ba16dd8fc,2023-9-27 13:29,PFSP,tai50_10_9.fsp,5000,vj-inv,50,0.2,100497,2
b59542ba-9ba1-4007-8e8a-a79e27368c59,2023-9-28 16:13,PFSP,tai100_10_9.fsp,10000,vj-inv,100,0.3,340621,40
b59f5959-69f6-44b9-ba26-bce2e63e5412,2023-9-27 13:30,PFSP,tai50_10_9.fsp,5000,vj-inv,500,0.2,93938,28
b5e6551b-43ce-4960-b051-4da15b5ff652,2023-9-28 16:19,PFSP,tai200_10_9.fsp,20000,vj-inv,200,0.5,1193229,348
b640c798-c6aa-4e46-ba97-622b02e47a26,2023-9-27 13:31,PFSP,tai20_20_8.fsp,2000,vj-inv,2000,0.3,33644,136
b64147ef-b52e-4aed-819e-c6651b9121cb,2023-9-27 15:48,PFSP,tai100_10_9.fsp,10000,vj-inv,1000,0.3,318688,444
b7455a53-e1e1-4295-926e-691497e7ff96,2023-9-28 16:12,PFSP,tai20_20_8.fsp,2000,vj-inv,20,0.2,35272,0
b821e306-3610-4c86-9044-ab1fb0cd0e30,2023-9-27 13:29,PFSP,tai20_20_8.fsp,2000,vj-inv,20,0.2,35258,0
b84c075b-e310-4561-84f1-1d63dc7f49fc,2023-9-29 1:4,PFSP,tai100_10_9.fsp,10000,vj-inv,10000,0.5,296555,31877
b874b793-075f-43ac-84b7-fff987ba0370,2023-9-27 13:30,PFSP,tai50_10_9.fsp,5000,vj-inv,500,0.5,90576,26
b8d7d847-a7d1-47bb-b78b-e0ecdd188e70,2023-9-27 15:46,PFSP,tai200_10_9.fsp,20000,vj-inv,200,0.5,1192613,345
b9376684-0438-4b34-8212-78d6c2d46661,2023-9-29 9:22,PFSP,tai200_10_9.fsp,20000,vj-inv,20000,0.2,1084428,61716
b96b199c-c2d2-4eac-9105-7921a4b233de,2023-9-28 15:58,PFSP,tai20_5_8.fsp,2000,vj-inv,2000,0.3,14515,179
ba2b73e5-ff56-4365-98a5-01b604084f2b,2023-9-28 15:55,PFSP,tai20_5_8.fsp,2000,vj-inv,20,0.2,15411,0
ba2eb5f1-fe1a-4e4e-9e6c-90dc3c72a367,2023-9-27 13:29,PFSP,tai20_20_8.fsp,2000,vj-inv,20,0.2,35052,0
ba7d5aa9-b6c1-41cc-be21-ad8e9e500199,2023-9-28 11:3,PFSP,tai200_10_9.fsp,20000,vj-inv,20000,0.5,1072847,69722
bad09ee2-4a92-4c46-82a9-dfc6169eb9d0,2023-9-28 17:28,PFSP,tai200_10_9.fsp,20000,vj-inv,2000,0.2,1144842,4484
bb4cacba-9bf3-4ee2-a74c-bedf2f55230f,2023-9-28 16:12,PFSP,tai20_20_8.fsp,2000,vj-inv,20,0.3,34625,0
bb7d87c0-f3af-4425-9e5b-5d1f2544aa9e,2023-9-28 16:30,PFSP,tai200_10_9.fsp,20000,vj-inv,200,0.5,1190572,559
bbcc2e6c-2085-4cf0-84ac-7b6eddcce7f3,2023-9-29 12:18,PFSP,tai200_10_9.fsp,20000,vj-inv,20000,0.5,1067999,72282
bbdff290-f8e0-423c-9bdb-d0ac87364cf0,2023-9-27 13:29,PFSP,tai20_20_8.fsp,2000,vj-inv,200,0.5,33697,3
bc05a48c-c663-4476-8557-3054c880d91e,2023-9-28 15:56,PFSP,tai20_5_8.fsp,2000,vj-inv,2000,0.5,14515,74
bc1e6ba7-966b-4d9c-836b-4562c189a169,2023-9-27 13:29,PFSP,tai50_10_9.fsp,5000,vj-inv,50,0.2,100250,2
bc583cb9-1edd-441d-a58f-176e51de51be,2023-9-27 15:47,PFSP,tai200_10_9.fsp,20000,vj-inv,200,0.2,1213970,383
bc68ef8a-fa3e-43db-8f89-5816106f1718,2023-9-27 13:29,PFSP,tai50_10_9.fsp,5000,vj-inv,50,0.3,100278,2
bca5bdaf-d8c2-4cde-bd56-54eb91258a0b,2023-9-28 16:12,PFSP,tai20_20_8.fsp,2000,vj-inv,200,0.5,33627,3
bcf3ce89-250c-4c6d-be01-d663afbb2164,2023-9-28 16:12,PFSP,tai20_20_8.fsp,2000,vj-inv,20,0.2,34694,0
bd888915-33b2-42d0-909d-9389a3f3b613,2023-9-27 13:31,PFSP,tai20_20_8.fsp,2000,vj-inv,2000,0.3,33644,137
bda9bfb9-16d5-4a18-a06e-1709291ff1f2,2023-9-28 16:13,PFSP,tai50_10_9.fsp,5000,vj-inv,500,0.5,90764,50
bdd76796-3801-4a3f-aff3-44e6a2cdb80d,2023-9-27 15:48,PFSP,tai100_10_9.fsp,10000,vj-inv,1000,0.5,314033,486
bde21608-9d8c-403f-adc6-9225c08236fe,2023-9-28 15:56,PFSP,tai20_5_8.fsp,2000,vj-inv,2000,0.3,14515,72
be1e755f-c808-4e30-9d2f-6ac6b63d52b3,2023-9-27 13:32,PFSP,tai20_5_8.fsp,2000,vj-inv,2000,0.3,14515,188
be2c3fba-8192-4a81-9835-8381a9830015,2023-9-27 15:41,PFSP,tai100_10_9.fsp,10000,vj-inv,100,0.5,337382,45
be5751c8-40a7-413f-85a6-e257af9dc515,2023-9-28 15:55,PFSP,tai20_5_8.fsp,2000,vj-inv,200,0.5,14353,2
bea22728-40ee-4cdb-809e-cce8ff036adf,2023-9-29 12:12,PFSP,tai200_10_9.fsp,20000,vj-inv,20000,0.5,1079027,71649
bec85722-b845-44e2-a212-d7a51cdd1620,2023-9-28 17:35,PFSP,tai50_10_9.fsp,5000,vj-inv,5000,0.2,90030,4932
bed2c253-dc21-4b1b-a385-2c662583c2b1,2023-9-27 13:29,PFSP,tai50_10_9.fsp,5000,vj-inv,50,0.5,98610,4
bee6c7a7-c2a1-466e-a111-faebfeca7ec6,2023-9-28 16:15,PFSP,tai20_20_8.fsp,2000,vj-inv,2000,0.5,33644,138
bef38cc3-e847-4dd2-99c2-95ec2057d9a7,2023-9-27 16:27,PFSP,tai200_10_9.fsp,20000,vj-inv,2000,0.2,1149815,2791
bf035b06-a101-416e-8583-1b0343a8e9e9,2023-9-29 8:0,PFSP,tai100_10_9.fsp,10000,vj-inv,10000,0.3,296711,56845
bf098546-cecf-4590-9d6e-ade095b892ea,2023-9-27 13:29,PFSP,tai20_20_8.fsp,2000,vj-inv,20,0.2,35236,0
bf0cce33-8849-44c5-a762-56012eb1f038,2023-9-27 13:29,PFSP,tai20_5_8.fsp,2000,vj-inv,200,0.3,14352,2
bf10ffce-7182-4a9b-987e-c1884996f462,2023-9-27 15:41,PFSP,tai100_10_9.fsp,10000,vj-inv,100,0.2,339967,22
bf5c8e55-f60c-4696-8138-aa15b9c62307,2023-9-28 16:14,PFSP,tai20_20_8.fsp,2000,vj-inv,2000,0.5,33639,118
bf8740a1-e153-41fd-9e75-4f2cfc73713a,2023-9-28 17:0,PFSP,tai200_10_9.fsp,20000,vj-inv,2000,0.2,1148790,2790
bfa6ad81-1a9f-4047-bb0b-bfeb2c34289d,2023-9-28 15:56,PFSP,tai20_5_8.fsp,2000,vj-inv,2000,0.5,14515,75
bfe50db8-cce3-41ca-a9f4-44aaf721311f,2023-9-27 13:29,PFSP,tai20_20_8.fsp,2000,vj-inv,20,0.3,35006,0
c01ca3d7-536a-4830-9da9-9a04763d1932,2023-9-28 16:13,PFSP,tai50_10_9.fsp,5000,vj-inv,50,0.3,98996,4
c0535e85-dab7-49ad-b1b7-b30b7ca5278f,2023-9-28 16:18,PFSP,tai100_10_9.fsp,10000,vj-inv,1000,0.5,313546,321
c08659dd-10ee-47d5-ac30-b03aaeb40d39,2023-9-27 13:29,PFSP,tai20_20_8.fsp,2000,vj-inv,200,0.5,33814,3
c09da0ff-3741-4d0d-b6fb-590b6c69e3e2,2023-9-27 15:48,PFSP,tai100_10_9.fsp,10000,vj-inv,1000,0.3,319067,456
c0a98c1e-1278-44f0-9535-a6da4e9a7f23,2023-9-28 16:13,PFSP,tai50_10_9.fsp,5000,vj-inv,50,0.3,100082,4
c0b2cb3c-8d50-421e-97b1-f1a671fa63e0,2023-9-27 13:29,PFSP,tai20_5_8.fsp,2000,vj-inv,20,0.3,15217,0
c16afe18-10ad-4fc5-a1cd-b18fc41d0dd7,2023-9-28 16:13,PFSP,tai50_10_9.fsp,5000,vj-inv,500,0.3,91972,27
c172f94d-74b9-4dbe-b899-7611c8d9f5e5,2023-9-27 13:30,PFSP,tai20_20_8.fsp,2000,vj-inv,2000,0.3,33644,82
c254affc-5cbb-4694-acb3-e5d84c528c5c,2023-9-28 16:12,PFSP,tai20_20_8.fsp,2000,vj-inv,200,0.3,33834,4
c26242e0-34ad-49ec-8912-b087f8c09cc1,2023-9-27 15:45,PFSP,tai200_10_9.fsp,20000,vj-inv,200,0.3,1208246,284
c263127f-1e42-4d66-a290-86cd9a932fb7,2023-9-27 13:31,PFSP,tai20_5_8.fsp,2000,vj-inv,2000,0.2,14492,108
c2a0bd86-f3f4-478b-92c6-fd5dcca5d5e3,2023-9-28 16:12,PFSP,tai20_20_8.fsp,2000,vj-inv,20,0.5,34625,0
c2a338dc-a3ec-4f69-8acc-340d0cbb6c7d,2023-9-27 15:49,PFSP,tai100_10_9.fsp,10000,vj-inv,1000,0.5,313875,509
c2d6ce7d-485e-4ac5-9a83-8f5c11e64a2a,2023-9-27 15:49,PFSP,tai100_10_9.fsp,10000,vj-inv,1000,0.5,313216,517
c2f042f5-dbe2-4b8a-ab11-a55201a821ec,2023-9-27 13:29,PFSP,tai20_5_8.fsp,2000,vj-inv,200,0.5,14363,1
c2f728ec-5fda-43e6-8f45-124c5673b242,2023-9-27 13:29,PFSP,tai20_20_8.fsp,2000,vj-inv,200,0.5,33644,3
c31a0e6f-ef52-4b23-a6b3-aa43e43f968b,2023-9-27 15:41,PFSP,tai100_10_9.fsp,10000,vj-inv,100,0.5,336425,44
c320f47f-081d-468c-8258-efea49d0b06c,2023-9-28 15:55,PFSP,tai20_5_8.fsp,2000,vj-inv,200,0.5,14348,2
c33efbd8-a6f0-425f-b935-0d97a8739971,2023-9-28 16:14,PFSP,tai20_20_8.fsp,2000,vj-inv,2000,0.2,33644,121
c34eb7ba-b376-44aa-8be0-0a717e054382,2023-9-29 12:19,PFSP,tai200_10_9.fsp,20000,vj-inv,20000,0.5,1072448,71851
c358be56-496a-4a4a-9691-8fac8c3e9c9e,2023-9-27 13:30,PFSP,tai50_10_9.fsp,5000,vj-inv,500,0.3,92760,25
c3e2a9bd-ecb2-4852-9bd9-d8de44c1245c,2023-9-28 8:38,PFSP,tai100_10_9.fsp,10000,vj-inv,10000,0.2,296831,61079
c3ef75ac-2e96-44ed-bb5b-31f6bd5a2574,2023-9-27 15:41,PFSP,tai100_10_9.fsp,10000,vj-inv,100,0.5,337748,28
c40a3da5-3cca-4971-906c-03a06652dd83,2023-9-28 16:13,PFSP,tai50_10_9.fsp,5000,vj-inv,500,0.5,90923,28
c43135fa-78b0-467e-a4b3-13a4ba1b6470,2023-9-27 13:29,PFSP,tai50_10_9.fsp,5000,vj-inv,50,0.2,100783,3
c46a8d29-fdc4-49f3-ae09-f5f3f648e76e,2023-9-28 4:30,PFSP,tai100_10_9.fsp,10000,vj-inv,10000,0.5,297187,46172
c4f6aeeb-65b9-4af9-bdad-13170ecb9923,2023-9-28 15:58,PFSP,tai20_5_8.fsp,2000,vj-inv,2000,0.3,14515,183
c527cfb0-4d5b-45c2-a27f-db2c83978443,2023-9-27 13:29,PFSP,tai50_10_9.fsp,5000,vj-inv,50,0.2,99769,3
c52b959a-5771-433e-ae1d-24d86ab22cef,2023-9-28 16:18,PFSP,tai100_10_9.fsp,10000,vj-inv,1000,0.3,318847,280
c6c3aaae-4bd1-418d-87f7-b14f69aeceaa,2023-9-29 12:12,PFSP,tai200_10_9.fsp,20000,vj-inv,20000,0.5,1082866,71884
c6fb6f9b-4634-4b0d-b154-4c934ec6f1ab,2023-9-28 7:49,PFSP,tai100_10_9.fsp,10000,vj-inv,10000,0.3,298043,58125
c7e73653-1c9e-4064-a0bb-6b46fcb6dd25,2023-9-28 16:21,PFSP,tai100_10_9.fsp,10000,vj-inv,1000,0.5,313911,521
c7f04b5c-0ba6-48c4-97ec-e4593acb9dc8,2023-9-28 9:30,PFSP,tai100_10_9.fsp,10000,vj-inv,10000,0.2,298378,64207
c809d2d1-fa41-43e0-b326-46a5ee5afbf1,2023-9-28 16:22,PFSP,tai200_10_9.fsp,20000,vj-inv,200,0.3,1209957,430
c8b6fcea-c968-4190-b05e-637a1ea8bc10,2023-9-27 15:45,PFSP,tai100_10_9.fsp,10000,vj-inv,1000,0.2,322205,261
c8bf5b12-7f3b-4860-84c2-b38f093783ae,2023-9-27 13:54,PFSP,tai50_10_9.fsp,5000,vj-inv,5000,0.2,89861,1480
c95d38b3-98ea-45b2-b443-a12643cac44a,2023-9-27 17:1,PFSP,tai200_10_9.fsp,20000,vj-inv,2000,0.3,1138548,4793
c9a26ffb-9468-4657-8470-a5df81810b63,2023-9-28 11:1,PFSP,tai200_10_9.fsp,20000,vj-inv,20000,0.5,1081629,69606
c9c101b3-e482-4d9b-9a46-2639e1b34bf8,2023-9-27 13:29,PFSP,tai50_10_9.fsp,5000,vj-inv,50,0.5,99080,5
c9cb327d-b9e1-44b4-a99e-7c3b397baef1,2023-9-27 13:31,PFSP,tai20_20_8.fsp,2000,vj-inv,2000,0.5,33644,138
ca6a2c42-09be-42b5-b81e-44d44a9a046f,2023-9-27 13:29,PFSP,tai20_20_8.fsp,2000,vj-inv,200,0.2,33600,2
caf89238-e091-45ff-808f-7c68d6904690,2023-9-27 13:29,PFSP,tai20_5_8.fsp,2000,vj-inv,200,0.3,14401,1
cc3fa1d3-ec42-4ec9-b5f2-b0530bd67e7b,2023-9-27 15:46,PFSP,tai200_10_9.fsp,20000,vj-inv,200,0.5,1200491,345
cc4022f2-78a9-4ef9-b587-d90ee64eb162,2023-9-28 16:23,PFSP,tai200_10_9.fsp,20000,vj-inv,200,0.5,1190744,566
cc7f2e0e-a174-4608-bd9a-653574798760,2023-9-29 18:34,PFSP,tai200_10_9.fsp,20000,vj-inv,20000,0.2,1083901,94757
ccbd4b1f-dff8-49d3-b713-218fb83c0bc0,2023-9-28 15:56,PFSP,tai20_5_8.fsp,2000,vj-inv,2000,0.5,14353,65
ccc520b0-b035-4f9d-bafd-a020cfed96df,2023-9-28 6:46,PFSP,tai100_10_9.fsp,10000,vj-inv,10000,0.3,296873,54342
ccfce503-2529-42ba-a1fa-cda874e51b65,2023-9-28 15:55,PFSP,tai20_5_8.fsp,2000,vj-inv,20,0.5,15050,0
cd1bf4f6-ff9a-46ff-baf1-9af98b0a5db6,2023-9-28 16:13,PFSP,tai50_10_9.fsp,5000,vj-inv,500,0.5,90261,28
cd586eac-a522-4d64-a395-0dc076c58781,2023-9-27 13:31,PFSP,tai20_20_8.fsp,2000,vj-inv,2000,0.2,33644,129
cd849f29-7cf5-4632-9bc2-215d91f5d417,2023-9-29 19:22,PFSP,tai200_10_9.fsp,20000,vj-inv,20000,0.3,1081292,97267
cdb0bc0e-dea5-440e-9133-fbbf5a5b0d2a,2023-9-27 15:49,PFSP,tai200_10_9.fsp,20000,vj-inv,200,0.5,1195866,498
ce34823f-0f28-432e-b4b6-3e877ee0bd04,2023-9-27 13:29,PFSP,tai20_5_8.fsp,2000,vj-inv,200,0.3,14353,2
cf8a3a7a-b71e-4a1d-bb67-00e60c11e242,2023-9-27 13:29,PFSP,tai20_20_8.fsp,2000,vj-inv,20,0.2,35037,0
cf8e1102-0b84-4be7-a6d2-382d303a2bf2,2023-9-28 16:12,PFSP,tai20_20_8.fsp,2000,vj-inv,200,0.2,33623,2
cfbed802-fe9a-4ed2-8574-18f41622f9b3,2023-9-27 14:17,PFSP,tai50_10_9.fsp,5000,vj-inv,5000,0.3,90739,2869
d04623f3-a3cc-4a5b-893c-df8cc35bbccd,2023-9-28 15:56,PFSP,tai20_5_8.fsp,2000,vj-inv,2000,0.5,14353,68
d0baed75-11a0-4dee-9096-fc951c8a9bdd,2023-9-27 13:31,PFSP,tai20_5_8.fsp,2000,vj-inv,2000,0.2,14515,139
d11f35b0-1ea2-4fa8-9631-b2a66187266c,2023-9-27 16:32,PFSP,tai200_10_9.fsp,20000,vj-inv,2000,0.3,1135081,3078
d1628085-6121-4257-a018-2e84be60bb72,2023-9-28 16:12,PFSP,tai20_20_8.fsp,2000,vj-inv,200,0.2,33834,4
d1b2e644-3265-4651-870f-86eea6815442,2023-9-28 17:20,PFSP,tai200_10_9.fsp,20000,vj-inv,2000,0.5,1126462,3773
d1bfd3b2-16a5-4c3d-b2ae-591e0849b8f5,2023-9-28 16:12,PFSP,tai20_20_8.fsp,2000,vj-inv,20,0.5,34601,0
d200fd60-9894-4266-8c44-dc325e376448,2023-9-28 16:12,PFSP,tai20_20_8.fsp,2000,vj-inv,20,0.3,34604,0
d268fbba-b4c9-483f-bff2-93083849ee54,2023-9-28 17:29,PFSP,tai200_10_9.fsp,20000,vj-inv,2000,0.2,1151163,4481
d32bd77d-4e4e-4f87-88ac-11a8dbd034f4,2023-9-28 16:23,PFSP,tai200_10_9.fsp,20000,vj-inv,200,0.5,1196868,557
d32d095a-a149-4b2d-af07-7144373e87da,2023-9-28 16:22,PFSP,tai200_10_9.fsp,20000,vj-inv,200,0.2,1214316,253
d417ab3f-082c-4d45-bdb0-f958d8da960b,2023-9-28 15:58,PFSP,tai20_5_8.fsp,2000,vj-inv,2000,0.2,14515,142
d43e8a37-b51a-4cd5-a321-6204cc35bbf3,2023-9-28 10:34,PFSP,tai100_10_9.fsp,10000,vj-inv,10000,0.5,297337,68023
d49d3101-f1de-459d-b6db-f0b812e57eb9,2023-9-27 15:45,PFSP,tai100_10_9.fsp,10000,vj-inv,1000,0.2,321320,262
d4a33dd7-ef74-4bad-84b7-2355721804b9,2023-9-28 16:13,PFSP,tai50_10_9.fsp,5000,vj-inv,50,0.2,100098,3
d4a50210-b250-44fb-8fd0-610b260c526f,2023-9-27 13:29,PFSP,tai20_20_8.fsp,2000,vj-inv,20,0.3,34972,0
d50394ff-b0eb-4774-a315-9bb5c95bc551,2023-9-28 17:20,PFSP,tai200_10_9.fsp,20000,vj-inv,2000,0.5,1127683,3748
d50f62cb-3074-466b-98e5-07a256db8cea,2023-9-27 13:30,PFSP,tai20_20_8.fsp,2000,vj-inv,2000,0.2,33600,78
d582369e-7b35-465f-907e-35ad582dbf33,2023-9-28 16:13,PFSP,tai100_10_9.fsp,10000,vj-inv,100,0.2,343757,22
d5b85a42-5fba-4c61-a52a-a74cdba3b01d,2023-9-28 15:55,PFSP,tai20_5_8.fsp,2000,vj-inv,200,0.2,14370,2
d6160121-9922-4997-af9b-1bb030c12a69,2023-9-28 16:12,PFSP,tai20_20_8.fsp,2000,vj-inv,20,0.2,35042,0
d64e08db-f869-4fdc-bfcd-b91b0b9d1b95,2023-9-27 13:58,PFSP,tai50_10_9.fsp,5000,vj-inv,5000,0.5,90451,1705
d65647f6-edcd-4143-9531-f8cd988f59cc,2023-9-29 9:23,PFSP,tai200_10_9.fsp,20000,vj-inv,20000,0.2,1083326,61504
d71fcdc8-82c7-46a1-89c0-c74c9c1f5b17,2023-9-28 17:27,PFSP,tai200_10_9.fsp,20000,vj-inv,2000,0.2,1150739,4388
d7474065-a125-4aad-898b-6652047d344c,2023-9-27 13:29,PFSP,tai20_20_8.fsp,2000,vj-inv,200,0.2,33697,2
d74a5035-721b-4634-8324-83d10a4ea351,2023-9-27 14:15,PFSP,tai50_10_9.fsp,5000,vj-inv,5000,0.5,91018,2759
d75ec3db-87f5-4d76-8b4c-489e2999c698,2023-9-29 11:3,PFSP,tai100_10_9.fsp,10000,vj-inv,10000,0.2,297007,67833
d79af5b9-c3c1-4bbf-87a1-ed9a34c32a41,2023-9-28 15:55,PFSP,tai20_5_8.fsp,2000,vj-inv,200,0.2,14372,1
d7b9ce23-a0d3-4c07-94ca-69eafe42416d,2023-9-27 13:29,PFSP,tai20_5_8.fsp,2000,vj-inv,20,0.5,15144,0
d800a023-9d1f-44db-ba98-e7e0552d300a,2023-9-28 16:13,PFSP,tai100_10_9.fsp,10000,vj-inv,100,0.2,342912,22
d858ec87-de73-45e6-b44f-4372503aad74,2023-9-28 15:55,PFSP,tai20_5_8.fsp,2000,vj-inv,200,0.3,14359,2
d877852d-a129-4b1d-91ef-99ec7877034e,2023-9-28 16:17,PFSP,tai100_10_9.fsp,10000,vj-inv,1000,0.2,321859,259
d879bec5-ba80-4ca7-a186-8afef0dd0411,2023-9-27 13:29,PFSP,tai20_20_8.fsp,2000,vj-inv,20,0.2,35052,0
d8d16c0c-f077-4e3f-a90c-da3107b86c15,2023-9-28 16:40,PFSP,tai50_10_9.fsp,5000,vj-inv,5000,0.2,90624,1654
d907d06b-1257-4e0c-b61f-1e9816b4d256,2023-9-28 22:24,PFSP,tai100_10_9.fsp,10000,vj-inv,10000,0.2,297260,22254
d90a0031-f26e-43dd-b3d8-ce6642f633ea,2023-9-27 13:29,PFSP,tai20_5_8.fsp,2000,vj-inv,200,0.5,14608,1
d96eab0b-b2ca-4087-a66b-c18fdb52eea7,2023-9-28 16:14,PFSP,tai20_20_8.fsp,2000,vj-inv,2000,0.3,33600,123
d97d1977-4876-4bcf-9904-1ff486df8334,2023-9-28 16:50,PFSP,tai50_10_9.fsp,5000,vj-inv,5000,0.5,91096,2244
d9d96729-b889-422e-886e-194a9ab83c0d,2023-9-29 10:23,PFSP,tai200_10_9.fsp,20000,vj-inv,20000,0.3,1085793,65114
da121cf7-1cb5-4861-b258-5e1fe32e283a,2023-9-28 17:53,PFSP,tai200_10_9.fsp,20000,vj-inv,2000,0.5,1126164,5498
da443270-a7c7-4503-a415-852d4f7b5eea,2023-9-28 16:13,PFSP,tai20_20_8.fsp,2000,vj-inv,2000,0.2,33600,66
daff8a0a-1963-4e51-ad23-83d2652e0479,2023-9-28 16:18,PFSP,tai200_10_9.fsp,20000,vj-inv,200,0.2,1217825,252
db3f7dce-652d-4053-81df-6cdfa8ee029d,2023-9-28 16:13,PFSP,tai50_10_9.fsp,5000,vj-inv,500,0.2,93689,26
db808b8f-29d9-4804-aeb0-eb0c00e3e0ed,2023-9-28 16:24,PFSP,tai200_10_9.fsp,20000,vj-inv,200,0.5,1197567,559
db956533-61c9-4168-a133-68370bf58cb7,2023-9-27 13:30,PFSP,tai50_10_9.fsp,5000,vj-inv,500,0.3,93029,25
dc68aff9-5506-4bd5-9d13-1a64c3ada2c5,2023-9-27 15:41,PFSP,tai100_10_9.fsp,10000,vj-inv,100,0.2,341558,38
dd22e85e-7b91-42e9-b5dc-298bd91b027e,2023-9-28 15:55,PFSP,tai20_5_8.fsp,2000,vj-inv,20,0.5,15063,0
dd282bc3-0d7a-4fea-b393-ed74dbcfa56d,2023-9-29 9:27,PFSP,tai200_10_9.fsp,20000,vj-inv,20000,0.2,1089821,61991
de2d213c-1cdf-4816-bb74-9d20939b7fd6,2023-9-27 13:29,PFSP,tai20_5_8.fsp,2000,vj-inv,20,0.3,15213,0
de5ed6da-4aa7-43b7-a7fc-101538cd8102,2023-9-28 16:13,PFSP,tai100_10_9.fsp,10000,vj-inv,100,0.2,342583,22
dec37f22-4cc3-4725-b169-65b6f7950295,2023-9-28 15:55,PFSP,tai20_5_8.fsp,2000,vj-inv,20,0.2,15381,0
df00dce0-50e0-46e9-b713-0387456075d1,2023-9-27 13:29,PFSP,tai20_20_8.fsp,2000,vj-inv,20,0.5,34541,0
df34dec5-f948-483c-96dd-4a4975808777,2023-9-28 16:13,PFSP,tai50_10_9.fsp,5000,vj-inv,500,0.2,93929,26
df4d6fb4-1eff-402a-a936-7fac6a77e0e3,2023-9-28 16:14,PFSP,tai20_20_8.fsp,2000,vj-inv,2000,0.3,33600,133
dfbb711a-3fce-41e3-aad3-72f4221712a3,2023-9-28 16:44,PFSP,tai50_10_9.fsp,5000,vj-inv,5000,0.5,90066,1905
e02699a9-c98c-417e-a7b3-a87aeee7a0e9,2023-9-28 15:55,PFSP,tai20_5_8.fsp,2000,vj-inv,20,0.2,15517,0
e09e5d74-fa15-4a3b-b583-0a21b8a062eb,2023-9-28 16:14,PFSP,tai20_20_8.fsp,2000,vj-inv,2000,0.5,33600,121
e0af9f95-449d-4928-a7b7-47b5a9b56689,2023-9-28 16:12,PFSP,tai20_20_8.fsp,2000,vj-inv,200,0.5,33730,2
e0d2708c-8549-4b19-91ff-eff32fa4d0a6,2023-9-28 15:55,PFSP,tai20_5_8.fsp,2000,vj-inv,200,0.3,14598,1
e18f3d58-5ddc-4d2e-87d2-52e0371bd371,2023-9-27 13:30,PFSP,tai20_20_8.fsp,2000,vj-inv,2000,0.2,33639,61
e25525c9-6308-44fa-8a21-1864e8a3ca9c,2023-9-27 13:29,PFSP,tai20_5_8.fsp,2000,vj-inv,200,0.5,14348,2
e381ca8f-2b0a-4a10-a2c7-dccd6b66ac44,2023-9-28 16:12,PFSP,tai20_20_8.fsp,2000,vj-inv,200,0.3,33697,3
e39d94f3-37c4-481a-a0ae-f234466ee7fc,2023-9-27 16:32,PFSP,tai200_10_9.fsp,20000,vj-inv,2000,0.3,1139285,3059
e3a00ae9-2427-4713-81ad-030f13d757b2,2023-9-28 16:12,PFSP,tai20_20_8.fsp,2000,vj-inv,20,0.2,34935,0
e489d6f5-61f6-4ac9-8ba8-fbc69e52291a,2023-9-28 16:13,PFSP,tai50_10_9.fsp,5000,vj-inv,50,0.3,99235,2
e4c22022-45f1-4144-9f5d-973d36b6c797,2023-9-28 16:12,PFSP,tai50_10_9.fsp,5000,vj-inv,50,0.2,100626,2
e4e4df7e-2ef3-443e-becd-7627f3e6f061,2023-9-27 16:32,PFSP,tai200_10_9.fsp,20000,vj-inv,2000,0.3,1138439,3101
e4f21c57-b99e-4fdf-a61a-67e7b419fe1d,2023-9-27 13:29,PFSP,tai20_5_8.fsp,2000,vj-inv,200,0.2,14353,2
e52a3aac-e426-4357-b1e6-2e568d4c2626,2023-9-28 17:9,PFSP,tai200_10_9.fsp,20000,vj-inv,2000,0.3,1135263,3127
e55df9cb-8cb9-4e82-9bf8-6799c241f0ad,2023-9-27 13:59,PFSP,tai50_10_9.fsp,5000,vj-inv,5000,0.2,89838,1782
e5a3cf67-b9c9-421f-9b3b-c81a6f21b2fc,2023-9-27 13:29,PFSP,tai20_5_8.fsp,2000,vj-inv,200,0.3,14515,2
e5aa771e-2090-494f-82e4-a1bef1aa4f2b,2023-9-27 13:29,PFSP,tai20_20_8.fsp,2000,vj-inv,200,0.2,33728,2
e5bc545c-4801-416d-9bca-51a4f8314d85,2023-9-27 13:30,PFSP,tai20_20_8.fsp,2000,vj-inv,2000,0.5,33644,63
e5d14e06-7e1a-4ed4-818e-d196a928c371,2023-9-28 16:12,PFSP,tai20_20_8.fsp,2000,vj-inv,20,0.5,34865,0
e620cca0-beda-4755-9d34-0e11330131a3,2023-9-27 13:29,PFSP,tai20_5_8.fsp,2000,vj-inv,200,0.2,14504,1
e6894154-2e36-41cb-a10b-bede0fc97e35,2023-9-27 16:54,PFSP,tai200_10_9.fsp,20000,vj-inv,2000,0.2,1149744,4392
e6a4cb60-1b26-439a-adf6-0cb1b85bb97d,2023-9-28 15:55,PFSP,tai20_5_8.fsp,2000,vj-inv,20,0.3,15044,0
e6f8c16b-4909-4a7c-bbdf-0f66c3247392,2023-9-27 13:29,PFSP,tai20_5_8.fsp,2000,vj-inv,200,0.2,14515,1
e6ffc230-0d1e-487e-841e-fa280d1d5d60,2023-9-28 16:14,PFSP,tai20_20_8.fsp,2000,vj-inv,2000,0.3,33644,129
e782cb47-b0b2-4970-b3f9-56de18ba2f78,2023-9-28 16:18,PFSP,tai100_10_9.fsp,10000,vj-inv,1000,0.5,314551,321
e78663e5-1f49-4317-b16b-b1a7816bb34f,2023-9-28 17:21,PFSP,tai200_10_9.fsp,20000,vj-inv,2000,0.5,1123070,3739
e7f08a2f-56ee-4fa2-90a9-220c52f65cc0,2023-9-28 15:55,PFSP,tai20_5_8.fsp,2000,vj-inv,200,0.2,14550,1
e841d59f-5ba8-4efb-94ac-299db53291ab,2023-9-28 16:13,PFSP,tai20_20_8.fsp,2000,vj-inv,2000,0.2,33644,65
e89c0843-5432-4c5f-a95f-690480d4b39a,2023-9-29 12:18,PFSP,tai200_10_9.fsp,20000,vj-inv,20000,0.5,1076783,72027
e8aae5fb-c12b-4224-8c59-7fb90b530dc3,2023-9-28 16:13,PFSP,tai100_10_9.fsp,10000,vj-inv,100,0.5,336527,29
e954c2a9-ca96-4105-9c08-ea79887b525d,2023-9-28 16:13,PFSP,tai100_10_9.fsp,10000,vj-inv,100,0.2,344136,22
e96b3b73-7e2e-4211-a4c9-ceb633483da6,2023-9-27 13:29,PFSP,tai50_10_9.fsp,5000,vj-inv,50,0.5,98821,4
e9839a53-7233-4dfd-8b5a-4294d02a0146,2023-9-28 4:44,PFSP,tai100_10_9.fsp,10000,vj-inv,10000,0.2,296714,47025
e9bd1eb9-06c5-460e-8593-c3fb14b087a2,2023-9-28 16:13,PFSP,tai50_10_9.fsp,5000,vj-inv,50,0.2,99786,3
e9df8c69-7252-4d6d-bea0-8be00622358a,2023-9-27 15:41,PFSP,tai100_10_9.fsp,10000,vj-inv,100,0.5,338678,28
ea11e1d7-9c32-4bd1-abb3-16ed7d6313ee,2023-9-28 16:12,PFSP,tai20_20_8.fsp,2000,vj-inv,200,0.3,33834,2
ea51ac90-113e-467d-96ba-c06233c1956c,2023-9-29 23:24,PFSP,tai200_10_9.fsp,20000,vj-inv,20000,0.3,1083548,112250
eaa7fe28-3f00-4cad-b870-6f1343c1a981,2023-9-27 16:42,PFSP,tai200_10_9.fsp,20000,vj-inv,2000,0.5,1124713,3700
eab697fc-674e-49e8-bb97-f343c995d8f7,2023-9-28 17:38,PFSP,tai50_10_9.fsp,5000,vj-inv,5000,0.3,90824,5119
eb68b6b2-91a5-4350-8213-2b37556fb156,2023-9-28 16:12,PFSP,tai20_20_8.fsp,2000,vj-inv,200,0.3,33644,3
ec0d8687-289a-4ed1-bed7-9280ef3770fd,2023-9-27 13:31,PFSP,tai20_20_8.fsp,2000,vj-inv,2000,0.2,33644,136
ec207f85-dc5f-45af-ae95-9a5d55db44e8,2023-9-28 15:55,PFSP,tai20_5_8.fsp,2000,vj-inv,200,0.5,14370,2
ec2c0191-96d0-4b56-aede-fe56608a663f,2023-9-28 15:55,PFSP,tai20_5_8.fsp,2000,vj-inv,200,0.2,14356,1
ec74e549-1017-421e-8770-bb08f578b0bd,2023-9-28 10:16,PFSP,tai100_10_9.fsp,10000,vj-inv,10000,0.3,296912,66928
ec777c6a-2865-44ca-9f74-f3b15f6f305b,2023-9-28 6:36,PFSP,tai100_10_9.fsp,10000,vj-inv,10000,0.3,297230,53764
ec904c03-5b17-465b-9709-3e6bae8a2183,2023-9-28 11:5,PFSP,tai200_10_9.fsp,20000,vj-inv,20000,0.5,1080229,69869
ec9fbfd3-d7fa-478b-ab69-195d8ac5c0e6,2023-9-28 16:12,PFSP,tai20_20_8.fsp,2000,vj-inv,200,0.3,33728,4
eccee55a-8f03-424b-be97-eccc11e5550a,2023-9-28 16:13,PFSP,tai50_10_9.fsp,5000,vj-inv,50,0.3,99965,3
ed51a8a4-4c55-4172-b1aa-efa30c058e76,2023-9-29 9:48,PFSP,tai100_10_9.fsp,10000,vj-inv,10000,0.3,296641,63286
edcfbe89-5bee-4dc4-8519-e858745d2ac7,2023-9-28 17:54,PFSP,tai200_10_9.fsp,20000,vj-inv,2000,0.5,1126973,5970
edeba2c5-0d66-4ac8-91bf-7ba6e9e4ebdf,2023-9-28 16:13,PFSP,tai100_10_9.fsp,10000,vj-inv,100,0.5,336998,29
ee3ccfd3-2cc5-4032-8903-d58498caa5e0,2023-9-28 16:12,PFSP,tai20_20_8.fsp,2000,vj-inv,200,0.5,33698,3
ee903234-e3ca-43ee-beb4-62e36564a6b3,2023-9-28 15:55,PFSP,tai20_5_8.fsp,2000,vj-inv,20,0.2,15255,0
eed661da-a1f1-4324-a057-69e9f3ff6bfd,2023-9-28 17:5,PFSP,tai200_10_9.fsp,20000,vj-inv,2000,0.3,1134853,3096
ef195acc-5cb9-4651-a112-3931a90845c4,2023-9-27 13:29,PFSP,tai50_10_9.fsp,5000,vj-inv,50,0.5,99101,4
ef595bc1-48b0-44eb-b4fc-be2a2a1160c9,2023-9-27 16:55,PFSP,tai200_10_9.fsp,20000,vj-inv,2000,0.2,1142750,4435
ef5a9ae4-53d8-45dc-8f3f-b1ca1facfa15,2023-9-28 17:33,PFSP,tai200_10_9.fsp,20000,vj-inv,2000,0.3,1136449,4792
ef68b961-a4ed-4cf0-9381-34333341abfe,2023-9-27 15:49,PFSP,tai200_10_9.fsp,20000,vj-inv,200,0.5,1201726,476
ef6984e0-9534-4230-8322-29bcf12cacc8,2023-9-28 16:48,PFSP,tai50_10_9.fsp,5000,vj-inv,5000,0.3,90999,2158
ef7637e3-12cb-4c4f-bb13-cd6407ab7d96,2023-9-27 13:29,PFSP,tai50_10_9.fsp,5000,vj-inv,50,0.3,99879,2
ef76a44c-e7a8-4a92-93f2-ede97b3fbe7a,2023-9-28 16:42,PFSP,tai50_10_9.fsp,5000,vj-inv,5000,0.2,89389,1749
ef9dbd7b-4b64-47cd-a544-5e945fd9fef5,2023-9-27 13:29,PFSP,tai20_20_8.fsp,2000,vj-inv,200,0.2,33693,3
efe31cc4-93af-4725-acf7-c239c92ebe32,2023-9-28 9:20,PFSP,tai200_10_9.fsp,20000,vj-inv,20000,0.3,1078836,63528
f06cd2f2-bf4e-4a58-ba91-5b583dcd02e2,2023-9-28 16:12,PFSP,tai20_20_8.fsp,2000,vj-inv,20,0.5,34416,0
f081611a-5412-4b4c-89e2-722e7c0bc601,2023-9-27 13:31,PFSP,tai20_5_8.fsp,2000,vj-inv,2000,0.3,14353,132
f088bb96-35bd-45fd-b722-a208fe1c82f6,2023-9-28 16:13,PFSP,tai50_10_9.fsp,5000,vj-inv,50,0.2,100481,2
f0fb084c-2678-4d92-bd6d-bd16cbc9428b,2023-9-28 16:22,PFSP,tai200_10_9.fsp,20000,vj-inv,200,0.3,1203758,283
f1799c1e-c0a2-4dce-8f75-569ced77b5e8,2023-9-28 16:13,PFSP,tai100_10_9.fsp,10000,vj-inv,100,0.2,343546,22
f18c1b93-a835-47f2-9ca8-5a6901d6ab31,2023-9-28 16:13,PFSP,tai50_10_9.fsp,5000,vj-inv,500,0.5,90049,49
f1d6f0ae-34e6-45a4-97ca-96d91c56e401,2023-9-28 15:55,PFSP,tai20_5_8.fsp,2000,vj-inv,20,0.5,14991,0
f1df72cf-23b6-48eb-a18a-eb66ff031966,2023-9-27 15:41,PFSP,tai100_10_9.fsp,10000,vj-inv,100,0.5,337228,28
f2bda015-1890-4191-af5c-46aba784cedc,2023-9-28 16:21,PFSP,tai200_10_9.fsp,20000,vj-inv,200,0.2,1215714,417
f2c02d39-3fb1-4c73-8f31-3b734981ac95,2023-9-29 9:44,PFSP,tai100_10_9.fsp,10000,vj-inv,10000,0.5,297339,63022
f2c79483-4aa9-43c5-b397-527cfd488e59,2023-9-27 13:29,PFSP,tai50_10_9.fsp,5000,vj-inv,50,0.2,100514,3
f2fa1293-16e0-4444-8a44-67703de3c14b,2023-9-28 16:14,PFSP,tai20_20_8.fsp,2000,vj-inv,2000,0.2,33644,129
f2ff4eb9-d955-4241-9171-fdef02b4bc4a,2023-9-28 16:14,PFSP,tai20_20_8.fsp,2000,vj-inv,2000,0.5,33644,131
f33fd686-c138-4ac5-8b17-66755ed881a1,2023-9-28 9:3,PFSP,tai200_10_9.fsp,20000,vj-inv,20000,0.3,1077515,62523
f3a4223e-fbcf-4a9e-a293-6ecddee4b5d6,2023-9-28 15:55,PFSP,tai20_5_8.fsp,2000,vj-inv,20,0.5,15087,0
f3a513bb-f357-440d-9ddd-09e0f9ae083f,2023-9-27 15:45,PFSP,tai200_10_9.fsp,20000,vj-inv,200,0.2,1212895,252
f3aa10f2-b048-42df-bd28-771d38616846,2023-9-27 14:17,PFSP,tai50_10_9.fsp,5000,vj-inv,5000,0.5,90000,2837
f3f29bdb-dcd9-4815-8385-4fb998c388dd,2023-9-27 13:29,PFSP,tai20_5_8.fsp,2000,vj-inv,20,0.5,15074,0
f3fcd6a8-7a14-47b2-84c3-81fd13683635,2023-9-27 13:29,PFSP,tai20_20_8.fsp,2000,vj-inv,200,0.3,33600,3
f4316776-1f44-4808-a3c5-c8b6e6cc56c3,2023-9-28 16:17,PFSP,tai100_10_9.fsp,10000,vj-inv,1000,0.2,321253,259
f43c8120-4db7-4b96-b94d-37771b754d39,2023-9-28 15:55,PFSP,tai20_5_8.fsp,2000,vj-inv,200,0.2,14344,1
f45d12d4-923b-4985-822a-e544844e6c71,2023-9-27 15:45,PFSP,tai200_10_9.fsp,20000,vj-inv,200,0.3,1204077,284
f4af27be-724f-4893-82f8-850b1b472e83,2023-9-28 16:12,PFSP,tai20_20_8.fsp,2000,vj-inv,20,0.5,34768,0
f5123ccf-dd2f-4539-a7e7-e674990012fc,2023-9-28 15:55,PFSP,tai20_5_8.fsp,2000,vj-inv,20,0.5,14684,0
f5297aad-4af4-47d9-bc1d-a29d3159fe20,2023-9-27 13:31,PFSP,tai20_5_8.fsp,2000,vj-inv,2000,0.2,14515,108
f5311f8b-9c62-48d1-a10d-7c5120e7ac0a,2023-9-28 15:56,PFSP,tai20_5_8.fsp,2000,vj-inv,2000,0.3,14515,72
f535bf7b-81be-4c3f-94b2-b7b5ae07b73b,2023-9-27 15:45,PFSP,tai200_10_9.fsp,20000,vj-inv,200,0.2,1214413,252
f6882dc0-1727-42e2-8048-8adeda07eaa7,2023-9-27 13:29,PFSP,tai20_5_8.fsp,2000,vj-inv,200,0.3,14515,2
f6ec7de4-4c3f-486f-b8ba-bcdbcc99199e,2023-9-28 16:15,PFSP,tai20_20_8.fsp,2000,vj-inv,2000,0.3,33644,138
f73c829c-45fd-4eaf-b645-a83d7038ce2b,2023-9-29 20:18,PFSP,tai200_10_9.fsp,20000,vj-inv,20000,0.5,1072150,101019
f76f3029-4c4b-4591-aa4f-00df358504af,2023-9-27 13:30,PFSP,tai50_10_9.fsp,5000,vj-inv,500,0.3,92646,27
f78ec604-d561-4623-84f9-0ba546611342,2023-9-28 15:55,PFSP,tai20_5_8.fsp,2000,vj-inv,200,0.3,14435,2
f7c24885-66cb-4dec-ba10-ab80572d0a04,2023-9-27 14:25,PFSP,tai50_10_9.fsp,5000,vj-inv,5000,0.3,90391,3353
f87330e2-05f7-4db9-aadc-2dae5404170a,2023-9-28 16:17,PFSP,tai100_10_9.fsp,10000,vj-inv,1000,0.3,318636,281
f8fe5b65-131e-4a14-9aff-459d5afbcc21,2023-9-27 16:27,PFSP,tai200_10_9.fsp,20000,vj-inv,2000,0.2,1144775,2762
f915880c-0e81-4eef-947d-4bda0a3cf3aa,2023-9-27 15:41,PFSP,tai100_10_9.fsp,10000,vj-inv,100,0.3,341289,24
f94c852c-4759-4d6a-8561-bcaa3fa465f0,2023-9-27 13:31,PFSP,tai20_5_8.fsp,2000,vj-inv,2000,0.3,14515,109
f9b7ef9d-542e-4dbc-bfb9-1f7416efdc9e,2023-9-28 16:12,PFSP,tai20_20_8.fsp,2000,vj-inv,20,0.3,34931,0
f9f013d4-e778-474a-be9b-a0ccdaf38072,2023-9-27 13:29,PFSP,tai20_20_8.fsp,2000,vj-inv,20,0.3,34890,0
f9fd6f06-8659-49cd-8e4a-d7f4a7f417ce,2023-9-27 14:44,PFSP,tai50_10_9.fsp,5000,vj-inv,5000,0.3,91043,4477
fa119295-4380-4ed2-9b07-df0b1d901b5f,2023-9-28 17:37,PFSP,tai50_10_9.fsp,5000,vj-inv,5000,0.3,89933,5087
fa1f9677-93e0-4d2c-a98f-74edc3ef7a99,2023-9-28 16:13,PFSP,tai20_20_8.fsp,2000,vj-inv,2000,0.3,33600,65
fa997e44-8547-4f1f-80f7-2e9165df1ae7,2023-9-27 13:29,PFSP,tai20_5_8.fsp,2000,vj-inv,20,0.2,15318,0
fac24967-9525-4e90-b7c8-3ac76bc1b9db,2023-9-27 13:29,PFSP,tai50_10_9.fsp,5000,vj-inv,50,0.5,98940,2
fb7bedf0-665f-4ff3-956d-fde1911ec306,2023-9-27 13:29,PFSP,tai50_10_9.fsp,5000,vj-inv,50,0.3,100077,4
fbe3887c-e40d-4e39-821e-5fcb9da26ee4,2023-9-27 13:29,PFSP,tai50_10_9.fsp,5000,vj-inv,50,0.3,98972,4
fc52c6eb-e1ec-489f-80cd-dee9d8f1bc4f,2023-9-28 16:13,PFSP,tai50_10_9.fsp,5000,vj-inv,50,0.5,98775,4
fc6c5c4f-a2d0-43c2-843d-fd0eb142ed9b,2023-9-27 16:43,PFSP,tai200_10_9.fsp,20000,vj-inv,2000,0.5,1120020,3721
fd2d06b8-9208-421c-90a1-7b6162d635bb,2023-9-28 16:13,PFSP,tai100_10_9.fsp,10000,vj-inv,100,0.3,342411,25
fd50e71e-928b-4824-9426-fd7e022a4d76,2023-9-27 15:46,PFSP,tai100_10_9.fsp,10000,vj-inv,1000,0.5,314197,315
fd996a28-7142-4a1e-bf71-07e6de67a07b,2023-9-27 13:31,PFSP,tai20_5_8.fsp,2000,vj-inv,2000,0.2,14353,150
fe0c5658-3383-4750-b1dc-5ffe887e91ea,2023-9-27 17:0,PFSP,tai200_10_9.fsp,20000,vj-inv,2000,0.3,1138679,4746
fe6d02ff-e9ab-44fe-ad05-1ec8f5585f46,2023-9-29 21:27,PFSP,tai200_10_9.fsp,20000,vj-inv,20000,0.5,1083258,104835
fe8ff85f-4286-48cd-a447-e61db320ae73,2023-9-28 16:21,PFSP,tai200_10_9.fsp,20000,vj-inv,200,0.2,1219173,431
febd3e45-f450-40cd-8965-b8686a943dcb,2023-9-28 10:18,PFSP,tai100_10_9.fsp,10000,vj-inv,10000,0.2,297222,67041
ff2bb8e1-82bc-44c4-816b-cd554952ad85,2023-9-27 13:29,PFSP,tai20_20_8.fsp,2000,vj-inv,20,0.5,34698,0
