algorithm,instance,instance size,pop size,trunc size,max iters,iteration,best fitness,elapsed time in secs
rk-eda,tai20_5_8,20,20,6,40000,40000,16189,1
rk-eda,tai20_5_8,20,200,60,40000,40000,15856,10
rk-eda,tai20_5_8,20,20,6,40000,40000,16224,1
rk-eda,tai20_20_8,20,2000,600,40000,40000,35267,151
rk-eda,tai50_10_9,50,500,100,250000,250000,103709,322
rk-eda,tai50_10_9,50,500,250,250000,250000,103818,328
rk-eda,tai20_20_8,20,2000,400,40000,40000,35205,151
rk-eda,tai20_5_8,20,2000,1000,40000,40000,15677,93
rk-eda,tai50_10_9,50,50,15,250000,250000,103454,33
rk-eda,tai20_20_8,20,200,60,40000,40000,35753,15
rk-eda,tai20_20_8,20,200,100,40000,40000,35435,15
rk-eda,tai100_10_9,100,10000,2000,1000000,1000000,352531,56854
rk-eda,tai20_5_8,20,200,100,40000,40000,15690,10
rk-eda,tai200_10_9,200,2000,600,4000000,4000000,1241205,78865
rk-eda,tai20_5_8,20,20,4,40000,40000,15945,1
rk-eda,tai100_10_9,100,1000,300,1000000,1000000,351705,10086
rk-eda,tai20_20_8,20,200,100,40000,40000,35696,14
rk-eda,tai100_10_9,100,100,50,1000000,1000000,352880,875
rk-eda,tai100_10_9,100,10000,3000,1000000,1000000,352701,46440
rk-eda,tai50_10_9,50,5000,2500,250000,250000,102715,3014
rk-eda,tai100_10_9,100,10000,3000,1000000,1000000,347911,86555
rk-eda,tai20_5_8,20,2000,400,40000,40000,15413,100
rk-eda,tai200_10_9,200,2000,400,4000000,4000000,1249438,78342
rk-eda,tai50_10_9,50,500,150,250000,250000,103353,572
rk-eda,tai50_10_9,50,50,25,250000,250000,105941,32
rk-eda,tai50_10_9,50,5000,1000,250000,250000,102293,3222
rk-eda,tai20_20_8,20,20,6,40000,40000,36247,1
rk-eda,tai200_10_9,200,200,60,4000000,4000000,1252414,13367
rk-eda,tai50_10_9,50,5000,1500,250000,250000,102620,5616
rk-eda,tai200_10_9,200,200,60,4000000,4000000,1260664,7671
rk-eda,tai200_10_9,200,2000,400,4000000,4000000,1250981,124906
rk-eda,tai100_10_9,100,100,20,1000000,1000000,357592,1023
rk-eda,tai50_10_9,50,5000,1500,250000,250000,101569,3244
rk-eda,tai100_10_9,100,100,20,1000000,1000000,356311,522
rk-eda,tai100_10_9,100,10000,5000,1000000,1000000,353467,45978
rk-eda,tai20_20_8,20,2000,600,40000,40000,35227,151
rk-eda,tai100_10_9,100,10000,5000,1000000,1000000,352570,49258
rk-eda,tai20_5_8,20,20,10,40000,40000,16472,1
rk-eda,tai100_10_9,100,100,20,1000000,1000000,354342,748
rk-eda,tai100_10_9,100,10000,3000,1000000,1000000,349522,46666
rk-eda,tai20_20_8,20,20,4,40000,40000,35897,2
rk-eda,tai200_10_9,200,2000,600,4000000,4000000,1250597,125517
rk-eda,tai50_10_9,50,50,25,250000,250000,104419,34
rk-eda,tai20_5_8,20,2000,1000,40000,40000,15633,54
rk-eda,tai50_10_9,50,50,25,250000,250000,104968,32
rk-eda,tai200_10_9,200,200,60,4000000,4000000,1254854,13525
rk-eda,tai20_5_8,20,200,100,40000,40000,15987,10
rk-eda,tai50_10_9,50,50,15,250000,250000,104131,32
rk-eda,tai100_10_9,100,100,20,1000000,1000000,354303,1059
rk-eda,tai20_20_8,20,2000,1000,40000,40000,35274,153
rk-eda,tai200_10_9,200,200,100,4000000,4000000,1258138,7633
rk-eda,tai50_10_9,50,5000,2500,250000,250000,101632,3332
rk-eda,tai20_20_8,20,2000,400,40000,40000,34975,273
rk-eda,tai100_10_9,100,100,50,1000000,1000000,353516,997
rk-eda,tai20_5_8,20,2000,600,40000,40000,15666,104
rk-eda,tai100_10_9,100,100,30,1000000,1000000,356903,887
rk-eda,tai20_5_8,20,20,6,40000,40000,16148,1
rk-eda,tai20_5_8,20,20,6,40000,40000,16148,1
rk-eda,tai200_10_9,200,200,100,4000000,4000000,1259050,13235
rk-eda,tai50_10_9,50,500,150,250000,250000,103695,317
rk-eda,tai20_20_8,20,200,40,40000,40000,35288,15
rk-eda,tai50_10_9,50,50,25,250000,250000,104273,33
rk-eda,tai20_20_8,20,200,40,40000,40000,35487,15
rk-eda,tai50_10_9,50,5000,1000,250000,250000,102043,3223
rk-eda,tai100_10_9,100,1000,200,1000000,1000000,352546,4869
rk-eda,tai20_5_8,20,20,6,40000,40000,16404,1
rk-eda,tai50_10_9,50,5000,2500,250000,250000,102051,3266
rk-eda,tai20_20_8,20,2000,600,40000,40000,35005,274
rk-eda,tai20_5_8,20,2000,1000,40000,40000,15227,56
rk-eda,tai20_20_8,20,200,100,40000,40000,35475,27
rk-eda,tai50_10_9,50,500,100,250000,250000,103944,331
rk-eda,tai200_10_9,200,200,40,4000000,4000000,1257784,7613
rk-eda,tai100_10_9,100,1000,300,1000000,1000000,353390,5020
rk-eda,tai20_20_8,20,20,6,40000,40000,35687,2
rk-eda,tai50_10_9,50,5000,1500,250000,250000,102191,3224
rk-eda,tai20_5_8,20,20,10,40000,40000,16263,1
rk-eda,tai50_10_9,50,500,250,250000,250000,103790,571
rk-eda,tai200_10_9,200,2000,400,4000000,4000000,1253450,124825
rk-eda,tai20_5_8,20,200,40,40000,40000,15865,6
rk-eda,tai50_10_9,50,5000,1000,250000,250000,101720,3152
rk-eda,tai20_20_8,20,2000,1000,40000,40000,35614,152
rk-eda,tai20_20_8,20,20,4,40000,40000,35842,1
rk-eda,tai200_10_9,200,200,60,4000000,4000000,1259086,7931
rk-eda,tai50_10_9,50,50,10,250000,250000,103234,33
rk-eda,tai100_10_9,100,10000,2000,1000000,1000000,349426,83086
rk-eda,tai200_10_9,200,2000,600,4000000,4000000,1253053,130142
rk-eda,tai20_5_8,20,20,4,40000,40000,16497,0
rk-eda,tai200_10_9,200,2000,1000,4000000,4000000,1251533,79474
rk-eda,tai20_20_8,20,20,6,40000,40000,35736,1
rk-eda,tai50_10_9,50,50,25,250000,250000,105562,32
rk-eda,tai200_10_9,200,2000,400,4000000,4000000,1249264,71793
rk-eda,tai20_20_8,20,20,6,40000,40000,35849,2
rk-eda,tai50_10_9,50,500,150,250000,250000,103838,322
rk-eda,tai200_10_9,200,2000,600,4000000,4000000,1239687,71143
rk-eda,tai50_10_9,50,5000,2500,250000,250000,102422,3192
rk-eda,tai50_10_9,50,5000,1000,250000,250000,101973,3241
rk-eda,tai20_20_8,20,20,10,40000,40000,36147,1
rk-eda,tai20_20_8,20,200,100,40000,40000,35296,15
rk-eda,tai20_20_8,20,20,4,40000,40000,35577,2
rk-eda,tai200_10_9,200,200,40,4000000,4000000,1248285,12657
rk-eda,tai100_10_9,100,100,30,1000000,1000000,357039,501
rk-eda,tai200_10_9,200,200,100,4000000,4000000,1263267,13744
rk-eda,tai100_10_9,100,10000,5000,1000000,1000000,347156,76650
rk-eda,tai20_5_8,20,2000,1000,40000,40000,15817,103
rk-eda,tai20_20_8,20,200,40,40000,40000,35580,15
rk-eda,tai20_5_8,20,20,10,40000,40000,15926,1
rk-eda,tai20_5_8,20,200,40,40000,40000,15918,5
rk-eda,tai200_10_9,200,200,100,4000000,4000000,1256362,12594
rk-eda,tai50_10_9,50,5000,2500,250000,250000,102249,3028
rk-eda,tai50_10_9,50,50,10,250000,250000,104822,49
rk-eda,tai100_10_9,100,100,50,1000000,1000000,356538,506
rk-eda,tai50_10_9,50,500,150,250000,250000,102928,561
rk-eda,tai50_10_9,50,5000,1500,250000,250000,102449,3219
rk-eda,tai100_10_9,100,1000,200,1000000,1000000,352159,9002
rk-eda,tai20_5_8,20,200,40,40000,40000,15966,9
rk-eda,tai20_5_8,20,200,40,40000,40000,15925,10
rk-eda,tai200_10_9,200,2000,600,4000000,4000000,1248901,71051
rk-eda,tai200_10_9,200,2000,1000,4000000,4000000,1239711,73812
rk-eda,tai20_5_8,20,200,40,40000,40000,15840,9
rk-eda,tai20_5_8,20,2000,400,40000,40000,15528,66
rk-eda,tai20_20_8,20,200,40,40000,40000,35352,27
rk-eda,tai20_5_8,20,2000,400,40000,40000,15655,99
rk-eda,tai20_20_8,20,2000,400,40000,40000,35210,273
rk-eda,tai20_5_8,20,2000,400,40000,40000,15834,102
rk-eda,tai100_10_9,100,10000,5000,1000000,1000000,350580,95243
rk-eda,tai50_10_9,50,500,100,250000,250000,102708,322
rk-eda,tai200_10_9,200,200,60,4000000,4000000,1255454,7931
rk-eda,tai100_10_9,100,10000,5000,1000000,1000000,349157,52721
rk-eda,tai50_10_9,50,50,10,250000,250000,105409,59
rk-eda,tai100_10_9,100,100,20,1000000,1000000,353546,1054
rk-eda,tai50_10_9,50,50,10,250000,250000,105459,32
rk-eda,tai20_20_8,20,20,10,40000,40000,35866,2
rk-eda,tai20_20_8,20,2000,600,40000,40000,35361,275
rk-eda,tai20_5_8,20,2000,600,40000,40000,15750,101
rk-eda,tai100_10_9,100,1000,200,1000000,1000000,353578,5499
rk-eda,tai50_10_9,50,5000,1000,250000,250000,102448,2957
rk-eda,tai20_5_8,20,20,4,40000,40000,16280,0
rk-eda,tai100_10_9,100,100,20,1000000,1000000,357225,496
rk-eda,tai50_10_9,50,50,15,250000,250000,105408,32
rk-eda,tai50_10_9,50,5000,1000,250000,250000,101602,5258
rk-eda,tai20_20_8,20,20,10,40000,40000,36211,2
rk-eda,tai50_10_9,50,50,10,250000,250000,103234,39
rk-eda,tai20_5_8,20,20,10,40000,40000,16360,0
rk-eda,tai20_5_8,20,20,6,40000,40000,15943,1
rk-eda,tai20_20_8,20,2000,1000,40000,40000,35157,153
rk-eda,tai20_20_8,20,200,60,40000,40000,35286,15
rk-eda,tai100_10_9,100,100,20,1000000,1000000,357691,517
rk-eda,tai200_10_9,200,200,40,4000000,4000000,1254347,13250
rk-eda,tai20_20_8,20,20,10,40000,40000,37281,1
rk-eda,tai20_20_8,20,2000,600,40000,40000,35333,278
rk-eda,tai20_20_8,20,2000,400,40000,40000,35203,151
rk-eda,tai50_10_9,50,50,15,250000,250000,104963,33
rk-eda,tai20_5_8,20,20,6,40000,40000,16250,1
rk-eda,tai100_10_9,100,10000,3000,1000000,1000000,349509,44947
rk-eda,tai200_10_9,200,2000,400,4000000,4000000,1242341,70659
rk-eda,tai200_10_9,200,2000,1000,4000000,4000000,1247955,80391
rk-eda,tai50_10_9,50,500,250,250000,250000,103737,569
rk-eda,tai50_10_9,50,5000,2500,250000,250000,102860,5645
rk-eda,tai100_10_9,100,10000,2000,1000000,1000000,351718,52040
rk-eda,tai200_10_9,200,2000,1000,4000000,4000000,1244075,79845
rk-eda,tai20_5_8,20,2000,400,40000,40000,15727,67
rk-eda,tai100_10_9,100,1000,500,1000000,1000000,351534,9976
rk-eda,tai100_10_9,100,10000,3000,1000000,1000000,347940,82083
rk-eda,tai20_20_8,20,2000,400,40000,40000,35169,151
rk-eda,tai200_10_9,200,2000,400,4000000,4000000,1248001,80313
rk-eda,tai20_20_8,20,2000,1000,40000,40000,35576,154
rk-eda,tai50_10_9,50,50,15,250000,250000,102970,31
rk-eda,tai20_20_8,20,200,100,40000,40000,35821,27
rk-eda,tai20_5_8,20,20,4,40000,40000,16269,1
rk-eda,tai200_10_9,200,2000,600,4000000,4000000,1251521,77113
rk-eda,tai20_5_8,20,2000,1000,40000,40000,15213,102
rk-eda,tai50_10_9,50,50,15,250000,250000,105616,33
rk-eda,tai100_10_9,100,10000,5000,1000000,1000000,350122,50951
rk-eda,tai200_10_9,200,2000,1000,4000000,4000000,1252170,79883
rk-eda,tai100_10_9,100,100,30,1000000,1000000,354884,990
rk-eda,tai20_5_8,20,200,100,40000,40000,15967,10
rk-eda,tai50_10_9,50,50,15,250000,250000,104566,31
rk-eda,tai100_10_9,100,1000,500,1000000,1000000,355377,5060
rk-eda,tai50_10_9,50,50,25,250000,250000,106032,32
rk-eda,tai100_10_9,100,1000,500,1000000,1000000,351357,4729
rk-eda,tai20_20_8,20,200,40,40000,40000,35682,14
rk-eda,tai100_10_9,100,100,20,1000000,1000000,355767,515
rk-eda,tai20_20_8,20,20,6,40000,40000,35511,1
rk-eda,tai200_10_9,200,2000,400,4000000,4000000,1247945,79551
rk-eda,tai100_10_9,100,100,50,1000000,1000000,361130,1024
rk-eda,tai200_10_9,200,200,40,4000000,4000000,1264045,7597
rk-eda,tai100_10_9,100,1000,500,1000000,1000000,353309,4788
rk-eda,tai20_5_8,20,2000,600,40000,40000,15823,55
rk-eda,tai20_20_8,20,20,10,40000,40000,37113,1
rk-eda,tai20_20_8,20,2000,400,40000,40000,35200,277
rk-eda,tai100_10_9,100,1000,300,1000000,1000000,354375,7678
rk-eda,tai20_20_8,20,2000,1000,40000,40000,35196,272
rk-eda,tai100_10_9,100,1000,500,1000000,1000000,353440,5457
rk-eda,tai200_10_9,200,2000,600,4000000,4000000,1253451,130641
rk-eda,tai100_10_9,100,1000,500,1000000,1000000,353496,10245
rk-eda,tai20_5_8,20,200,60,40000,40000,16060,9
rk-eda,tai100_10_9,100,100,50,1000000,1000000,360672,795
rk-eda,tai50_10_9,50,50,10,250000,250000,104199,31
rk-eda,tai20_20_8,20,20,6,40000,40000,35914,1
rk-eda,tai20_5_8,20,200,40,40000,40000,15773,8
rk-eda,tai100_10_9,100,10000,2000,1000000,1000000,350563,96565
rk-eda,tai20_5_8,20,2000,400,40000,40000,15378,70
rk-eda,tai20_5_8,20,2000,600,40000,40000,15638,103
rk-eda,tai100_10_9,100,10000,3000,1000000,1000000,350582,94638
rk-eda,tai20_20_8,20,200,100,40000,40000,36112,27
rk-eda,tai50_10_9,50,5000,1500,250000,250000,101982,3243
rk-eda,tai20_20_8,20,2000,600,40000,40000,35386,151
rk-eda,tai20_5_8,20,20,4,40000,40000,16481,1
rk-eda,tai100_10_9,100,10000,3000,1000000,1000000,351332,95077
rk-eda,tai100_10_9,100,10000,2000,1000000,1000000,350890,48084
rk-eda,tai200_10_9,200,200,40,4000000,4000000,1250511,7494
rk-eda,tai20_5_8,20,200,100,40000,40000,15909,5
rk-eda,tai100_10_9,100,1000,300,1000000,1000000,354071,7817
rk-eda,tai200_10_9,200,2000,400,4000000,4000000,1234226,78402
rk-eda,tai200_10_9,200,200,100,4000000,4000000,1264696,8037
rk-eda,tai20_20_8,20,200,60,40000,40000,35404,27
rk-eda,tai20_5_8,20,2000,400,40000,40000,15592,103
rk-eda,tai20_5_8,20,200,60,40000,40000,15900,5
rk-eda,tai50_10_9,50,500,250,250000,250000,103334,320
rk-eda,tai20_5_8,20,20,6,40000,40000,15848,0
rk-eda,tai100_10_9,100,100,50,1000000,1000000,357545,506
rk-eda,tai50_10_9,50,500,100,250000,250000,102632,572
rk-eda,tai20_5_8,20,200,60,40000,40000,15800,10
rk-eda,tai20_5_8,20,200,40,40000,40000,15815,10
rk-eda,tai20_20_8,20,200,40,40000,40000,35455,25
rk-eda,tai100_10_9,100,1000,300,1000000,1000000,352972,8733
rk-eda,tai100_10_9,100,1000,200,1000000,1000000,353257,4834
rk-eda,tai50_10_9,50,500,100,250000,250000,102314,314
rk-eda,tai50_10_9,50,50,10,250000,250000,104194,33
rk-eda,tai100_10_9,100,1000,200,1000000,1000000,351736,10059
rk-eda,tai50_10_9,50,5000,2500,250000,250000,102691,3263
rk-eda,tai200_10_9,200,2000,1000,4000000,4000000,1253446,105910
rk-eda,tai100_10_9,100,1000,200,1000000,1000000,351998,9891
rk-eda,tai50_10_9,50,5000,1500,250000,250000,102237,3242
rk-eda,tai50_10_9,50,5000,2500,250000,250000,102833,3282
rk-eda,tai50_10_9,50,50,25,250000,250000,104948,57
rk-eda,tai20_20_8,20,2000,400,40000,40000,35227,151
rk-eda,tai100_10_9,100,100,20,1000000,1000000,354067,976
rk-eda,tai20_20_8,20,200,40,40000,40000,35373,23
rk-eda,tai50_10_9,50,500,250,250000,250000,103836,320
rk-eda,tai50_10_9,50,500,100,250000,250000,102692,314
rk-eda,tai100_10_9,100,1000,300,1000000,1000000,354220,4718
rk-eda,tai200_10_9,200,2000,600,4000000,4000000,1242572,107391
rk-eda,tai100_10_9,100,1000,300,1000000,1000000,352403,8826
rk-eda,tai200_10_9,200,200,40,4000000,4000000,1259606,13428
rk-eda,tai20_5_8,20,200,60,40000,40000,15847,10
rk-eda,tai20_20_8,20,20,4,40000,40000,36006,2
rk-eda,tai20_20_8,20,200,60,40000,40000,35339,15
rk-eda,tai100_10_9,100,100,50,1000000,1000000,355368,506
rk-eda,tai20_5_8,20,2000,400,40000,40000,15655,55
rk-eda,tai100_10_9,100,100,30,1000000,1000000,356370,499
rk-eda,tai20_20_8,20,20,10,40000,40000,35964,1
rk-eda,tai20_20_8,20,200,100,40000,40000,35691,27
rk-eda,tai50_10_9,50,50,15,250000,250000,103652,32
rk-eda,tai50_10_9,50,5000,1000,250000,250000,101128,3164
rk-eda,tai100_10_9,100,100,20,1000000,1000000,355438,497
rk-eda,tai20_20_8,20,200,40,40000,40000,35207,26
rk-eda,tai20_20_8,20,20,4,40000,40000,36002,2
rk-eda,tai20_20_8,20,2000,1000,40000,40000,34980,272
rk-eda,tai200_10_9,200,2000,600,4000000,4000000,1251623,70895
rk-eda,tai100_10_9,100,1000,500,1000000,1000000,352008,8249
rk-eda,tai100_10_9,100,1000,200,1000000,1000000,353765,8213
rk-eda,tai20_20_8,20,20,4,40000,40000,35948,1
rk-eda,tai20_5_8,20,20,10,40000,40000,16331,1
rk-eda,tai50_10_9,50,50,25,250000,250000,106293,56
rk-eda,tai200_10_9,200,200,100,4000000,4000000,1256924,13549
rk-eda,tai20_5_8,20,2000,600,40000,40000,15599,53
rk-eda,tai200_10_9,200,2000,600,4000000,4000000,1252555,130639
rk-eda,tai50_10_9,50,5000,1500,250000,250000,101512,5271
rk-eda,tai50_10_9,50,50,15,250000,250000,103153,59
rk-eda,tai200_10_9,200,200,60,4000000,4000000,1246875,7380
rk-eda,tai100_10_9,100,10000,5000,1000000,1000000,351849,48121
rk-eda,tai20_20_8,20,20,4,40000,40000,35554,2
rk-eda,tai20_5_8,20,2000,1000,40000,40000,15560,61
rk-eda,tai20_5_8,20,200,100,40000,40000,16074,5
rk-eda,tai20_20_8,20,20,4,40000,40000,35881,1
rk-eda,tai200_10_9,200,2000,1000,4000000,4000000,1251993,130911
rk-eda,tai20_20_8,20,2000,1000,40000,40000,35123,263
rk-eda,tai100_10_9,100,100,30,1000000,1000000,359017,520
rk-eda,tai20_20_8,20,200,60,40000,40000,35550,14
rk-eda,tai100_10_9,100,10000,5000,1000000,1000000,353221,51130
rk-eda,tai20_20_8,20,2000,400,40000,40000,35241,151
rk-eda,tai50_10_9,50,500,150,250000,250000,102311,324
rk-eda,tai20_5_8,20,200,60,40000,40000,15229,5
rk-eda,tai20_20_8,20,2000,1000,40000,40000,35201,152
rk-eda,tai100_10_9,100,1000,500,1000000,1000000,353509,8666
rk-eda,tai20_5_8,20,20,10,40000,40000,16339,0
rk-eda,tai200_10_9,200,200,60,4000000,4000000,1264706,7664
rk-eda,tai20_20_8,20,200,100,40000,40000,35616,15
rk-eda,tai20_5_8,20,20,4,40000,40000,16041,0
rk-eda,tai20_20_8,20,2000,600,40000,40000,35306,153
rk-eda,tai20_5_8,20,20,10,40000,40000,16712,1
rk-eda,tai50_10_9,50,50,10,250000,250000,102095,37
rk-eda,tai100_10_9,100,10000,3000,1000000,1000000,349758,48026
rk-eda,tai20_5_8,20,200,100,40000,40000,16004,10
rk-eda,tai20_5_8,20,2000,1000,40000,40000,15629,55
rk-eda,tai20_5_8,20,20,4,40000,40000,16185,1
rk-eda,tai20_5_8,20,2000,600,40000,40000,15642,100
rk-eda,tai50_10_9,50,5000,1000,250000,250000,101926,3144
rk-eda,tai20_5_8,20,200,60,40000,40000,15576,9
rk-eda,tai20_20_8,20,200,60,40000,40000,35788,27
rk-eda,tai200_10_9,200,200,100,4000000,4000000,1267814,13686
rk-eda,tai20_20_8,20,20,10,40000,40000,36473,2
rk-eda,tai50_10_9,50,50,25,250000,250000,104113,32
rk-eda,tai20_5_8,20,2000,1000,40000,40000,15755,62
rk-eda,tai20_20_8,20,200,100,40000,40000,35431,15
rk-eda,tai20_5_8,20,20,10,40000,40000,16103,1
rk-eda,tai100_10_9,100,1000,300,1000000,1000000,353166,9907
rk-eda,tai20_5_8,20,200,100,40000,40000,15897,5
rk-eda,tai20_20_8,20,20,10,40000,40000,36389,2
rk-eda,tai20_5_8,20,2000,600,40000,40000,15481,100
rk-eda,tai200_10_9,200,200,40,4000000,4000000,1251297,7479
rk-eda,tai200_10_9,200,200,60,4000000,4000000,1254825,7693
rk-eda,tai20_20_8,20,20,6,40000,40000,36157,2
rk-eda,tai20_5_8,20,200,100,40000,40000,16073,10
rk-eda,tai50_10_9,50,500,250,250000,250000,102688,331
rk-eda,tai100_10_9,100,1000,300,1000000,1000000,353416,5175
rk-eda,tai200_10_9,200,200,40,4000000,4000000,1261846,7883
rk-eda,tai20_5_8,20,200,60,40000,40000,15815,10
rk-eda,tai20_20_8,20,200,100,40000,40000,35685,27
rk-eda,tai100_10_9,100,10000,2000,1000000,1000000,349390,48124
rk-eda,tai20_20_8,20,20,4,40000,40000,36066,2
rk-eda,tai20_5_8,20,2000,600,40000,40000,15633,103
rk-eda,tai50_10_9,50,50,25,250000,250000,103960,32
rk-eda,tai20_5_8,20,20,6,40000,40000,15827,0
rk-eda,tai200_10_9,200,2000,1000,4000000,4000000,1254326,73697
rk-eda,tai200_10_9,200,200,40,4000000,4000000,1254341,7891
rk-eda,tai50_10_9,50,50,10,250000,250000,105785,33
rk-eda,tai100_10_9,100,1000,200,1000000,1000000,353622,5024
rk-eda,tai100_10_9,100,10000,3000,1000000,1000000,350022,50361
rk-eda,tai200_10_9,200,2000,400,4000000,4000000,1243114,108417
rk-eda,tai20_5_8,20,2000,600,40000,40000,15565,52
rk-eda,tai100_10_9,100,100,50,1000000,1000000,358774,1019
rk-eda,tai20_5_8,20,200,100,40000,40000,15905,10
rk-eda,tai100_10_9,100,10000,5000,1000000,1000000,350902,47221
rk-eda,tai50_10_9,50,500,100,250000,250000,104087,331
rk-eda,tai50_10_9,50,50,10,250000,250000,104469,39
rk-eda,tai100_10_9,100,100,30,1000000,1000000,354852,1030
rk-eda,tai200_10_9,200,200,60,4000000,4000000,1253619,7516
rk-eda,tai100_10_9,100,10000,2000,1000000,1000000,350075,83646
rk-eda,tai50_10_9,50,500,250,250000,250000,103889,327
rk-eda,tai100_10_9,100,10000,2000,1000000,1000000,350263,57955
rk-eda,tai50_10_9,50,5000,1000,250000,250000,101404,3222
rk-eda,tai20_5_8,20,20,4,40000,40000,15992,1
rk-eda,tai20_5_8,20,200,40,40000,40000,15828,5
rk-eda,tai20_20_8,20,2000,600,40000,40000,35376,274
rk-eda,tai20_5_8,20,200,40,40000,40000,15844,10
rk-eda,tai200_10_9,200,2000,1000,4000000,4000000,1250203,106137
rk-eda,tai50_10_9,50,500,150,250000,250000,103155,330
rk-eda,tai20_20_8,20,2000,600,40000,40000,35434,275
rk-eda,tai50_10_9,50,5000,2500,250000,250000,101822,3195
rk-eda,tai200_10_9,200,200,40,4000000,4000000,1255175,7268
rk-eda,tai100_10_9,100,100,30,1000000,1000000,356704,583
rk-eda,tai100_10_9,100,100,50,1000000,1000000,358108,886
rk-eda,tai200_10_9,200,2000,1000,4000000,4000000,1254931,71717
rk-eda,tai20_5_8,20,20,10,40000,40000,15819,1
rk-eda,tai50_10_9,50,500,100,250000,250000,102937,497
rk-eda,tai100_10_9,100,100,30,1000000,1000000,357008,868
rk-eda,tai20_20_8,20,2000,1000,40000,40000,34992,263
rk-eda,tai20_5_8,20,20,6,40000,40000,16075,1
rk-eda,tai20_20_8,20,20,10,40000,40000,37027,3
rk-eda,tai50_10_9,50,500,150,250000,250000,103846,316
rk-eda,tai20_20_8,20,2000,400,40000,40000,35276,271
rk-eda,tai20_5_8,20,2000,400,40000,40000,15470,53
rk-eda,tai50_10_9,50,500,250,250000,250000,104050,326
rk-eda,tai20_5_8,20,200,60,40000,40000,16039,9
rk-eda,tai20_5_8,20,2000,1000,40000,40000,15732,104
rk-eda,tai100_10_9,100,1000,500,1000000,1000000,356221,10067
rk-eda,tai50_10_9,50,5000,1500,250000,250000,102661,2970
rk-eda,tai200_10_9,200,200,60,4000000,4000000,1263925,12741
rk-eda,tai100_10_9,100,100,30,1000000,1000000,353943,1001
rk-eda,tai20_5_8,20,20,10,40000,40000,16426,1
rk-eda,tai100_10_9,100,10000,5000,1000000,1000000,350577,44057
rk-eda,tai100_10_9,100,1000,200,1000000,1000000,350759,8918
rk-eda,tai20_5_8,20,2000,1000,40000,40000,15740,65
rk-eda,tai50_10_9,50,500,150,250000,250000,103834,329
rk-eda,tai100_10_9,100,100,50,1000000,1000000,356062,506
rk-eda,tai100_10_9,100,1000,500,1000000,1000000,354414,5087
rk-eda,tai20_20_8,20,2000,1000,40000,40000,35389,276
rk-eda,tai20_5_8,20,20,4,40000,40000,16229,1
rk-eda,tai200_10_9,200,200,100,4000000,4000000,1255934,8028
rk-eda,tai50_10_9,50,500,100,250000,250000,103794,336
rk-eda,tai20_20_8,20,20,6,40000,40000,36012,2
rk-eda,tai100_10_9,100,100,30,1000000,1000000,356559,498
rk-eda,tai100_10_9,100,10000,2000,1000000,1000000,351002,46348
rk-eda,tai50_10_9,50,500,100,250000,250000,103423,323
rk-eda,tai50_10_9,50,500,250,250000,250000,102431,318
rk-eda,tai50_10_9,50,500,250,250000,250000,101843,321
rk-eda,tai20_5_8,20,200,40,40000,40000,15880,6
rk-eda,tai100_10_9,100,10000,2000,1000000,1000000,350910,53133
rk-eda,tai100_10_9,100,1000,200,1000000,1000000,353588,4844
rk-eda,tai20_20_8,20,200,60,40000,40000,35598,15
rk-eda,tai20_20_8,20,2000,400,40000,40000,35226,274
rk-eda,tai50_10_9,50,5000,1000,250000,250000,101809,5665
rk-eda,tai20_20_8,20,20,4,40000,40000,36839,1
rk-eda,tai200_10_9,200,200,100,4000000,4000000,1262180,7487
rk-eda,tai20_5_8,20,2000,600,40000,40000,15581,103
rk-eda,tai100_10_9,100,10000,3000,1000000,1000000,351375,50419
rk-eda,tai200_10_9,200,2000,400,4000000,4000000,1239826,68573
rk-eda,tai50_10_9,50,500,150,250000,250000,103448,323
rk-eda,tai20_20_8,20,20,6,40000,40000,35648,2
rk-eda,tai20_20_8,20,200,60,40000,40000,35678,27
rk-eda,tai20_5_8,20,200,60,40000,40000,15865,10
rk-eda,tai20_20_8,20,200,60,40000,40000,35665,27
rk-eda,tai20_20_8,20,20,10,40000,40000,36330,1
rk-eda,tai20_20_8,20,200,60,40000,40000,35308,27
rk-eda,tai50_10_9,50,5000,2500,250000,250000,103114,3193
rk-eda,tai50_10_9,50,5000,1500,250000,250000,102351,3221
rk-eda,tai20_20_8,20,200,40,40000,40000,35371,27
rk-eda,tai50_10_9,50,50,15,250000,250000,105693,56
rk-eda,tai20_5_8,20,20,4,40000,40000,16354,0
rk-eda,tai20_5_8,20,200,100,40000,40000,15930,10
rk-eda,tai200_10_9,200,200,100,4000000,4000000,1262256,7410
rk-eda,tai100_10_9,100,1000,300,1000000,1000000,353109,9924
rk-eda,tai20_20_8,20,200,40,40000,40000,35357,15
rk-eda,tai50_10_9,50,500,150,250000,250000,103725,336
rk-eda,tai20_20_8,20,2000,600,40000,40000,35296,151
rk-eda,tai50_10_9,50,5000,1500,250000,250000,101639,3251
rk-eda,tai20_20_8,20,20,6,40000,40000,36807,2
rk-eda,tai20_5_8,20,2000,400,40000,40000,15514,52
rk-eda,N-stabu70,60,60,12,360000,360000,289182,60
rk-eda,tai20_5_8,20,200,60,40000,40000,16009,10
rk-eda,tai20_5_8,20,200,40,40000,40000,15895,5
rk-eda,tai50_10_9,50,500,150,250000,250000,103551,317
rk-eda,N-stabu70,60,600,180,360000,360000,304795,574
rk-eda,tai50_10_9,50,500,100,250000,250000,103980,322
rk-eda,N-stabu70,60,6000,1200,360000,360000,303257,5568
rk-eda,tai20_20_8,20,200,40,40000,40000,35594,16
rk-eda,tai50_10_9,50,5000,2500,250000,250000,102949,6326
rk-eda,tai100_10_8,100,1000,500,1000000,1000000,362905,4508
rk-eda,tai20_5_8,20,20,4,40000,40000,16136,1
rk-eda,tai20_20_8,20,20,4,40000,40000,36278,2
rk-eda,N-be75eec,50,50,25,250000,250000,202729,24
rk-eda,N-be75eec,50,5000,1000,250000,250000,206586,4437
rk-eda,N-be75eec,50,5000,2500,250000,250000,205594,2391
rk-eda,tai20_5_8,20,200,60,40000,40000,15870,10
rk-eda,N-stabu70,60,600,120,360000,360000,307043,573
rk-eda,tai100_10_8,100,1000,300,1000000,1000000,360156,4657
rk-eda,tai100_10_8,100,100,30,1000000,1000000,362226,499
rk-eda,N-stabu70,60,60,18,360000,360000,285632,61
rk-eda,tai20_5_8,20,2000,400,40000,40000,15667,95
rk-eda,N-stabu70,60,600,300,360000,360000,291542,589
rk-eda,tai20_20_8,20,2000,600,40000,40000,35325,154
rk-eda,tai20_5_8,20,2000,1000,40000,40000,15655,56
rk-eda,N-stabu70,60,600,120,360000,360000,299739,570
rk-eda,tai20_20_8,20,200,40,40000,40000,35629,15
rk-eda,tai20_5_8,20,2000,600,40000,40000,15780,98
rk-eda,tai20_5_8,20,200,60,40000,40000,15805,9
rk-eda,N-be75eec,50,50,15,250000,250000,200146,25
rk-eda,N-stabu70,60,6000,1800,360000,360000,303523,5573
rk-eda,N-stabu70,60,6000,3000,360000,360000,301527,5637
rk-eda,tai50_10_9,50,5000,2500,250000,250000,102049,3189
rk-eda,tai100_10_8,100,10000,2000,1000000,1000000,354591,44607
rk-eda,tai50_10_9,50,50,15,250000,250000,103951,59
rk-eda,N-stabu70,60,60,30,360000,360000,284436,62
rk-eda,tai20_5_8,20,20,10,40000,40000,15953,1
rk-eda,tai20_20_8,20,20,6,40000,40000,36966,1
rk-eda,tai100_10_8,100,100,50,1000000,1000000,364493,505
rk-eda,N-stabu70,60,6000,1800,360000,360000,306174,5633
rk-eda,tai20_20_8,20,20,10,40000,40000,35853,2
rk-eda,N-stabu70,60,6000,1200,360000,360000,304040,5520
rk-eda,tai20_5_8,20,200,40,40000,40000,16100,6
rk-eda,N-stabu70,60,600,180,360000,360000,297242,578
rk-eda,tai20_5_8,20,2000,1000,40000,40000,15889,99
rk-eda,N-stabu70,60,6000,1800,360000,360000,302025,5546
rk-eda,tai20_20_8,20,200,40,40000,40000,35073,26
rk-eda,tai20_20_8,20,2000,1000,40000,40000,35329,273
rk-eda,tai20_20_8,20,200,100,40000,40000,35618,26
rk-eda,tai50_10_9,50,5000,1500,250000,250000,102833,5288
rk-eda,tai50_10_9,50,500,150,250000,250000,101497,640
rk-eda,tai20_5_8,20,2000,400,40000,40000,15624,58
rk-eda,N-stabu70,60,6000,1800,360000,360000,305485,5032
rk-eda,tai100_10_8,100,10000,2000,1000000,1000000,355977,44642
rk-eda,N-stabu70,60,60,18,360000,360000,292236,61
rk-eda,N-be75eec,50,50,10,250000,250000,202167,28
rk-eda,tai100_10_8,100,100,30,1000000,1000000,363263,500
rk-eda,N-stabu70,60,600,300,360000,360000,299644,582
rk-eda,tai50_10_9,50,500,250,250000,250000,103707,538
rk-eda,tai20_5_8,20,20,6,40000,40000,16396,1
rk-eda,tai100_10_8,100,100,50,1000000,1000000,365089,832
rk-eda,tai20_5_8,20,200,100,40000,40000,15790,10
rk-eda,tai20_20_8,20,200,100,40000,40000,35669,27
rk-eda,N-stabu70,60,60,12,360000,360000,287879,60
rk-eda,tai20_20_8,20,200,40,40000,40000,35331,15
rk-eda,N-be75eec,50,50,15,250000,250000,200930,51
rk-eda,N-stabu70,60,600,300,360000,360000,295868,583
rk-eda,tai50_10_9,50,5000,1000,250000,250000,101892,3538
rk-eda,N-be75eec,50,50,15,250000,250000,202402,25
rk-eda,tai20_5_8,20,2000,1000,40000,40000,15664,54
rk-eda,N-stabu70,60,60,30,360000,360000,286402,62
rk-eda,tai20_5_8,20,2000,600,40000,40000,15493,96
rk-eda,N-stabu70,60,60,30,360000,360000,295791,62
rk-eda,tai20_5_8,20,2000,400,40000,40000,15688,58
rk-eda,N-be75eec,50,50,15,250000,250000,201253,25
rk-eda,tai20_20_8,20,200,40,40000,40000,35369,15
rk-eda,tai100_10_8,100,100,30,1000000,1000000,363787,499
rk-eda,tai50_10_9,50,50,25,250000,250000,104442,32
rk-eda,tai20_5_8,20,2000,1000,40000,40000,15786,57
rk-eda,tai100_10_8,100,100,20,1000000,1000000,361714,495
rk-eda,N-be75eec,50,500,250,250000,250000,204686,423
rk-eda,N-stabu70,60,6000,3000,360000,360000,300627,5635
rk-eda,tai50_10_9,50,5000,1500,250000,250000,102865,3142
rk-eda,N-be75eec,50,500,150,250000,250000,203702,436
rk-eda,tai20_20_8,20,200,40,40000,40000,35581,26
rk-eda,tai20_5_8,20,2000,600,40000,40000,15576,96
rk-eda,N-be75eec,50,500,100,250000,250000,203714,278
rk-eda,tai20_5_8,20,2000,400,40000,40000,15464,58
rk-eda,tai100_10_8,100,100,50,1000000,1000000,364973,507
rk-eda,tai20_5_8,20,20,10,40000,40000,16441,1
rk-eda,tai20_20_8,20,200,100,40000,40000,36164,28
rk-eda,tai50_10_9,50,5000,1500,250000,250000,101511,3159
rk-eda,tai20_20_8,20,20,4,40000,40000,35556,2
rk-eda,tai100_10_8,100,100,20,1000000,1000000,365030,609
rk-eda,tai20_5_8,20,2000,1000,40000,40000,15581,97
rk-eda,tai100_10_8,100,10000,5000,1000000,1000000,359104,45476
rk-eda,tai20_5_8,20,20,10,40000,40000,16357,1
rk-eda,tai50_10_9,50,50,25,250000,250000,103931,64
rk-eda,N-stabu70,60,60,30,360000,360000,296985,93
rk-eda,tai50_10_9,50,500,100,250000,250000,102658,647
rk-eda,tai100_10_8,100,1000,200,1000000,1000000,358911,5719
rk-eda,tai50_10_9,50,500,100,250000,250000,103950,315
rk-eda,tai100_10_8,100,100,20,1000000,1000000,361860,498
rk-eda,tai20_20_8,20,2000,400,40000,40000,35277,252
rk-eda,tai100_10_8,100,10000,5000,1000000,1000000,356246,45989
rk-eda,N-be75eec,50,500,100,250000,250000,204692,541
rk-eda,tai20_20_8,20,200,40,40000,40000,35403,26
rk-eda,tai20_5_8,20,200,40,40000,40000,15784,5
rk-eda,tai20_20_8,20,2000,400,40000,40000,35217,252
rk-eda,tai50_10_9,50,5000,1000,250000,250000,101320,5215
rk-eda,tai20_20_8,20,2000,1000,40000,40000,35383,180
rk-eda,N-be75eec,50,5000,1500,250000,250000,205805,4128
rk-eda,N-be75eec,50,500,100,250000,250000,204762,522
rk-eda,N-stabu70,60,6000,1200,360000,360000,304919,5528
rk-eda,tai100_10_8,100,100,20,1000000,1000000,358965,902
rk-eda,tai50_10_9,50,50,15,250000,250000,103830,65
rk-eda,tai50_10_9,50,500,150,250000,250000,103806,323
rk-eda,tai50_10_9,50,500,250,250000,250000,102976,328
rk-eda,N-be75eec,50,500,250,250000,250000,204489,444
rk-eda,N-be75eec,50,5000,1500,250000,250000,207368,4493
rk-eda,tai50_10_9,50,500,250,250000,250000,104152,327
rk-eda,tai20_5_8,20,200,100,40000,40000,16178,10
rk-eda,tai20_20_8,20,2000,400,40000,40000,35277,154
rk-eda,tai20_5_8,20,200,60,40000,40000,15930,10
rk-eda,N-stabu70,60,6000,3000,360000,360000,301262,5700
rk-eda,N-be75eec,50,50,10,250000,250000,203587,25
rk-eda,tai20_20_8,20,2000,1000,40000,40000,35481,275
rk-eda,N-stabu70,60,600,180,360000,360000,299854,576
rk-eda,tai20_5_8,20,20,6,40000,40000,15880,1
rk-eda,tai100_10_8,100,1000,200,1000000,1000000,360233,4622
rk-eda,N-stabu70,60,600,120,360000,360000,302047,568
rk-eda,tai20_20_8,20,2000,400,40000,40000,35019,271
rk-eda,N-stabu70,60,6000,1200,360000,360000,304957,5666
rk-eda,N-stabu70,60,60,30,360000,360000,286355,62
rk-eda,tai100_10_8,100,1000,300,1000000,1000000,357484,4658
rk-eda,N-be75eec,50,50,25,250000,250000,203409,44
rk-eda,tai50_10_9,50,5000,1000,250000,250000,102253,3649
rk-eda,N-stabu70,60,600,300,360000,360000,292956,587
rk-eda,tai50_10_9,50,50,25,250000,250000,104732,33
rk-eda,N-be75eec,50,500,150,250000,250000,206739,430
rk-eda,N-be75eec,50,500,150,250000,250000,205728,266
rk-eda,N-be75eec,50,50,15,250000,250000,199952,43
rk-eda,tai100_10_8,100,100,30,1000000,1000000,360670,499
rk-eda,N-be75eec,50,50,10,250000,250000,204036,42
rk-eda,N-stabu70,60,6000,1800,360000,360000,304769,5555
rk-eda,tai50_10_9,50,500,100,250000,250000,103951,347
rk-eda,N-stabu70,60,600,180,360000,360000,295649,577
rk-eda,N-be75eec,50,500,150,250000,250000,203481,483
rk-eda,tai100_10_8,100,10000,5000,1000000,1000000,357627,46200
rk-eda,tai20_20_8,20,20,6,40000,40000,36317,1
rk-eda,tai20_5_8,20,200,40,40000,40000,15920,6
rk-eda,tai20_5_8,20,2000,400,40000,40000,15727,58
rk-eda,tai20_5_8,20,200,60,40000,40000,15984,5
rk-eda,N-stabu70,60,60,12,360000,360000,291891,60
rk-eda,tai20_5_8,20,2000,400,40000,40000,15590,57
rk-eda,tai20_20_8,20,200,40,40000,40000,35781,15
rk-eda,tai50_10_9,50,50,10,250000,250000,104947,66
rk-eda,tai20_20_8,20,20,10,40000,40000,36729,2
rk-eda,tai20_20_8,20,20,10,40000,40000,35613,1
rk-eda,tai50_10_9,50,50,15,250000,250000,104972,33
rk-eda,tai20_5_8,20,200,40,40000,40000,15706,6
rk-eda,N-be75eec,50,50,25,250000,250000,201003,52
rk-eda,N-be75eec,50,5000,1500,250000,250000,206062,4593
rk-eda,tai20_20_8,20,200,100,40000,40000,35465,27
rk-eda,N-be75eec,50,5000,2500,250000,250000,204928,4016
rk-eda,tai50_10_9,50,500,250,250000,250000,101742,653
rk-eda,tai20_20_8,20,2000,400,40000,40000,35256,154
rk-eda,tai50_10_9,50,50,10,250000,250000,104988,33
rk-eda,N-stabu70,60,60,12,360000,360000,285693,60
rk-eda,tai20_20_8,20,2000,600,40000,40000,35301,271
rk-eda,N-be75eec,50,500,250,250000,250000,205294,426
rk-eda,N-stabu70,60,600,120,360000,360000,298196,573
rk-eda,tai20_5_8,20,20,4,40000,40000,15873,2
rk-eda,tai50_10_9,50,5000,2500,250000,250000,102417,3177
rk-eda,tai20_20_8,20,200,100,40000,40000,35582,26
rk-eda,tai20_5_8,20,20,10,40000,40000,16100,1
rk-eda,tai20_20_8,20,200,100,40000,40000,35737,15
rk-eda,tai50_10_9,50,5000,2500,250000,250000,101880,5178
rk-eda,tai20_5_8,20,2000,600,40000,40000,15805,98
rk-eda,tai50_10_9,50,5000,2500,250000,250000,101067,3032
rk-eda,N-stabu70,60,600,180,360000,360000,294507,574
rk-eda,tai100_10_8,100,100,20,1000000,1000000,362118,977
rk-eda,tai50_10_9,50,5000,1000,250000,250000,102401,3125
rk-eda,tai20_20_8,20,20,4,40000,40000,35814,4
rk-eda,N-be75eec,50,500,100,250000,250000,205660,521
rk-eda,tai20_20_8,20,2000,400,40000,40000,35189,271
rk-eda,tai20_5_8,20,2000,400,40000,40000,15451,94
rk-eda,tai20_5_8,20,20,4,40000,40000,16138,1
rk-eda,tai100_10_8,100,1000,500,1000000,1000000,359181,8088
rk-eda,N-be75eec,50,50,25,250000,250000,202721,50
rk-eda,N-stabu70,60,600,180,360000,360000,300281,581
rk-eda,N-be75eec,50,50,15,250000,250000,200959,42
rk-eda,tai50_10_9,50,500,150,250000,250000,103751,323
rk-eda,N-stabu70,60,600,120,360000,360000,303351,574
rk-eda,tai50_10_9,50,5000,1000,250000,250000,101781,6337
rk-eda,N-be75eec,50,5000,2500,250000,250000,204179,2425
rk-eda,tai100_10_8,100,100,20,1000000,1000000,361074,502
rk-eda,tai20_20_8,20,20,10,40000,40000,36648,1
rk-eda,tai100_10_8,100,1000,300,1000000,1000000,360413,7868
rk-eda,tai100_10_8,100,100,30,1000000,1000000,363302,816
rk-eda,N-stabu70,60,60,30,360000,360000,290255,62
rk-eda,N-be75eec,50,50,10,250000,250000,202502,25
rk-eda,tai20_5_8,20,2000,600,40000,40000,15688,57
rk-eda,N-stabu70,60,60,18,360000,360000,295985,61
rk-eda,tai20_20_8,20,2000,1000,40000,40000,35179,266
rk-eda,tai50_10_9,50,5000,1500,250000,250000,102399,6297
rk-eda,tai50_10_9,50,5000,1000,250000,250000,101527,3156
rk-eda,tai50_10_9,50,5000,1500,250000,250000,102245,5231
rk-eda,tai20_20_8,20,200,60,40000,40000,35567,26
rk-eda,N-be75eec,50,500,100,250000,250000,203965,288
rk-eda,tai100_10_8,100,1000,500,1000000,1000000,358097,4721
rk-eda,N-be75eec,50,5000,2500,250000,250000,204969,4414
rk-eda,tai20_20_8,20,20,4,40000,40000,35360,2
rk-eda,N-stabu70,60,6000,1800,360000,360000,304141,5602
rk-eda,tai100_10_8,100,1000,500,1000000,1000000,358046,4699
rk-eda,N-stabu70,60,600,120,360000,360000,295842,567
rk-eda,tai20_20_8,20,20,6,40000,40000,36633,3
rk-eda,N-be75eec,50,5000,1000,250000,250000,206769,2973
rk-eda,N-stabu70,60,6000,1800,360000,360000,302512,5617
rk-eda,tai50_10_9,50,50,25,250000,250000,105325,56
rk-eda,tai20_5_8,20,200,40,40000,40000,15887,9
rk-eda,tai20_5_8,20,2000,600,40000,40000,15650,95
rk-eda,tai50_10_9,50,50,10,250000,250000,104442,35
rk-eda,tai100_10_8,100,1000,500,1000000,1000000,358819,8071
rk-eda,tai50_10_9,50,50,10,250000,250000,103957,57
rk-eda,tai50_10_9,50,500,150,250000,250000,103325,526
rk-eda,tai50_10_9,50,5000,1000,250000,250000,101861,6492
rk-eda,tai20_20_8,20,200,100,40000,40000,35722,15
rk-eda,tai20_20_8,20,20,6,40000,40000,35826,2
rk-eda,tai20_20_8,20,200,60,40000,40000,35536,26
rk-eda,N-stabu70,60,60,12,360000,360000,291223,90
rk-eda,N-be75eec,50,5000,1500,250000,250000,207137,2476
rk-eda,tai20_20_8,20,200,40,40000,40000,35501,15
rk-eda,N-be75eec,50,500,150,250000,250000,206679,255
rk-eda,tai100_10_8,100,10000,3000,1000000,1000000,358161,44659
rk-eda,tai20_20_8,20,2000,400,40000,40000,35165,250
rk-eda,tai50_10_9,50,50,15,250000,250000,105218,55
rk-eda,N-stabu70,60,6000,1200,360000,360000,302071,5516
rk-eda,N-be75eec,50,500,150,250000,250000,205320,428
rk-eda,tai20_20_8,20,2000,600,40000,40000,35157,154
rk-eda,N-stabu70,60,6000,1800,360000,360000,306968,5574
rk-eda,tai100_10_8,100,10000,2000,1000000,1000000,354471,44368
rk-eda,tai100_10_8,100,10000,5000,1000000,1000000,357214,45407
rk-eda,N-be75eec,50,500,150,250000,250000,204033,491
rk-eda,tai50_10_9,50,500,100,250000,250000,103508,322
rk-eda,tai20_5_8,20,2000,1000,40000,40000,15524,55
rk-eda,tai20_20_8,20,2000,600,40000,40000,35260,154
rk-eda,tai100_10_8,100,1000,200,1000000,1000000,359782,4626
rk-eda,tai100_10_8,100,1000,300,1000000,1000000,355986,4686
rk-eda,tai100_10_8,100,1000,500,1000000,1000000,358952,7942
rk-eda,tai100_10_8,100,100,50,1000000,1000000,366157,1007
rk-eda,tai20_20_8,20,2000,1000,40000,40000,35385,155
rk-eda,tai20_20_8,20,200,60,40000,40000,35073,26
rk-eda,tai50_10_9,50,500,100,250000,250000,103973,353
rk-eda,N-stabu70,60,600,300,360000,360000,297012,584
rk-eda,N-be75eec,50,50,25,250000,250000,202183,52
rk-eda,tai100_10_8,100,1000,300,1000000,1000000,358904,4663
rk-eda,tai100_10_8,100,10000,5000,1000000,1000000,355641,45730
rk-eda,tai50_10_9,50,500,100,250000,250000,103109,550
rk-eda,tai50_10_9,50,50,15,250000,250000,104487,32
rk-eda,tai100_10_8,100,1000,200,1000000,1000000,359050,4986
rk-eda,tai20_20_8,20,2000,600,40000,40000,35391,271
rk-eda,tai20_5_8,20,2000,600,40000,40000,15646,94
rk-eda,N-be75eec,50,5000,1000,250000,250000,208009,4415
rk-eda,tai20_5_8,20,2000,600,40000,40000,15546,98
rk-eda,tai100_10_8,100,1000,500,1000000,1000000,358577,4721
rk-eda,tai50_10_9,50,5000,1500,250000,250000,102046,6243
rk-eda,tai100_10_8,100,1000,200,1000000,1000000,359383,6083
rk-eda,tai100_10_8,100,1000,500,1000000,1000000,360882,4725
rk-eda,N-be75eec,50,5000,1500,250000,250000,208765,4537
rk-eda,tai50_10_9,50,5000,1000,250000,250000,102123,3167
rk-eda,N-be75eec,50,500,250,250000,250000,203370,250
rk-eda,tai50_10_9,50,500,150,250000,250000,103037,639
rk-eda,tai20_20_8,20,2000,1000,40000,40000,35201,179
rk-eda,tai100_10_8,100,100,30,1000000,1000000,361045,992
rk-eda,tai20_5_8,20,2000,600,40000,40000,15734,98
rk-eda,tai20_20_8,20,20,6,40000,40000,35898,2
rk-eda,tai20_20_8,20,2000,600,40000,40000,35358,154
rk-eda,N-be75eec,50,5000,1000,250000,250000,206898,2655
rk-eda,tai20_5_8,20,200,100,40000,40000,16048,10
rk-eda,tai100_10_8,100,100,30,1000000,1000000,362321,614
rk-eda,tai20_20_8,20,20,10,40000,40000,36444,2
rk-eda,tai20_5_8,20,20,4,40000,40000,16384,1
rk-eda,N-stabu70,60,60,12,360000,360000,294230,60
rk-eda,N-be75eec,50,5000,2500,250000,250000,205144,2433
rk-eda,tai20_5_8,20,2000,1000,40000,40000,15272,100
rk-eda,tai20_20_8,20,2000,400,40000,40000,35168,155
rk-eda,tai50_10_9,50,50,25,250000,250000,104085,58
rk-eda,tai20_20_8,20,2000,400,40000,40000,35093,154
rk-eda,tai20_20_8,20,200,60,40000,40000,35837,26
rk-eda,tai50_10_9,50,5000,1500,250000,250000,101858,3141
rk-eda,tai20_5_8,20,200,40,40000,40000,15920,10
rk-eda,tai20_20_8,20,20,6,40000,40000,36778,3
rk-eda,tai20_20_8,20,20,10,40000,40000,36155,1
rk-eda,N-stabu70,60,60,18,360000,360000,297705,61
rk-eda,tai20_5_8,20,20,6,40000,40000,16059,1
rk-eda,N-stabu70,60,600,180,360000,360000,296706,921
rk-eda,N-be75eec,50,5000,1500,250000,250000,207250,2498
rk-eda,N-stabu70,60,60,18,360000,360000,292767,91
rk-eda,N-be75eec,50,500,100,250000,250000,204549,465
rk-eda,N-stabu70,60,60,12,360000,360000,292215,60
rk-eda,tai50_10_9,50,5000,1000,250000,250000,102188,3118
rk-eda,tai50_10_9,50,50,10,250000,250000,103780,67
rk-eda,N-be75eec,50,5000,1000,250000,250000,206844,2476
rk-eda,tai20_20_8,20,2000,600,40000,40000,35381,274
rk-eda,N-be75eec,50,500,150,250000,250000,203190,434
rk-eda,tai20_20_8,20,20,6,40000,40000,36055,2
rk-eda,tai20_20_8,20,20,10,40000,40000,36326,2
rk-eda,N-stabu70,60,6000,3000,360000,360000,306762,5713
rk-eda,N-stabu70,60,6000,3000,360000,360000,302173,5687
rk-eda,tai20_20_8,20,200,60,40000,40000,35317,15
rk-eda,tai20_20_8,20,2000,1000,40000,40000,35452,155
rk-eda,N-be75eec,50,50,10,250000,250000,202339,43
rk-eda,tai100_10_8,100,1000,200,1000000,1000000,358995,9473
rk-eda,tai100_10_8,100,1000,300,1000000,1000000,357913,9492
rk-eda,N-stabu70,60,60,30,360000,360000,287284,62
rk-eda,N-stabu70,60,60,18,360000,360000,291226,62
rk-eda,tai20_5_8,20,200,100,40000,40000,16069,10
rk-eda,N-be75eec,50,50,15,250000,250000,200863,51
rk-eda,tai50_10_9,50,50,25,250000,250000,105367,64
rk-eda,tai20_20_8,20,200,60,40000,40000,35553,26
rk-eda,N-be75eec,50,500,100,250000,250000,203123,274
rk-eda,tai100_10_8,100,10000,2000,1000000,1000000,356008,44854
rk-eda,tai20_5_8,20,20,10,40000,40000,16181,1
rk-eda,tai100_10_8,100,100,20,1000000,1000000,363442,496
rk-eda,tai100_10_8,100,10000,2000,1000000,1000000,356622,42287
rk-eda,N-be75eec,50,500,150,250000,250000,205603,492
rk-eda,tai20_5_8,20,20,10,40000,40000,16238,1
rk-eda,N-be75eec,50,5000,2500,250000,250000,206001,2430
rk-eda,tai20_5_8,20,2000,400,40000,40000,15657,59
rk-eda,N-stabu70,60,60,18,360000,360000,284778,61
rk-eda,tai20_5_8,20,200,40,40000,40000,15802,10
rk-eda,N-stabu70,60,60,30,360000,360000,292140,62
rk-eda,tai20_20_8,20,20,4,40000,40000,35971,2
rk-eda,tai50_10_9,50,500,250,250000,250000,103266,653
rk-eda,N-stabu70,60,600,300,360000,360000,298666,585
rk-eda,tai100_10_8,100,10000,3000,1000000,1000000,356136,73020
rk-eda,tai20_20_8,20,20,4,40000,40000,36245,1
rk-eda,tai20_20_8,20,20,10,40000,40000,35966,3
rk-eda,N-be75eec,50,50,15,250000,250000,200261,51
rk-eda,N-be75eec,50,5000,1500,250000,250000,206316,4090
rk-eda,tai20_20_8,20,20,4,40000,40000,36162,1
rk-eda,N-stabu70,60,60,12,360000,360000,283994,60
rk-eda,tai20_20_8,20,200,60,40000,40000,35602,26
rk-eda,N-be75eec,50,5000,1000,250000,250000,207471,4878
rk-eda,N-be75eec,50,500,250,250000,250000,203578,474
rk-eda,tai100_10_8,100,1000,500,1000000,1000000,359547,8030
rk-eda,N-be75eec,50,5000,1000,250000,250000,208162,3606
rk-eda,tai100_10_8,100,10000,2000,1000000,1000000,356111,44587
rk-eda,tai20_5_8,20,20,6,40000,40000,15920,1
rk-eda,tai50_10_9,50,50,15,250000,250000,104855,32
rk-eda,N-stabu70,60,600,120,360000,360000,299512,571
rk-eda,tai50_10_9,50,50,10,250000,250000,104770,70
rk-eda,N-stabu70,60,6000,1800,360000,360000,302328,5602
rk-eda,N-be75eec,50,50,15,250000,250000,201072,42
rk-eda,tai20_5_8,20,2000,1000,40000,40000,15626,99
rk-eda,N-stabu70,60,6000,3000,360000,360000,302775,5075
rk-eda,N-be75eec,50,500,250,250000,250000,204274,426
rk-eda,tai20_5_8,20,200,40,40000,40000,15902,9
rk-eda,tai100_10_8,100,1000,500,1000000,1000000,359859,4721
rk-eda,N-stabu70,60,600,120,360000,360000,300859,570
rk-eda,N-stabu70,60,60,30,360000,360000,280309,62
rk-eda,tai100_10_8,100,10000,5000,1000000,1000000,358030,45565
rk-eda,tai20_20_8,20,200,60,40000,40000,35825,15
rk-eda,N-be75eec,50,5000,1500,250000,250000,208082,2459
rk-eda,tai50_10_9,50,5000,1500,250000,250000,101852,5131
rk-eda,tai20_5_8,20,20,4,40000,40000,16701,1
rk-eda,tai20_5_8,20,200,100,40000,40000,15875,5
rk-eda,tai20_5_8,20,200,60,40000,40000,15956,9
rk-eda,N-be75eec,50,5000,1000,250000,250000,207331,2440
rk-eda,tai50_10_9,50,500,100,250000,250000,101845,516
rk-eda,tai20_20_8,20,2000,1000,40000,40000,35613,155
rk-eda,tai100_10_8,100,10000,3000,1000000,1000000,354142,44883
rk-eda,tai20_5_8,20,200,100,40000,40000,16015,10
rk-eda,N-stabu70,60,6000,3000,360000,360000,301500,5632
rk-eda,tai20_5_8,20,200,60,40000,40000,15497,10
rk-eda,tai20_20_8,20,2000,1000,40000,40000,35178,273
rk-eda,N-stabu70,60,6000,1200,360000,360000,305659,5002
rk-eda,tai20_5_8,20,200,100,40000,40000,15673,5
rk-eda,tai20_5_8,20,20,10,40000,40000,16135,0
rk-eda,tai50_10_9,50,50,25,250000,250000,103858,65
rk-eda,N-stabu70,60,6000,3000,360000,360000,311146,5713
rk-eda,tai20_5_8,20,20,10,40000,40000,15919,1
rk-eda,tai20_20_8,20,200,60,40000,40000,35248,26
rk-eda,tai100_10_8,100,1000,200,1000000,1000000,356684,4623
rk-eda,tai20_5_8,20,20,4,40000,40000,16037,1
rk-eda,tai20_20_8,20,20,4,40000,40000,35564,1
rk-eda,tai100_10_8,100,1000,200,1000000,1000000,358826,4621
rk-eda,tai50_10_9,50,50,10,250000,250000,104870,57
rk-eda,tai50_10_9,50,500,250,250000,250000,104141,642
rk-eda,tai20_5_8,20,20,10,40000,40000,16643,1
rk-eda,tai20_20_8,20,200,60,40000,40000,35326,15
rk-eda,N-be75eec,50,5000,2500,250000,250000,204944,2672
rk-eda,tai100_10_8,100,100,50,1000000,1000000,362276,506
rk-eda,N-be75eec,50,500,250,250000,250000,203455,251
rk-eda,tai100_10_8,100,100,20,1000000,1000000,363367,498
rk-eda,tai50_10_9,50,500,250,250000,250000,101535,321
rk-eda,N-be75eec,50,50,25,250000,250000,202442,41
rk-eda,tai20_5_8,20,20,10,40000,40000,16278,1
rk-eda,N-stabu70,60,6000,1200,360000,360000,305311,5571
rk-eda,N-be75eec,50,50,25,250000,250000,207627,44
rk-eda,N-be75eec,50,50,25,250000,250000,202683,25
rk-eda,tai20_20_8,20,20,6,40000,40000,35959,2
rk-eda,tai100_10_8,100,1000,300,1000000,1000000,359699,4734
rk-eda,tai100_10_8,100,1000,300,1000000,1000000,359864,7941
rk-eda,tai100_10_8,100,100,30,1000000,1000000,362616,821
rk-eda,tai20_20_8,20,20,6,40000,40000,36237,3
rk-eda,tai50_10_9,50,500,250,250000,250000,101129,649
rk-eda,tai20_20_8,20,20,10,40000,40000,35563,2
rk-eda,tai50_10_9,50,5000,1000,250000,250000,102309,3262
rk-eda,N-stabu70,60,6000,1200,360000,360000,303915,5530
rk-eda,tai100_10_8,100,10000,2000,1000000,1000000,352733,48189
rk-eda,tai50_10_9,50,500,250,250000,250000,103005,542
rk-eda,N-stabu70,60,60,12,360000,360000,286556,65
rk-eda,tai20_20_8,20,20,4,40000,40000,36145,2
rk-eda,N-be75eec,50,500,100,250000,250000,203721,258
rk-eda,tai50_10_9,50,50,10,250000,250000,104628,99
rk-eda,tai20_5_8,20,2000,1000,40000,40000,15849,95
rk-eda,N-stabu70,60,6000,3000,360000,360000,298653,5648
rk-eda,tai20_20_8,20,200,100,40000,40000,35760,15
rk-eda,tai20_5_8,20,200,100,40000,40000,16009,10
rk-eda,tai20_5_8,20,200,40,40000,40000,15720,9
rk-eda,tai50_10_9,50,500,150,250000,250000,103041,540
rk-eda,N-stabu70,60,600,300,360000,360000,293891,583
rk-eda,tai20_20_8,20,20,4,40000,40000,36472,2
rk-eda,tai50_10_9,50,5000,1500,250000,250000,101448,6223
rk-eda,N-be75eec,50,500,100,250000,250000,204377,434
rk-eda,tai50_10_9,50,50,25,250000,250000,105877,55
rk-eda,N-stabu70,60,6000,1800,360000,360000,307545,5567
rk-eda,tai20_5_8,20,20,4,40000,40000,15893,0
rk-eda,tai100_10_8,100,10000,3000,1000000,1000000,354379,45233
rk-eda,tai20_5_8,20,200,100,40000,40000,16158,10
rk-eda,N-be75eec,50,50,25,250000,250000,202483,24
rk-eda,tai20_5_8,20,2000,400,40000,40000,15579,56
rk-eda,N-be75eec,50,50,10,250000,250000,202834,94
rk-eda,tai100_10_8,100,10000,2000,1000000,1000000,353564,47852
rk-eda,N-be75eec,50,50,10,250000,250000,201243,51
rk-eda,N-be75eec,50,5000,1500,250000,250000,207201,4182
rk-eda,N-stabu70,60,600,300,360000,360000,294652,584
rk-eda,tai50_10_9,50,50,15,250000,250000,104811,66
rk-eda,N-stabu70,60,60,12,360000,360000,296663,61
rk-eda,N-stabu70,60,6000,1200,360000,360000,302685,5526
rk-eda,N-be75eec,50,50,15,250000,250000,203531,25
rk-eda,tai20_5_8,20,20,4,40000,40000,16460,1
rk-eda,tai50_10_9,50,500,250,250000,250000,103405,542
rk-eda,tai50_10_9,50,500,150,250000,250000,102649,653
rk-eda,N-stabu70,60,6000,3000,360000,360000,299381,5708
rk-eda,tai100_10_8,100,100,30,1000000,1000000,361612,499
rk-eda,tai20_20_8,20,2000,600,40000,40000,35300,272
rk-eda,tai20_20_8,20,200,40,40000,40000,35259,25
rk-eda,tai20_5_8,20,200,60,40000,40000,15892,10
rk-eda,tai100_10_8,100,1000,300,1000000,1000000,360075,4680
rk-eda,tai20_5_8,20,20,6,40000,40000,16182,1
rk-eda,N-stabu70,60,60,18,360000,360000,281400,61
rk-eda,tai100_10_8,100,100,20,1000000,1000000,363796,816
rk-eda,tai50_10_9,50,50,15,250000,250000,105262,56
rk-eda,N-be75eec,50,5000,1000,250000,250000,206412,4815
rk-eda,N-be75eec,50,5000,1500,250000,250000,205649,4082
rk-eda,N-be75eec,50,500,250,250000,250000,204515,251
rk-eda,N-be75eec,50,500,150,250000,250000,203339,251
rk-eda,tai100_10_8,100,100,30,1000000,1000000,362672,817
rk-eda,tai20_20_8,20,2000,1000,40000,40000,35190,155
rk-eda,N-stabu70,60,600,300,360000,360000,302114,545
rk-eda,tai20_5_8,20,20,4,40000,40000,16061,1
rk-eda,tai20_5_8,20,20,6,40000,40000,15858,1
rk-eda,tai20_20_8,20,2000,600,40000,40000,35173,272
rk-eda,tai20_20_8,20,2000,400,40000,40000,35222,248
rk-eda,tai100_10_8,100,100,50,1000000,1000000,365244,568
rk-eda,tai50_10_9,50,5000,2500,250000,250000,100678,3249
rk-eda,N-stabu70,60,60,30,360000,360000,283011,62
rk-eda,tai20_20_8,20,200,100,40000,40000,35598,26
rk-eda,tai100_10_8,100,100,50,1000000,1000000,363527,503
rk-eda,tai100_10_8,100,10000,3000,1000000,1000000,357213,44891
rk-eda,tai100_10_8,100,100,50,1000000,1000000,363849,503
rk-eda,N-stabu70,60,60,18,360000,360000,292000,61
rk-eda,tai20_5_8,20,20,6,40000,40000,16174,1
rk-eda,tai20_5_8,20,20,6,40000,40000,16181,1
rk-eda,tai20_20_8,20,20,6,40000,40000,36018,1
rk-eda,tai50_10_9,50,500,150,250000,250000,103924,538
rk-eda,tai20_20_8,20,20,10,40000,40000,36209,2
rk-eda,N-stabu70,60,60,18,360000,360000,296223,61
rk-eda,tai20_5_8,20,2000,1000,40000,40000,15633,57
rk-eda,tai50_10_9,50,50,25,250000,250000,105966,32
rk-eda,N-be75eec,50,50,25,250000,250000,199743,41
rk-eda,tai20_5_8,20,200,60,40000,40000,15812,5
rk-eda,tai20_5_8,20,2000,400,40000,40000,15261,98
rk-eda,N-be75eec,50,50,10,250000,250000,200699,25
rk-eda,N-be75eec,50,50,10,250000,250000,201424,43
rk-eda,N-be75eec,50,50,10,250000,250000,201399,51
rk-eda,tai20_20_8,20,2000,600,40000,40000,35340,264
rk-eda,tai100_10_8,100,1000,200,1000000,1000000,356715,4623
rk-eda,tai100_10_8,100,100,50,1000000,1000000,364454,837
rk-eda,tai100_10_8,100,10000,2000,1000000,1000000,357082,44587
rk-eda,tai100_10_8,100,100,20,1000000,1000000,361740,810
rk-eda,tai50_10_9,50,5000,2500,250000,250000,102222,3194
rk-eda,N-be75eec,50,5000,2500,250000,250000,205984,2385
rk-eda,N-be75eec,50,500,250,250000,250000,203793,317
rk-eda,tai50_10_9,50,50,10,250000,250000,105046,33
rk-eda,tai20_20_8,20,200,100,40000,40000,35685,26
rk-eda,N-stabu70,60,600,300,360000,360000,308050,934
rk-eda,tai50_10_9,50,500,100,250000,250000,103129,353
rk-eda,tai50_10_9,50,500,150,250000,250000,103557,643
rk-eda,N-be75eec,50,500,100,250000,250000,203978,257
rk-eda,N-stabu70,60,600,120,360000,360000,293582,572
rk-eda,N-stabu70,60,600,180,360000,360000,302389,573
rk-eda,tai50_10_9,50,5000,2500,250000,250000,102994,6219
rk-eda,tai100_10_8,100,10000,5000,1000000,1000000,355436,45560
rk-eda,tai50_10_9,50,5000,1500,250000,250000,102907,6375
rk-eda,N-stabu70,60,600,180,360000,360000,296674,575
rk-eda,N-stabu70,60,6000,1200,360000,360000,306005,5586
rk-eda,tai100_10_8,100,1000,200,1000000,1000000,358016,7903
rk-eda,N-be75eec,50,5000,1000,250000,250000,205690,2443
rk-eda,tai20_5_8,20,20,6,40000,40000,16192,1
rk-eda,tai20_5_8,20,200,100,40000,40000,15892,10
rk-eda,tai20_5_8,20,200,60,40000,40000,15691,10
rk-eda,N-be75eec,50,5000,2500,250000,250000,205863,2612
rk-eda,tai20_5_8,20,2000,600,40000,40000,15659,56
rk-eda,tai100_10_8,100,1000,300,1000000,1000000,358166,4668
rk-eda,tai50_10_9,50,500,100,250000,250000,104051,637
rk-eda,N-be75eec,50,500,250,250000,250000,204455,447
rk-eda,tai50_10_9,50,5000,2500,250000,250000,101758,3739
rk-eda,tai100_10_8,100,10000,3000,1000000,1000000,355022,45052
rk-eda,tai100_10_8,100,10000,3000,1000000,1000000,355630,44860
rk-eda,tai100_10_8,100,10000,3000,1000000,1000000,358351,44932
rk-eda,tai50_10_9,50,50,15,250000,250000,105137,64
rk-eda,tai100_10_8,100,10000,2000,1000000,1000000,353214,48155
rk-eda,tai100_10_8,100,100,50,1000000,1000000,367531,503
rk-eda,N-stabu70,60,600,180,360000,360000,292814,573
rk-eda,tai20_5_8,20,20,4,40000,40000,16135,1
rk-eda,tai50_10_9,50,50,25,250000,250000,104911,64
rk-eda,tai50_10_9,50,50,10,250000,250000,104550,33
rk-eda,tai20_5_8,20,20,6,40000,40000,15691,0
rk-eda,tai50_10_9,50,50,15,250000,250000,103166,65
rk-eda,N-be75eec,50,5000,2500,250000,250000,207534,3998
rk-eda,tai50_10_9,50,5000,2500,250000,250000,102239,5280
rk-eda,N-stabu70,60,600,120,360000,360000,296190,567
rk-eda,tai200_10_9,200,2000,1000,4000000,4000000,1245793,74857
rk-eda,tai200_10_9,200,2000,1000,4000000,4000000,1255856,79472
rk-eda,tai200_10_9,200,2000,400,4000000,4000000,1247509,73340
rk-eda,tai200_10_9,200,2000,400,4000000,4000000,1239763,73260
rk-eda,tai200_10_9,200,2000,400,4000000,4000000,1245846,100777
rk-eda,tai200_10_9,200,2000,1000,4000000,4000000,1252309,74823
rk-eda,tai200_10_9,200,2000,400,4000000,4000000,1252517,73189
rk-eda,tai200_10_9,200,200,60,4000000,4000000,1258052,7884
rk-eda,tai200_10_9,200,2000,600,4000000,4000000,1239852,73723
rk-eda,tai200_10_9,200,200,40,4000000,4000000,1260454,7837
rk-eda,tai200_10_9,200,200,40,4000000,4000000,1256040,7848
rk-eda,tai200_10_9,200,2000,1000,4000000,4000000,1249532,74065
rk-eda,tai200_10_9,200,200,60,4000000,4000000,1257668,8000
rk-eda,tai200_10_9,200,2000,600,4000000,4000000,1248840,73842
rk-eda,tai200_10_9,200,200,100,4000000,4000000,1255997,7998
rk-eda,tai200_10_9,200,2000,1000,4000000,4000000,1251643,74785
rk-eda,tai200_10_9,200,200,100,4000000,4000000,1253209,8019
rk-eda,tai200_10_9,200,200,40,4000000,4000000,1257436,7826
rk-eda,tai200_10_9,200,200,100,4000000,4000000,1261574,7996
rk-eda,tai200_10_9,200,200,100,4000000,4000000,1254721,8005
rk-eda,tai200_10_9,200,2000,1000,4000000,4000000,1254474,74857
rk-eda,tai200_10_9,200,2000,1000,4000000,4000000,1238172,78801
rk-eda,tai200_10_9,200,200,40,4000000,4000000,1257983,7839
rk-eda,tai200_10_9,200,200,60,4000000,4000000,1253502,7900
rk-eda,tai200_10_9,200,200,40,4000000,4000000,1257245,8118
rk-eda,tai200_10_9,200,2000,400,4000000,4000000,1251537,72604
rk-eda,tai200_10_9,200,200,100,4000000,4000000,1257774,7993
rk-eda,tai200_10_9,200,200,100,4000000,4000000,1261042,8010
rk-eda,tai200_10_9,200,200,60,4000000,4000000,1255575,7895
rk-eda,tai200_10_9,200,200,100,4000000,4000000,1248184,10862
rk-eda,tai200_10_9,200,2000,400,4000000,4000000,1252339,73260
rk-eda,tai200_10_9,200,2000,400,4000000,4000000,1245291,73174
rk-eda,tai200_10_9,200,2000,400,4000000,4000000,1247628,73122
rk-eda,tai200_10_9,200,2000,600,4000000,4000000,1248987,73790
rk-eda,tai200_10_9,200,200,100,4000000,4000000,1262901,8001
rk-eda,tai200_10_9,200,200,60,4000000,4000000,1254303,7909
rk-eda,tai200_10_9,200,2000,1000,4000000,4000000,1255079,74804
rk-eda,tai200_10_9,200,200,60,4000000,4000000,1252691,7882
rk-eda,tai200_10_9,200,200,100,4000000,4000000,1262673,7990
rk-eda,tai200_10_9,200,2000,600,4000000,4000000,1253564,73842
rk-eda,tai200_10_9,200,200,40,4000000,4000000,1257680,7886
rk-eda,tai200_10_9,200,200,40,4000000,4000000,1260901,8072
rk-eda,tai200_10_9,200,200,100,4000000,4000000,1248983,7991
rk-eda,tai200_10_9,200,200,40,4000000,4000000,1260718,7831
rk-eda,tai200_10_9,200,2000,600,4000000,4000000,1251287,73744
rk-eda,tai200_10_9,200,2000,400,4000000,4000000,1246300,73376
rk-eda,tai200_10_9,200,200,60,4000000,4000000,1255580,7886
rk-eda,tai200_10_9,200,2000,600,4000000,4000000,1251707,76623
rk-eda,tai200_10_9,200,200,60,4000000,4000000,1259036,7887
rk-eda,tai200_10_9,200,200,60,4000000,4000000,1258628,7892
rk-eda,tai200_10_9,200,2000,600,4000000,4000000,1241756,73860
rk-eda,tai200_10_9,200,2000,600,4000000,4000000,1248200,73670
rk-eda,tai200_10_9,200,2000,400,4000000,4000000,1236025,73297
rk-eda,tai200_10_9,200,200,40,4000000,4000000,1256893,8074
rk-eda,tai200_10_9,200,2000,600,4000000,4000000,1244213,73755
rk-eda,tai200_10_9,200,2000,600,4000000,4000000,1235984,73695
rk-eda,tai200_10_9,200,200,40,4000000,4000000,1261402,7835
rk-eda,tai200_10_9,200,2000,1000,4000000,4000000,1248141,74725
rk-eda,tai200_10_9,200,200,60,4000000,4000000,1263020,7914
rk-eda,tai200_10_9,200,2000,1000,4000000,4000000,1246750,74777
